date,site,product_name,price_eur,url
2026-04-30,trovaincasso.it,"Insinkerator 1974550 Dissipatore  EVOLUTION PLUS 550 EC Tecnologia a due fasi - Potenza 0,55 HP",264.74,https://www.trovaincasso.it/quickview/index/view/id/27239
2026-04-30,trovaincasso.it,"Insinkerator 1974700 Dissipatore  PREMIUM 700 EC. Tecnologia a due fasi Potenza 0,75 HP Con tappo salvaposate",435.54,https://www.trovaincasso.it/quickview/index/view/id/27240
2026-04-30,trovaincasso.it,"Insinkerator 1974750 Dissipatore ADVANCED EVOLUTION PLUS 750 EC. Tecnologia a tre fasi - Potenza 0,75 HP - Con tappo salvaposate",656.36,https://www.trovaincasso.it/quickview/index/view/id/27241
2026-04-30,trovaincasso.it,"Insinkerator 1974100 Dissipatore ADVANCED EVOLUTION PLUS 1000 EC - Tecnologia a 4 fasi - Potenza 1,00 HP  - Con tappo salvaposate",824.72,https://www.trovaincasso.it/quickview/index/view/id/27242
2026-04-30,trovaincasso.it,Insinkerator ART. 1975078 MODELLO LC-50 PROFESSIONAL Dissipatore ecologico professionale con tappo salvaposate,1150.46,https://www.trovaincasso.it/quickview/index/view/id/27243
2026-04-30,trovaincasso.it,Insinkerator ART. 1975075 Tappo salvaposate,34.16,https://www.trovaincasso.it/quickview/index/view/id/27244
2026-04-30,trovaincasso.it,Insinkerator ART. 1975511 Kit raccordo lavastoviglie,39.04,https://www.trovaincasso.it/quickview/index/view/id/27246
2026-04-30,trovaincasso.it,Insinkerator ART. 1975512 Kit collegamento troppopieno,61.0,https://www.trovaincasso.it/quickview/index/view/id/27247
2026-04-30,trovaincasso.it,Insinkerator 1508165 Blancocare Liquido concentrato per gli scarichi,67.1,https://www.trovaincasso.it/quickview/index/view/id/27248
2026-04-30,trovaincasso.it,Insinkerator ART. 1975491 Kit collarino lavelli in marmo fino a spessore 50 mm.,73.2,https://www.trovaincasso.it/quickview/index/view/id/27245
2026-04-30,amazon.it,"Insinkerator Premium 550 EC - Tritatutto per rifiuti da cucina con motore a induzione da 0,5 CV e interruttore dell'aria",360.0,https://www.amazon.it/s?k=insinkerator+tritarifiuti
2026-04-30,amazon.it,"Insinkerator Premium 700 EC - Tritatutto per rifiuti da cucina con motore a induzione da 0,75 CV e interruttore dell'aria",509.0,https://www.amazon.it/s?k=insinkerator+tritarifiuti
2026-04-30,amazon.it,Insinkerator Evolution Plus 1000 EC - Tritatutto da cucina con motore a induzione da 1 CV con interruttore dell'aria,889.0,https://www.amazon.it/s?k=insinkerator+tritarifiuti
2026-04-30,amazon.it,"Insinkerator Evolution Plus 750 EC - Tritatutto da cucina con motore a induzione da 0,75 CV con interruttore dell'aria",665.0,https://www.amazon.it/s?k=insinkerator+tritarifiuti
2026-04-30,amazon.it,InSinkErator Standard 460,299.0,https://www.amazon.it/s?k=insinkerator+tritarifiuti
2026-04-30,amazon.it,"InSinkErator Sistema di smaltimento dei rifiuti Alimentari, Acciaio Inossidabile, Rosso, 31,1 x 22 x 31,1 cm",615.13,https://www.amazon.it/s?k=insinkerator+tritarifiuti
2026-04-30,amazon.it,"InSinkErator Badger 500, Smaltimento rifiuti da cucina ad alimentazione continua da 1/2 HP, serie Badger BADGER 500",168.93,https://www.amazon.it/s?k=insinkerator+tritarifiuti
2026-04-30,amazon.it,"Artist CNTR333 smaltimento rifiuti, Nero",345.06,https://www.amazon.it/s?k=insinkerator+tritarifiuti
2026-04-30,amazon.it,"Smaltimento Rifiuti, Tritarifiuti Alimentare, Tritarifiuti per Lavello Cucina, Acciaio Inossidabile, 7.5 HP 2800 giri/min, Tritarifiuti Magnetico, Silenzioso con Interruttore, Tritarifiuti Alimentari.",178.85,https://www.amazon.it/s?k=insinkerator+tritarifiuti
2026-04-30,amazon.it,"InSinkErator in-Sink-ERATOR/MASTERPLUMBER MP 1/2HP Dissipatore Rifiuti, Acciaio Legato, 1",196.76,https://www.amazon.it/s?k=insinkerator+tritarifiuti
2026-04-30,amazon.it,"VEVOR Tritarifiuti per Lavello da Cucina, 0,74 kW, Sistema di Smaltimento Rifiuti Alimentari in Acciaio Inox, Motore CC, Supporto EZ, 3960 giri/min, con Cavo di Alimentazione, Paraspruzzi per la Casa",112.03,https://www.amazon.it/s?k=insinkerator+tritarifiuti
2026-04-30,amazon.it,InSinkErator PRO750 Pro Series 3/4 HP Food Waste Disposal with Evolution Series Technology,404.2,https://www.amazon.it/s?k=insinkerator+tritarifiuti
2026-04-30,amazon.it,"BLANCO FWD Lite | Tritatutto da cucina 0,5 CV | Smaltimento rifiuti per lavello in cucina | Tritatutto per lo smaltimento di residui di cibo e rifiuti alimentari | Capacità 900 ml",258.13,https://www.amazon.it/s?k=insinkerator+tritarifiuti
2026-04-30,amazon.it,"INSINKERATOR LEDefense Flangia per lo smaltimento dei rifiuti, accessorio antimicrobico LED per smaltimento rifiuti INSINKERATOR, FLG-SS-LED",128.87,https://www.amazon.it/s?k=insinkerator+tritarifiuti
2026-04-30,amazon.it,"VEVOR Tritarifiuti per Lavello da Cucina, 0,74 kW, Sistema di Smaltimento Rifiuti Alimentari in Acciaio Inox, Motore CC, Supporto EZ, 3960 giri/min, con Cavo di Alimentazione, Paraspruzzi per la Casa",112.03,https://www.amazon.it/s?k=insinkerator+tritarifiuti
2026-04-30,amazon.it,"VEVOR Tritarifiuti per Lavello da Cucina, 0,37 kW, Sistema di Smaltimento Rifiuti Alimentari in Acciaio Inox, Motore CC, Supporto EZ, 3820 giri/min, con Cavo di Alimentazione, Paraspruzzi per la Casa",76.9,https://www.amazon.it/s?k=insinkerator+tritarifiuti
2026-04-30,amazon.it,"VEVOR Tritarifiuti per Lavello da Cucina, 0,559 kW, Sistema di Smaltimento Rifiuti Alimentari in Acciaio Inox, Supporto EZ, 3930 giri/min, con Cavo di Alimentazione Motore CC, Paraspruzzi per la Casa",94.99,https://www.amazon.it/s?k=insinkerator+tritarifiuti
2026-04-30,amazon.it,Insinkerator 71498 - Pezzo di tritarifiuti,37.82,https://www.amazon.it/s?k=insinkerator+tritarifiuti
2026-04-30,amazon.it,"Fdit 2 Pezzi Copertura Antispruzzo per Tritarifiuti, Compatibile con, Diametro 87 mm, Tappo Silicone per Lavello",16.43,https://www.amazon.it/s?k=insinkerator+tritarifiuti
2026-04-30,amazon.it,"Tbest 2 Pezzi Copertura Antischizzi in Silicone per Tritarifiuti Compatibile con InSinkErator, 87mm Diametro Esterno",21.92,https://www.amazon.it/s?k=insinkerator+tritarifiuti
2026-04-30,amazon.it,"VEVOR Tritarifiuti per Lavello da Cucina, 0,37 kW, Sistema di Smaltimento Rifiuti Alimentari in Acciaio Inox, Motore CC, Supporto EZ, 3820 giri/min, con Cavo di Alimentazione, Paraspruzzi per la Casa",76.9,https://www.amazon.it/s?k=insinkerator+tritarifiuti
2026-04-30,amazon.it,"Smaltimento Rifiuti, Tritarifiuti Alimentare, Tritarifiuti per Lavello Cucina, Acciaio Inossidabile, 3/4 HP 3200 rpm, Tritarifiuti Magnetico, Silenzioso con Interruttore, Tritarifiuti Alimentari.",168.85,https://www.amazon.it/s?k=insinkerator+tritarifiuti
2026-04-30,amazon.it,"Tritarifiuti in Acciaio Inox, Tritarifiuti per Avanzi di Cucina da 1000 Ml, Protezione Acustica, Tritarifiuti per Rifiuti Alimentari da Cucina Sottolavello, 3/4 HP",196.99,https://www.amazon.it/s?k=insinkerator+tritarifiuti
2026-04-30,amazon.it,"2Pezzi Deflettore per Lavello con Piastra Antispruzzo per lo Smaltimento dei Rifiuti, Coperchio Antispruzzo per Dissipatore di Rifiuti in Silicone Adatto per InSink-Erator con Diametro Esterno di 87m",20.89,https://www.amazon.it/s?k=insinkerator+tritarifiuti
2026-04-30,amazon.it,"VEVOR Tritarifiuti per Lavello da Cucina, 0,559 kW, Sistema di Smaltimento Rifiuti Alimentari in Acciaio Inox, Montaggio 3 Bulloni, 3600 giri/min, con Cavo di Alimentazione, Paraspruzzi per la Casa",94.9,https://www.amazon.it/s?k=insinkerator+tritarifiuti
2026-04-30,amazon.it,"VEVOR Tritarifiuti per Lavello da Cucina, 0,37 kW, Sistema di Smaltimento Rifiuti Alimentari in Acciaio Inox, Montaggio 3 Bulloni, 3820 giri/min, con Cavo di Alimentazione, Paraspruzzi per la Casa",91.99,https://www.amazon.it/s?k=insinkerator+tritarifiuti
2026-04-30,amazon.it,"MINRS 560 W, trituratore per rifiuti da cucina, con interruttore d'aria, 3600 giri/min, 1,15 l, per lavello, tritatutto",92.0,https://www.amazon.it/s?k=insinkerator+tritarifiuti
2026-04-30,amazon.it,"Tritarifiuti, Raccoglitore di Cibo, Tritatutto, Tritatutto da Cucina, in Acciaio Inox, Materiale 370W (Nero)",275.44,https://www.amazon.it/s?k=insinkerator+tritarifiuti
2026-04-30,amazon.it,"Adattatore per Tubo di Scarico per Lavastoviglie Compatibile con Tritarifiuti Insinkerator, Include 1 Connettore di Ingresso 1 Fascetta Stringitubo e 3 Fascette a Molla",12.99,https://www.amazon.it/s?k=insinkerator+tritarifiuti
2026-04-30,amazon.it,"Smaltimento Rifiuti, Tritarifiuti Alimentare, Tritarifiuti per Lavello Cucina, Acciaio Inossidabile, 7.5 HP 2800 giri/min, Tritarifiuti Magnetico, Silenzioso con Interruttore, Tritarifiuti Alimentari.",178.85,https://www.amazon.it/s?k=insinkerator+tritarifiuti
2026-04-30,amazon.it,"Tbest 2 Pezzi Copertura Antischizzi in Silicone per Tritarifiuti Compatibile con InSinkErator, 87mm Diametro Esterno",21.92,https://www.amazon.it/s?k=insinkerator+tritarifiuti
2026-04-30,amazon.it,"Funzionamento Silenzioso, Efficace Trattamento dei Rifiuti Alimentari, Installazione Rapida e Semplice, Alimentazione Continua da 630 W per con Materiale in Acciaio",270.45,https://www.amazon.it/s?k=insinkerator+tritarifiuti
2026-04-30,amazon.it,Tritarifiuti Splash Guard Smaltimento Rifiuti Protezioni antispruzzo e tappo Lavello Smaltimento Smaltimento Sostituzione Tappo di scarico Protezione antispruzzo Cucina Scarico rifiuti alimentari,15.8,https://www.amazon.it/s?k=insinkerator+tritarifiuti
2026-04-30,amazon.it,370W Elettrico Tritarifiuti da 1 Litro Smaltimento Rifiuti Domestici Tritarifiuti Alimentare,117.0,https://www.amazon.it/s?k=insinkerator+tritarifiuti
2026-04-30,amazon.it,"BOXOB 3pz FLG-Seal Guarnizione Lavello, Guarnizione Scarico Gomma Premium Senza Stucco per Lavello Cucina Anello Tenuta Ricambio per Insinkerator Sistemi Drenaggio Tritarifiuti(Nero)",11.99,https://www.amazon.it/s?k=insinkerator+tritarifiuti
2026-04-30,amazon.it,Dissipatore Tritarifiuti Alimentare 1L Home Kitchen Food Waste Processor Disposer Domestico Da Lavello 1000ML 370W 1/2HP 2600 RPM,90.0,https://www.amazon.it/s?k=insinkerator+tritarifiuti
2026-04-30,amazon.it,Tritarifiuti Raccoglitore di rifiuti per rifiuti Domestici da Cucina Sistema di macinazione dei rifiuti in Acciaio Inossidabile da 2800 Giri/min Adatto per macinare Vari rifiuti Domestici da Cucina (,350.89,https://www.amazon.it/s?k=insinkerator+tritarifiuti
2026-04-30,amazon.it,Insinkerator 14663 Trituratore stazionario,438.19,https://www.amazon.it/s?k=insinkerator+tritarifiuti
2026-04-30,amazon.it,"OUKANING Dissipatore di rifiuti Acciaio Inossidabile 1000Ml Avanzi di Cucina Trituratore di rifiuti Trituratore di rifiuti Protezione da sovraccarico, Protezione dal Rumore",117.0,https://www.amazon.it/s?k=insinkerator+tritarifiuti
2026-04-30,amazon.it,Waste King - Tritarifuti da lavello,194.57,https://www.amazon.it/s?k=insinkerator+tritarifiuti
2026-04-30,amazon.it,Sostituzione Garbage Disposal Guardia Splash GE per rifiuti King in-Sink-Erator,10.59,https://www.amazon.it/s?k=insinkerator+tritarifiuti
2026-04-30,amazon.it,Hemobllo Gomma Per Tritarifiuti Alimentari Protezione Anti-spruzzi Di Ricambio Per Tritarifiuti Facile Da Installare E Manutenere,11.09,https://www.amazon.it/s?k=insinkerator+tritarifiuti
2026-04-30,amazon.it,"Pulsante per lo smaltimento dei rifiuti, pulsante per lo smaltimento dei rifiuti con tubo dell'aria, interruttore superiore del lavandino per lo smaltimento dei rifiuti InSinkErator, argento",20.84,https://www.amazon.it/s?k=insinkerator+tritarifiuti
2026-04-30,amazon.it,INSINKERATORE CCA-00,161.27,https://www.amazon.it/s?k=insinkerator+tritarifiuti
2026-04-30,amazon.it,"InSinkErator Disposal Stopper, Accessory, Oil Rubbed Bronze",51.85,https://www.amazon.it/s?k=insinkerator+tritarifiuti
2026-04-30,amazon.it,Coperchio Antispruzzo Per Dissipatore di Rifiuti in Silicone da 2 Pezzi Coperchio Per Distributore di Rifiuti Compatibile con InSinkErator 87 Mm di Diametro Esterno,22.29,https://www.amazon.it/s?k=insinkerator+tritarifiuti
2026-04-30,amazon.it,"Tappo Scarico Lavello Multifunzione - Filtro per Spazzatura & Setaccio, Compatibile con Tritarifiuti, Accessorio AntiBlocco per Scarichi Lavello, Dissipatore Rifiuti & Tappo Acqua Universale",16.99,https://www.amazon.it/s?k=insinkerator+tritarifiuti
2026-04-30,amazon.it,"Tritarifiuti con Raccoglitore di Cibo da 3/4 HP 2800 Giri/min Tritarifiuti da Cucina sottolavello con Spina e Interruttore Wireless - Acciaio Inossidabile, Alta velocità per Una macinazione efficient",127.04,https://www.amazon.it/s?k=insinkerator+tritarifiuti
2026-04-30,amazon.it,"Trituratore Di Rifiuti Alimentari, Trituratore Di Rifiuti Alimentari Del Lavello, Sistema Di Macinazione Di Rifiuti Alimentari In Cucina, Serve Per Trattare I Residui Alimentari Come Verdure Ecc",70.52,https://www.amazon.it/s?k=insinkerator+tritarifiuti
2026-04-30,amazon.it,"Tritarifiuti, Raccoglitore di Cibo, 560 W, tritarifiuti Domestici con Interruttore ad Aria, frantoio da Cucina da 1000 ml, macinacaffè in Acciaio Inossidabile",316.24,https://www.amazon.it/s?k=insinkerator+tritarifiuti
2026-04-30,amazon.it,"VEVOR Tritarifiuti per Lavello da Cucina, 0,559 kW, Sistema di Smaltimento Rifiuti Alimentari in Acciaio Inox, Supporto EZ, 3930 giri/min, con Cavo di Alimentazione Motore CC, Paraspruzzi per la Casa",94.99,https://www.amazon.it/s?k=insinkerator+tritarifiuti
2026-04-30,amazon.it,"Tritarifiuti Alimentari da 560 W, 3800 R/min, con 7 Livelli di Macinazione e Protezione da Sovratemperatura, Acciaio Inossidabile Serie Titanio, Tritarifiuti con capacità di 1200 Ml",338.81,https://www.amazon.it/s?k=insinkerator+tritarifiuti
2026-04-30,amazon.it,"VEVOR Pompa Trituratore 350 W Portata 6000 L/h Prevalenza 7 m Pompa Maceratore per Acque Luride con 3 Ingressi Acqua per Cantina, Macchina per lo Smaltimento delle Acque Reflue della Lavanderia",82.9,https://www.amazon.it/s?k=insinkerator+tritarifiuti
2026-04-30,amazon.it,"VEVOR Pompa Trituratore 700 W Portata max. 9600 L/h Prevalenza 10 m Pompa Maceratore per Acqua con 3 Ingressi Acqua per Cantina, Macchina per Smaltimento delle Acque Reflue della Vasca da Bagno",107.9,https://www.amazon.it/s?k=insinkerator+tritarifiuti
2026-04-30,amazon.it,"NEWTRY Compattatore per rifiuti, Pressa manuale della spazzatura per bidoni da 120L e 240L, frantumatore di rifiuti strumento di riciclaggio con design salvaspazio per casa, cucina e esterni - Bianco",65.99,https://www.amazon.it/s?k=insinkerator+tritarifiuti
2026-04-30,amazon.it,"Deflettore Antispruzzo per Tritarifiuti da Cucina, Copertura e Accessorio per Lavello",8.99,https://www.amazon.it/s?k=insinkerator+tritarifiuti
2026-04-30,amazon.it,"NEWTRY Mini Compattatore di Rifiuti Pressa Manuale per Bidoni a ruote da 60L a 100L, Design Compatto Ideale per Armadi Domestici, Ristoranti e Cestini",54.99,https://www.amazon.it/s?k=insinkerator+tritarifiuti
2026-04-30,trovaprezzi.it,Insinkerator 71498 - Pezzo di tritarifiuti,37.82,https://www.trovaprezzi.it/goto/879202570?impression=Vzl6eFN4eHZRNFR6eHNPUVlyQmdxVUVTZ29CRHByeHRFUExmclY0MGVVTHN0OXdvblk1SERRPT01&search=aW5zaW5rZXJhdG9yIHRyaXRhcmlmaXV0aQkyMDM1&pos=1&nb_results=4&pc=4&sc=0&tc=16&offer_ss=pc&tr=prezzo
2026-04-30,trovaprezzi.it,InSinkErator Tritarifiuti Alimentari InSinkErator Power Premium 550 EC,250.0,https://www.trovaprezzi.it/goto/830352453?impression=Vzl6eFN4eHZRNFR6eHNPUVlyQmdxVUVTZ29CRHByeHRFUExmclY0MGVVTHN0OXdvblk1SERRPT01&search=aW5zaW5rZXJhdG9yIHRyaXRhcmlmaXV0aQkyMDM1&pos=2&nb_results=4&pc=4&sc=0&tc=16&offer_ss=pc&tr=prezzo
2026-04-30,trovaprezzi.it,InSinkErator Tritarifiuti Alimentari InSinkErator Power Premium 700 EC,387.0,https://www.trovaprezzi.it/goto/830352454?impression=Vzl6eFN4eHZRNFR6eHNPUVlyQmdxVUVTZ29CRHByeHRFUExmclY0MGVVTHN0OXdvblk1SERRPT01&search=aW5zaW5rZXJhdG9yIHRyaXRhcmlmaXV0aQkyMDM1&pos=3&nb_results=4&pc=4&sc=0&tc=16&offer_ss=pc&tr=prezzo
2026-04-30,trovaprezzi.it,InSinkErator Tritarifiuti Alimentari InSinkErator Advanced Evolution Plus 1000 EC,720.0,https://www.trovaprezzi.it/goto/830352452?impression=Vzl6eFN4eHZRNFR6eHNPUVlyQmdxVUVTZ29CRHByeHRFUExmclY0MGVVTHN0OXdvblk1SERRPT01&search=aW5zaW5rZXJhdG9yIHRyaXRhcmlmaXV0aQkyMDM1&pos=4&nb_results=4&pc=4&sc=0&tc=16&offer_ss=pc&tr=prezzo
2026-04-30,trovaprezzi.it,In Sink Erator Waste Stopper by In-Sink-Erator,19.89,https://www.trovaprezzi.it/goto-secondary/-112?impression=Vzl6eFN4eHZRNFR6eHNPUVlyQmdxVUVTZ29CRHByeHRFUExmclY0MGVVTENjM002dEpHM0FRPT01&offer=NmZpSkdyQ2JkMWo2bHAybmNYMy9FY2xiR3V2bEN0bFo2T3dremlMenMxUjRGYktKZDI1bWhXck9La0U2dUV5aDZ4Rm1ja0FOR0t3L2xrRThvZGxQQklTTHlSaXd0Q29GWmNRYlo1V0d2Yzc0bjRkQ0tydjV0RzlqTUJEZ3F1Uy9nTk9RWVBvbXVzeXhCQTNOM2NyYXBZVjgvQXAvQ3NxU0RnV3JNK09sU1FaQU1JU0h6ZEV5cG1tbE8vSVdEUENOc2NXM0R6eHhwZkxMbFB4S1M1aDM0REJKdVFQYzVyK21ZTTVocTg3UDVYbnNlTzBrZzFiZ0ZBd0dRNHduTVM1VzZEMzN3SjFpU2w4WHRXOVo2aG5rWHp5d1lBQmlPbklrak5uR3JHKzltWk1nVnRjeHo3U2plZjdKbm92OWhCNHNHbStURklNbWVxSVNndUp5ZnZWdHd5Kzl5NHh3ZzBZaw2&offer_ss=tc&pc=4&pos=1&sc=0&tc=16&tr=prezzo
2026-04-30,trovaprezzi.it,"2Pezzi Deflettore per Lavello con Piastra Antispruzzo per lo Smaltimento dei Rifiuti, Coperchio Antispruzzo per Dissipatore di Rifiuti in Silicone Adatto per InSink-Erator con Diametro Esterno di 87m",20.89,https://www.trovaprezzi.it/goto-secondary/-115?impression=Vzl6eFN4eHZRNFR6eHNPUVlyQmdxVUVTZ29CRHByeHRFUExmclY0MGVVTENjM002dEpHM0FRPT01&offer=NmZpSkdyQ2JkMWo3bXBXY0pvRlcxUnpZM09LRGNKVUM0RmI4L05JVEtnc3RJR3k5aCtFazFualJZK05pSC9ZV3BTbTZFS0tXSWJ6RitlcFRoRDFpdEEvdkZ4VmtNSGdnZGc4anZsZ0p2dy9jVzRjcFV5ZzJ6dGFNd0I1TERmUGR2SlExdnlKa21zNGNhdWh1SUJ0dmJ4eGlpMTY3UmZmZTVYelhyRWRiZk1LYnlheExFck9ETjBYNHJOVi8zZkh0K3ZWK2dEaHcrTnF4UzBwcE5Bb0VDSVVzdE9IbXA3R0d2SDE0aDUyY21OTFVtMEx6ZjRDSm5KYmgzSjM4RlRZSFYyTUZVb25yUTV4TERPNjFlbnJNMGNZUDRGVjRFYTRtRmxFaVV5ampCMDBqWmlSUmVmbTRTS0IzbEdBSGFad3RyY0VyQlN3SFl2Umc1czZJNXNJUUpybG9PaFZKQjdUYWN4U3dIcjY0S0hwaVo0WTJvYlRYN2ZxaG52aXBxQWVldmwyczIxd0VGTUJNR0VNeFB0NjdERXdOK01oejhnZU42QVJvSm9qbUJPSFB2K3grVFJNc052eW5LYkN4RlAxbTdkekJLc0tEcW5aRGx0QWxzOWRMbm1ZTU9SS1lOdWRUdmNRM2tTTGJuSXpoMEVvUnk0aUpxR0paMmRKUC9BNWwxUWdQcFJsbGRNUWEySTNZMUFSTlNMSHVXZ09Lam92ajBqUmFndEFKajFBPQ2&offer_ss=tc&pc=4&pos=2&sc=0&tc=16&tr=prezzo
2026-04-30,trovaprezzi.it,"Tbest 2 Pezzi Copertura Antischizzi in Silicone per Tritarifiuti Compatibile con InSinkErator, 87mm Diametro Esterno",21.92,https://www.trovaprezzi.it/goto-secondary/-113?impression=Vzl6eFN4eHZRNFR6eHNPUVlyQmdxVUVTZ29CRHByeHRFUExmclY0MGVVTENjM002dEpHM0FRPT01&offer=NmZpSkdyQ2JkMWdYNmhYN212RWN6OWJ6K3hqNndiU2JjcmVjeVZJcWJZdUJXUzlpRmtKK2w3ZnQrQy9BTXd5eVRlNDM0bG91NTVORGcwaU1BNWptMmJyNzcyUU41cTY0VTNZMzhxQ3hBNDlsZmNQcklXdjJjczEySWFMSVBpS251ZFFkdU15Sy9iaUo2WElReFFKaVc0alJGVTREejVkZXBwb1V3a3MxVEtOVXBPWlFaaElOaFhxTit1YVZHWEpCcWdieWpzZEw3d2JoaCsxa2oxOFlOcCtEa3htTHZ4amw0NUkwUjFBaklqQUxPWW1pTEE2Y2gwTnJ6TngxMHE0SVY3dTV2V1p5MHJBU3RGYStUNFFaYVkzTU9RNlFkM1lOY0s3QmRRdUwrZnZ3L3c2QjZuWjdaOUYzeFV2TGxBdTZMTHN0U0FNRVM4Wm5ab1Rud00zSFBGYTZnV2krWHU5QytjSG9kaFVrdXFualRhN3FBRUU0NmFjYmpXQVBFNUkwK2FlYUkxRG5iNGtHaHlYbFNRMDlEa0Q5Q0hZU25NUWY5NjVhSy9Jcm1Bd0RKTWs2Vkd4dFhzc1QxNEN5UGJYbQ2&offer_ss=tc&pc=4&pos=3&sc=0&tc=16&tr=prezzo
2026-04-30,trovaprezzi.it,Insinkerator 71498 - Pezzo di tritarifiuti,37.82,https://www.trovaprezzi.it/goto-secondary/-110?impression=Vzl6eFN4eHZRNFR6eHNPUVlyQmdxVUVTZ29CRHByeHRFUExmclY0MGVVTENjM002dEpHM0FRPT01&offer=NmZpSkdyQ2JkMWpmOUZXNEl5VDZaUjA1NU8yZWRRVG03MythTW9SbzBDTW8yclIxdGVLTGtXRWNJdGNMaUVSZ2FuZ3FFMmdCNEtvSStZVXBWc3pJRy9Nc3NYcGlnc3hYUU1LdWRKTy9WOGlrakN2K3czWmRmZVgrMmUxT3F1QkhPRmw3OGJLZnFFNC8xVnk4c3pvRkxMbmtJWW8xNU1aS0VRSmMzbHM1alMyQ0pMeFFmZ25XdDNYZ2FnU05majFXM2RXZUNPSUd1OVpES0dVeFdURk10bEtvSVZ4ZnZMcmMrbG1xeHB6dWJKQ2NRQXZ4NDF3UmsxWTFkTXpkNDBLbGw4ajBtSkdQOUNsclBHRnlrVWV3d1NiWjN5VXpKRDRJbGpIdnZQUUVGWGNuT0k4YTFuQ3lGYlc1QWRJNWxKSkR1NnVrN0FyajhoZ1ZTWFp5OUI0aUlaZmdseXdMQ2k0Wg2&offer_ss=tc&pc=4&pos=4&sc=0&tc=16&tr=prezzo
2026-04-30,trovaprezzi.it,InSinkErator Pulsante di ricambio originale - Interruttore pneumatico per smerigliatrice rifiuti alimentari,53.9,https://www.trovaprezzi.it/goto-secondary/-111?impression=Vzl6eFN4eHZRNFR6eHNPUVlyQmdxVUVTZ29CRHByeHRFUExmclY0MGVVTENjM002dEpHM0FRPT01&offer=NmZpSkdyQ2JkMWl3SVZYREFocFREeTdJSXZnSTNnVWttaG9xRDFKcHFaSk9XUnlQYVMzejE2RElDUW9kc2JYaWlnK3E1Y0pOZjFsNGt0NXZlK1RPazR4d29BRWpUZVZqRk91VUFLU1gzc1c1TG5IWktUVGtNTjV0dms3QTgrZTJpdVg5Z0VTUzRmL2liaFRUaVFDR2t2cnZHbSsyMWdUSnF5ZG9DWDRSMkoyVTFMYjM5M2JNMkM3aW41RTN1QjgyRlJaUm93T2E4dnVWdkZEU1N3RDUvdTJBcEkzeE1CSTkwRmJIN0dMejR2Wm5lbldjVU9Ocm1KWHo4NFk4TWN4N0VVVGpWcTNwR3hteC9wZTRWWStZOW1qc0luWDN0QUYzT1hLcXJwR2daL3p5cWlmbW5QQ1c2bVpRMWdwMGdsR0daR2loaEVyYThHSll0K2hGejk4VVMycm5CV2F6d3JJWTFkVllNenR0Q2J5YnBacWI0YWdJSXJXZElIQjBBM3RDVlpoaFpMKzUyRVdBSFdCdEs1WjdCbVE3cWJFN0YvZGVKMDlOazlQU2NXZWpDdHIzYjNZeGR3PT01&offer_ss=tc&pc=4&pos=5&sc=0&tc=16&tr=prezzo
2026-04-30,trovaprezzi.it,"VEVOR Tritarifiuti per Lavello da Cucina, 0,37 kW, Sistema di Smaltimento Rifiuti Alimentari in Acciaio Inox, Motore CC, Supporto EZ, 3820 giri/min, con Cavo di Alimentazione, Paraspruzzi per la Casa",76.9,https://www.trovaprezzi.it/goto-secondary/-114?impression=Vzl6eFN4eHZRNFR6eHNPUVlyQmdxVUVTZ29CRHByeHRFUExmclY0MGVVTENjM002dEpHM0FRPT01&offer=NmZpSkdyQ2JkMWpsUE1Vd0hUZFFwWnJRZkNabjYwU3Q4UVpqRGFuZXBNMHFzNllWL3dhaHU2b2JGMzlmaDMvM3QveXR0RGI0MWxoUnpNVEJBUW5sTHhKQW9GaUxvWncxMG5scGFheGNOeUNZeGpsNk5rc295QXFqb29NU3d3TjhRQzI0QWYvVHNocUhyVWFqb0R5cWNVQmVRRlRqY3grY0kyYTg4TkJzQTJmbjlwNUFKNGIzTUFGeHZXUURwQldOYVZtS2Y3MGEyYUJ3Q2ZZUWZKR1pidzhIeDRsRFYrL2JpSVBmY2FmVU1BU3gzbFlGVFpVTk5weVZzY1QvdXlOU1RrMlUvM0RpbDdYNkVlZlZ2N1FGendpL1dDQmNXUlBVWG9YVVdDelBIMG00dzZHcG9BWGNKakpNeElvbHduQUdzdW0vR1dzMmVTM081dExPbTRSb0JVMnEzbnRwRlc5VFBzbHIycVF6dzlwb0VpdVVPRkRGQkpwMUJ4K1N0dTV1QjVIazBPNXA0N3oySFFSZ2JzeGIxeGtZMWN0eDc0b0dkMVowcE1qdUt4OWxJczl1MlVRcnViK0VWUmw1Y3QzZnQxa3oxQ1kwVzl4eFBFN3hJWVZNeUM1VmJaNWNCZkpTOVN5Q0RpeVdtMm1qRHJJQ0txMlREL05HcGVBeVpOckxISFo5Q2FleE1Fek52QzhaNTR2VjZyTXZjdkNzb3dBRkRCY1FRNFE5bkRBPQ2&offer_ss=tc&pc=4&pos=6&sc=0&tc=16&tr=prezzo
2026-04-30,trovaprezzi.it,"VEVOR Tritarifiuti per Lavello da Cucina, 0,74 kW, Sistema di Smaltimento Rifiuti Alimentari in Acciaio Inox, Motore CC, Supporto EZ, 3960 giri/min, con Cavo di Alimentazione, Paraspruzzi per la Casa",112.03,https://www.trovaprezzi.it/goto-secondary/-107?impression=Vzl6eFN4eHZRNFR6eHNPUVlyQmdxVUVTZ29CRHByeHRFUExmclY0MGVVTENjM002dEpHM0FRPT01&offer=NmZpSkdyQ2JkMWlWdTFGdFU4NkFGNm5mdGp3b1RjaUdtRUxWRi9md1VQZVVzc2VrNjdaeWsxYXJ2UHYwZDFqbFY3a1NqL241VFc0K3dRUGJnUXNLZ1ByWEtmcmdRUm5jcjF6eVh0WnFOcjV1NGVPdnFkWFRwakVYZXJadEZUNmxDelV2cno3WlJzaHIxUndnbnhIOG9zQXo4T2NFbnFZYTdweXFRR1REaDhPK3JoVFN4d1BaZERNczJmeDNnckxHMEthOWhReTIxckRWRFJQVCtjc3VIRGpVcnNXakFmQmZsRExaejdZVVdjWGRaRHJ5eDNkaVl6Z1IrLy92QXVCSFJTMWMrVVJjdjBzM2MyR3VHTW9MY0s3aHpoNEtucEZRTmFORW8rQU0yeTMxZ0dCOXpWd1dZc0oxb0xXNTM0NVRISEhTc1lhNXNhTHRPT3ROTnd5THdmWSs0SGpWYURmaExKdk56Uk83L1I4bC90cm5mN1h2K3lPQVRPRFd0RURPQ3V2bjdkZ0k0bXNrSURPaktrRFZQN2R5N1pUVzBVb2NhamxaL2RiZTNiZVpvNURybGNXWk1tVk44c2VwZXVHS1ZMUEcyeFFjM1p1alZMNFlGMUNxRXpGRXMxalRaR0dNaFJPOEF4NTB2M2RBNUttclNlcHpKRnhNMk9zWTB2dDFrbmRybWJHOHZQZ0k4Q2Q0L2UyclhXSXNaOVI4TDRDV2V1TzJIVUlGTmpFPQ2&offer_ss=tc&pc=4&pos=7&sc=0&tc=16&tr=prezzo
2026-04-30,trovaprezzi.it,"INSINKERATOR LEDefense Flangia per lo smaltimento dei rifiuti, accessorio antimicrobico LED per smaltimento rifiuti INSINKERATOR, FLG-SS-LED",128.87,https://www.trovaprezzi.it/goto-secondary/-116?impression=Vzl6eFN4eHZRNFR6eHNPUVlyQmdxVUVTZ29CRHByeHRFUExmclY0MGVVTENjM002dEpHM0FRPT01&offer=NmZpSkdyQ2JkMWd3NTFMZmxOT1VyRGpqNWoxN0ZwT2NnNjludkFDa2dwQnFWamJBendYbU9GMUNrSEc5Rm1adk9FMVBVL092T1lOa2lDYllJVVAzd2NpZXQxc29WZm1qOC9zM3JrZ1ZpNkZTWFNUZUlQaVBveHhhUmczazNtQ0tCZHFUcW5sck9BSDBSS1RVQ0xkOHNmVWZ0dnE0VTdIVDNYQ3FXcEw1dkUweVlSSHI0MFMyVUkzckpqV2tsU0ZGUnk4NloxZ3JPV3o1QnUzdys2TmxuaWl3OWNyRDN6MGtOY1V5cjRScmlZRTRrR2l0eCtnSVRWazRYN3dtaXM5SksyVElKTDJEQm9sS0w1STd5aThSTnFOeXhpekVlNE9kWU5oZGFaMk1HWWlGRlkyS2tEeWM2NEM1N2lzMjN1NVJFbXIwMEdraGRIbHR4MzFMYkNEMmVkbGZ1M0FsclJwVW9SZm1qMGNaRzlKRmtkUUlYWlo0VVUyQ1FXcnVpZUFMVUlyRXdQNllFbllmSzJuZER6azc4cFhGa3BBQWxKZWtPZHpjQm9oMDNhUkw5R1J5MXVtM0tLanhyWUlrU3hVU1psNFZFNU83UmNENVRDdEFJTUZmZGU5ZjhXSzlBeERP0&offer_ss=tc&pc=4&pos=8&sc=0&tc=16&tr=prezzo
2026-04-30,trovaprezzi.it,"Smaltimento Rifiuti, Tritarifiuti Alimentare, Tritarifiuti per Lavello Cucina, Acciaio Inossidabile, 3/4 HP 3200 rpm, Tritarifiuti Magnetico, Silenzioso con Interruttore, Tritarifiuti Alimentari.",168.85,https://www.trovaprezzi.it/goto-secondary/-108?impression=Vzl6eFN4eHZRNFR6eHNPUVlyQmdxVUVTZ29CRHByeHRFUExmclY0MGVVTENjM002dEpHM0FRPT01&offer=NmZpSkdyQ2JkMWpPM1E0NWlaREd3TnB1eFFVOWpFYlV3V0NmbWVDTEIrK1pXdThxY1Q2dlQwdVkwTXRCWU5uRFFaMm5ObkNXRU5INktIOFdMYnpva09KN04rSG9kRGN6RkFSK3d6blhRZHRhUGgzZW54L2E3Rmc2Mi9SR1YxUjgwdGZmcDlSY3FpRVpHVUh5bEdrT3pxSnZCR3duanpaMHZsajFYMGx4Rk14WTFLU1dCNXUrSHlPYXlWNmN6ajA5eUwwVFZOWE93MGdvUVR4OVdGT2svQzBjYmtoWmxVRVJySWFyREZ1L2E3QVBZdUF2a0doWVVHMWhWUmdxNXkzUlJ5elJ2T2N1RkhjdDZyaS9VMnlIdjhSUDRoc0dmSGlYWWl5anVhK0pTRW15ckRSTHJja3RYYjdnaHIrc1ptQml3a1QwTHZwNnBrRXdrRVNlNHFQek56cERLSzIrVmFNZVg2V1YvVnJqN1hwMHRaQmhMa1NyS2xKVE50cnJReU5GV08rWStmZXhPUEE1QTlSdXp4Ylc0dlp4OE0vSThJR3NBYWFSNkJHQzlNTUNJU2tLUk1tNHNHQ1IrSkJQVFJ5U0Z3S1owYVJzcHhlbVh0dVJ4TlhXblFDNmhKUEQycXVvUVdhaDNLenNBaHlTSmp4aExjWlJHMlVJSHBnK0pVMUhZZkFoNHpYQkJNTHRVblhWRzFoRnpBNXY0bUNFN0RmY2I0bENHQkNUWW9jPQ2&offer_ss=tc&pc=4&pos=9&sc=0&tc=16&tr=prezzo
2026-04-30,trovaprezzi.it,"Smaltimento Rifiuti, Tritarifiuti Alimentare, Tritarifiuti per Lavello Cucina, Acciaio Inossidabile, 7.5 HP 2800 giri/min, Tritarifiuti Magnetico, Silenzioso con Interruttore, Tritarifiuti Alimentari.",178.85,https://www.trovaprezzi.it/goto-secondary/-104?impression=Vzl6eFN4eHZRNFR6eHNPUVlyQmdxVUVTZ29CRHByeHRFUExmclY0MGVVTENjM002dEpHM0FRPT01&offer=NmZpSkdyQ2JkMWlrMWhvVWE1QjNMNm9hOG5HbUVoaXhGOTFId290RUYxZUFWN2MvdW15Zm1qaTJiNm9OcjdoOFBHempPVDVmVjRRZGh2WUlPV1VaUER5WFEzNUsxeUw0YTdNS25hT1FNR2lDS0EyOXpWUjAvTEZVSUEya3BaTWxRWTZkNElTd1l1MjQza3JrUHlPMGs5aG1EY1dQaWVHbFErSzJoMXFwcmpRRmRsVEpEaURuajBydDhHTkxDVS9QbDJCRGRRTU0wdEJGcmVvQTJHakwrMTZITzIwVFRtNUVVczlLOG9hM2ZvdXZQLzJNWnpHQ2tydnRoTitkWXFueDFMTHllWDIzeHYwMFNGYk5kZ0ZXWm8zVVVJU1JFVFVRNW5vR0lwcS9QTmcrblpMc3BoL3I2QWFGTTkxUjFDcGlUeE10VWoxaUZCbDJrb09mQW05KzRDcmFDak5Yb05QVWMvSUMrK0tYeTJmQmN2UWM1UndVVEJqdHJVUjMvVkx6aTVIOTZqclhDOGtlSERtOURoSEdrMXZBN2ZjVXphMDNISjFNWkVjMGo5b3pNYlhKY09IQVN3WXlSSHJ2Q1FydytCY2FSNHpySEM0YWo5MWQvcnhWYnJKSVpvQ1Z0akkrL1NxNFd2M0xiUTMzQng5cWpXblF2UFNhN1lDWnRqRFB4ZCtpSktVdGpNRVpRamlzWjE4elp1ZTUzV0M2b3hSSlZIcFh1RjU2MUQ4PQ2&offer_ss=tc&pc=4&pos=10&sc=0&tc=16&tr=prezzo
2026-04-30,trovaprezzi.it,"InSinkErator in-Sink-ERATOR/MASTERPLUMBER MP 1/2HP Dissipatore Rifiuti, Acciaio Legato, 1",196.76,https://www.trovaprezzi.it/goto-secondary/-106?impression=Vzl6eFN4eHZRNFR6eHNPUVlyQmdxVUVTZ29CRHByeHRFUExmclY0MGVVTENjM002dEpHM0FRPT01&offer=NmZpSkdyQ2JkMWh3M0M4OW9IMXlMbVVKS28yVkFzN0FQL1Z6aDZzb25TWWJNVHVtOXVGLzVuWHNjL1lEZXd0akxIdys0T1poUzBTSWtJb1RkSVREYkF4R3BmU2V6TjJRTU9laEppM20yZlpLR2pVODdwcS83VHBtNFVWcjdObDJ0VkIraVlzZExVM3UwODJiWjhmelBEdFd5L1M2Z1Qwa2tXcnFlZER6VTVBdW04MGo1VzdGOFNzdGRsZGJxc21VU1gwVHRjSmp3L1pwVjRONmJURzFsK1lMaXNPcm12UXlqRUMwZTZEMk15VlNiS3dGeFUvTXhXR3U3L1hWbzA1OGxjR3BNeGJCc29zM2VjdS9xbUZnbHR4bTZhWitYbUI5c2hxVkI3N0pCcHpjeUpFeDJ6M1BmYXhndTh3bHl1eUg5SCtvY1dsd1lLMDJFaCswcjlDaWU0bStUYTdGUHJuNEJ5TkJpUnhBV1BIU3BQRUFEbENDMzZFOWtndkVHc1NGd1FVTXBnaE5jdjhiQnhTQWtBdXJNSGVoLzN2d2FkdUE1&offer_ss=tc&pc=4&pos=11&sc=0&tc=16&tr=prezzo
2026-04-30,trovaprezzi.it,"BESTXH Tritarifiuti in Acciaio Inox, Tritarifiuti per Avanzi di Cucina da 1000 Ml, Protezione Acustica, Tritarifiuti per Rifiuti Alimentari da Cucina Sottolavello, 3/4 HP,Nero",196.99,https://www.trovaprezzi.it/goto-secondary/-109?impression=Vzl6eFN4eHZRNFR6eHNPUVlyQmdxVUVTZ29CRHByeHRFUExmclY0MGVVTENjM002dEpHM0FRPT01&offer=NmZpSkdyQ2JkMWkvVUlGbmNBZ08xcU5CVit3UmhGVlNYK1Z3YXVTcE10Z0xLRk9qTWwzVTF5Z1NuQVB1ZHpNS2o3M0RCOUxzaFZiUEFvT1pRQm50Q0NKZjNnbnZvc0FCL0FNbEhNeWRGckJibXlwUmRRRGJGcStmVy80SUtXTWgrdFdGRnpiaUc2TmZ5R21ieFQvUDZqVjgzNDZHMkRPbHJJUWVHK0RlU1QzSmRPZ29hTGVnRHN5d1hZaE1UVm82bi9BcitNZ24xSEtNejNJVW5pQzNrdnZNN1RDZWJoa3J3aHM0eXNxbzNITjUvRTRDV1F3N1dtWk1zVDc0VzZyUzJxNjhVZHJ1ZkcybmI2c1BDVjRKcFkyWFUvWkZMcENCbGoyVkZEQUFLbGRoUVFCL3hRSDJncDFTU3FLVzkvelpHQjA2ang1SHg3L3NCVlMzeXBtSC9HSDUwKzBVQzVlYU9HRkkxUzdCT0p0UG5id3EvWTFCU3FPR0FPQmcxZFRjelZBZ2FoMkRUTmZjVHBpMUNNaXQyR2xZb2VtTjc4eExEWmV0eHlLUHliaEFXM2oyNVlvcEJndmo4M2s5c3lJSWpOL01HS2tPQ3FzMVpqL3c2bjZHMDVSd3k3QUJLaE9NNW5iUXN1TUV3bEtZQ1gvTlhGempabWpzeDJ4NWV6bUkvQTlGU1VDSE5lbz01&offer_ss=tc&pc=4&pos=12&sc=0&tc=16&tr=prezzo
2026-04-30,trovaprezzi.it,InSinkErator Standard 460,299.0,https://www.trovaprezzi.it/goto-secondary/-102?impression=Vzl6eFN4eHZRNFR6eHNPUVlyQmdxVUVTZ29CRHByeHRFUExmclY0MGVVTENjM002dEpHM0FRPT01&offer=NmZpSkdyQ2JkMWlzQmg1Zzh5cjk1SEZidVJnNGZud2pmbDFZVjdpZXNVZTlLSFRmbTJpMlB6L0pDVXFTZitRelVQUFA0MlVsVlZoYVZHSitqRFJNMEE5S3NqM1BkYlZzYW9hNVh6M2xmQzYrSVdRQkx5OXhNTm9CNncwSnFPblEzZFB4OWFsTHNjd3dNZ1AvRnRVNlEyWGpFVFdFNVBaazZDM1d1VytjeExZem9FRWw4anJXOEVOVFM0L0pjMGF0R053WEE3SmFHRE4zZHhoSGs1Zk01NEkraDVWWHRNTVRMRkpCY0xYQ2RPU2Z0NEhxcVEyaC8zaUhMWno0dEtGdXJKaFloZEJMUnA1b09hNnR3VnZMd1RSeWJZdGpqcFYzNHRzMW5lbS8zdUJId0FKUW9GaXRSYnRUd3BjaklDNnI1&offer_ss=tc&pc=4&pos=13&sc=0&tc=16&tr=prezzo
2026-04-30,trovaprezzi.it,"Insinkerator Premium 550 EC - Tritatutto per rifiuti da cucina con motore a induzione da 0,5 CV e interruttore dell'aria",338.0,https://www.trovaprezzi.it/goto-secondary/-101?impression=Vzl6eFN4eHZRNFR6eHNPUVlyQmdxVUVTZ29CRHByeHRFUExmclY0MGVVTENjM002dEpHM0FRPT01&offer=NmZpSkdyQ2JkMWhkb1Q4bTN2bUZQUXZDV2RhQ0ZmdlJWMURwOEJTK0Z4NXl5MU1MdUQrdzFwak9BVG1kUkw2aEVFa0pjN1VXUUpYYXlRTTdlTDJUWXBMdkV3QkNremFiOWowZmhVcHo4SmpiSTRpN3RZU3cwS1FmdnRHN3RKYXdYNC9zbEtzMGpwazJORWNxVUR2MS94NmJobFZXZU5KOXhHNnhMYUQwZzRDeTAzN0FuaytJWlhveGRkVnc0bWZOUDZHd1lEclVzdlhzQit3TVEvSUkzVkl4Uy8wK1FocWdEaHpEZjArZllRUWc1blBHOEtsYzBaVjVJTCsrNFQ2ajY4SUxaNGVXS1ZVb1dBM2JnSTZJTk95YWhrYTJiWXNkVXhOK0NLMlhpVlZmNXdsUldQTEZUK3hwcEdhZnA2ZEV6N0tYN0VRVjgvdzZ2SzUxVTJQdEhPQ2oxMk1pMWFRK0J2OGhMTENvY2xjZ3FKSTJOVjBwa0xjbGU0WnBzeFludnp5N1FvOUdNcllCeHQ4TnNvQ3QveVMrNW80VFFKTTR1MDhqV0JnclZocUtXVTQrWndSSlRONU5hdG9odldEMg2&offer_ss=tc&pc=4&pos=14&sc=0&tc=16&tr=prezzo
2026-04-30,trovaprezzi.it,"Artist CNTR333 smaltimento rifiuti, Nero",345.06,https://www.trovaprezzi.it/goto-secondary/-103?impression=Vzl6eFN4eHZRNFR6eHNPUVlyQmdxVUVTZ29CRHByeHRFUExmclY0MGVVTENjM002dEpHM0FRPT01&offer=NmZpSkdyQ2JkMWd6YjYzdlNnajR5Mjd3bTc3eDA3UE8ySDk0c0Z5RHNqckliaGJJeGJuS3Z1d1ZuV3B4MUVEOFBJWEtXNGlMM0VYR093UjlFMlk5UENKeldwdk5vejBFeEREZGZjV0xWbXo1Q1lpS1FYNHgzQldZaWhiRTMweU9lTnEvYXZjdXlHWFg0Um9NNXJmcFdOK3hXSHJTMHh6anZuNURVWmgyV2dFSVBwblY4L055NHhKV01QWmFVSWJ4aENUTHJBcE9QbEQ5VklGbkNuUlhSRlN5empSVG4vam1oMXREdEsvSHFKOW5ielRISzU4QlZkV0FTcE52RlFWdXJpU3RWSERpQ3BVcEd1QUxXeW56L1lFbWV4VXZyejA3ZTN4VUU4cGNLQzlqYXlJOEp5TThkM2dNdjBGbWQ2Unh1ZCtNM3Bick42QXRXZ0pRQzltWEt3PT01&offer_ss=tc&pc=4&pos=15&sc=0&tc=16&tr=prezzo
2026-04-30,trovaprezzi.it,"InSinkErator Sistema di smaltimento dei rifiuti Alimentari, Acciaio Inossidabile, Rosso, 31,1 x 22 x 31,1 cm",615.13,https://www.trovaprezzi.it/goto-secondary/-105?impression=Vzl6eFN4eHZRNFR6eHNPUVlyQmdxVUVTZ29CRHByeHRFUExmclY0MGVVTENjM002dEpHM0FRPT01&offer=NmZpSkdyQ2JkMWdFVWduaTZLOFdEdmZNTkh2SG1pNEJVaGpxMEl1WkhlanMwNm1EcXVRaXRlT21QcUFvblNmRGJMV3BvUzFJWjBJT3pqTE9QTDhqRFNoelBSY2dhMzFMZGdGeWVKbmVVVzF1VDZyWnBKOEJuZUNycHBKNjZqbWllTDIvSEVQdHlydGxqY3greTNOVnRnbXoyVGtXVW1DcHgxQ3ZURnp1dmsrY2U3MEtBZW5jbUJyakozQXNWcktEc0VXTzNsVXVCUmpSRkRCVmFMVjA1N0dXSmUxbzliN3NydjZPU3hvYnQ4RjlZLytBWUYxem00d2I1eGFiT1Y1L01FaUZrZjgxbG9RZGFXS0tEa0trclZZQWxMMFZMQmQ4UkZxVHRFNlkzR01vSEgxam9MRjArRE9NOFdOYlRueCtyUjhrSEVWcGpkTW43OUVzdVVTNktKVGdmZUw4ZEhESDNiUTBTUFpzMUN5UnRjMElXejlnV0xySHFFYjRRbGF4M1hNZk5FWjhoMCtTTEpqYWxSWE5DdEtJYkRZdUczeUN5LzFLYVFKRENVR1B2anNBTlMxY2hRPT01&offer_ss=tc&pc=4&pos=16&sc=0&tc=16&tr=prezzo
2026-04-30,pentoleprofessionali.it,Insinkerator EVOLUTION PLUS 1000 EC (ex modello EVOLUTION 200) - Dissipatore per rifiuti,700.0,https://www.pentoleprofessionali.it/it/insinkerator-insinkerator-dissipatore-per-rifiuti-mod-evolution-plus-1000-ec-ex-modello-evolution-200-1974100
2026-04-30,pentoleprofessionali.it,Insinkerator Dissipatore per rifiuti mod. EVOLUTION PLUS 750 EC - ex modello EVOLUTION 100,582.0,https://www.pentoleprofessionali.it/it/insinkerator-insinkerator-dissipatore-per-rifiuti-mod-evolution-plus-750-ec-ex-modello-evolution-100-1974750
2026-04-30,pentoleprofessionali.it,Insinkerator Dissipatore per rifiuti mod. PREMIUM 700 EC - ex modello ISE66,397.0,https://www.pentoleprofessionali.it/it/insinkerator-insinkerator-dissipatore-per-rifiuti-mod-premium-700-ec-ex-modello-ise66-1974700
2026-04-30,pentoleprofessionali.it,Insinkerator Dissipatore per rifiuti mod. PREMIUM 550 EC - ex modello ISE56,236.0,https://www.pentoleprofessionali.it/it/insinkerator-insinkerator-dissipatore-per-rifiuti-mod-premium-plus-550-ec-ex-modello-ise56-1974550
2026-04-30,pentoleprofessionali.it,Insinkerator Dissipatore per rifiuti mod. LC 50 PROFESSIONAL con Tappo Salvaposate 1975078,1090.0,https://www.pentoleprofessionali.it/it/insinkerator-insinkerator-dissipatore-per-rifiuti-mod-lc-50-professional-con-tappo-salvaposate-1975078-lc50professional
2026-04-30,pentoleprofessionali.it,Flangia per lavelli in marmo e pietra Insikerator,75.0,https://www.pentoleprofessionali.it/it/insinkerator-flangia-per-lavelli-in-marmo-e-pietra-insikerator-13367382
2026-04-30,pentoleprofessionali.it,Tappo salvaposate,35.0,https://www.pentoleprofessionali.it/it/insinkerator-tappo-salvaposate-13358360
2026-04-30,pentoleprofessionali.it,Insinkerator Dissipatore per rifiuti mod. Standard 460 SR (ex modello ISE46),235.0,https://www.pentoleprofessionali.it/it/insinkerator-dissipatore-per-rifiuti-mod-standard-460-sr-ex-modello-ise46-1976460
2026-04-30,amazon.it,"Insinkerator Premium 550 EC - Tritatutto per rifiuti da cucina con motore a induzione da 0,5 CV e interruttore dell'aria",360.0,https://www.amazon.it/s?k=insinkerator+tritarifiuti
2026-04-30,amazon.it,"Insinkerator Premium 700 EC - Tritatutto per rifiuti da cucina con motore a induzione da 0,75 CV e interruttore dell'aria",509.0,https://www.amazon.it/s?k=insinkerator+tritarifiuti
2026-04-30,amazon.it,Insinkerator Evolution Plus 1000 EC - Tritatutto da cucina con motore a induzione da 1 CV con interruttore dell'aria,889.0,https://www.amazon.it/s?k=insinkerator+tritarifiuti
2026-04-30,amazon.it,"Insinkerator Evolution Plus 750 EC - Tritatutto da cucina con motore a induzione da 0,75 CV con interruttore dell'aria",665.0,https://www.amazon.it/s?k=insinkerator+tritarifiuti
2026-04-30,amazon.it,InSinkErator Standard 460,299.0,https://www.amazon.it/s?k=insinkerator+tritarifiuti
2026-04-30,amazon.it,"InSinkErator Sistema di smaltimento dei rifiuti Alimentari, Acciaio Inossidabile, Rosso, 31,1 x 22 x 31,1 cm",615.13,https://www.amazon.it/s?k=insinkerator+tritarifiuti
2026-04-30,amazon.it,"InSinkErator Badger 500, Smaltimento rifiuti da cucina ad alimentazione continua da 1/2 HP, serie Badger BADGER 500",168.93,https://www.amazon.it/s?k=insinkerator+tritarifiuti
2026-04-30,amazon.it,"Artist CNTR333 smaltimento rifiuti, Nero",345.06,https://www.amazon.it/s?k=insinkerator+tritarifiuti
2026-04-30,amazon.it,"Smaltimento Rifiuti, Tritarifiuti Alimentare, Tritarifiuti per Lavello Cucina, Acciaio Inossidabile, 7.5 HP 2800 giri/min, Tritarifiuti Magnetico, Silenzioso con Interruttore, Tritarifiuti Alimentari.",178.85,https://www.amazon.it/s?k=insinkerator+tritarifiuti
2026-04-30,amazon.it,"InSinkErator in-Sink-ERATOR/MASTERPLUMBER MP 1/2HP Dissipatore Rifiuti, Acciaio Legato, 1",196.76,https://www.amazon.it/s?k=insinkerator+tritarifiuti
2026-04-30,amazon.it,"VEVOR Tritarifiuti per Lavello da Cucina, 0,74 kW, Sistema di Smaltimento Rifiuti Alimentari in Acciaio Inox, Motore CC, Supporto EZ, 3960 giri/min, con Cavo di Alimentazione, Paraspruzzi per la Casa",112.03,https://www.amazon.it/s?k=insinkerator+tritarifiuti
2026-04-30,amazon.it,"BLANCO FWD Lite | Tritatutto da cucina 0,5 CV | Smaltimento rifiuti per lavello in cucina | Tritatutto per lo smaltimento di residui di cibo e rifiuti alimentari | Capacità 900 ml",258.13,https://www.amazon.it/s?k=insinkerator+tritarifiuti
2026-04-30,amazon.it,InSinkErator PRO750 Pro Series 3/4 HP Food Waste Disposal with Evolution Series Technology,404.2,https://www.amazon.it/s?k=insinkerator+tritarifiuti
2026-04-30,amazon.it,Insinkerator 71498 - Pezzo di tritarifiuti,37.82,https://www.amazon.it/s?k=insinkerator+tritarifiuti
2026-04-30,amazon.it,"VEVOR Tritarifiuti per Lavello da Cucina, 0,74 kW, Sistema di Smaltimento Rifiuti Alimentari in Acciaio Inox, Motore CC, Supporto EZ, 3960 giri/min, con Cavo di Alimentazione, Paraspruzzi per la Casa",112.03,https://www.amazon.it/s?k=insinkerator+tritarifiuti
2026-04-30,amazon.it,"Funzionamento Silenzioso, Efficace Trattamento dei Rifiuti Alimentari, Installazione Rapida e Semplice, Alimentazione Continua da 630 W per con Materiale in Acciaio",270.45,https://www.amazon.it/s?k=insinkerator+tritarifiuti
2026-04-30,amazon.it,"VEVOR Tritarifiuti per Lavello da Cucina, 0,37 kW, Sistema di Smaltimento Rifiuti Alimentari in Acciaio Inox, Motore CC, Supporto EZ, 3820 giri/min, con Cavo di Alimentazione, Paraspruzzi per la Casa",76.9,https://www.amazon.it/s?k=insinkerator+tritarifiuti
2026-04-30,amazon.it,"INSINKERATOR LEDefense Flangia per lo smaltimento dei rifiuti, accessorio antimicrobico LED per smaltimento rifiuti INSINKERATOR, FLG-SS-LED",128.87,https://www.amazon.it/s?k=insinkerator+tritarifiuti
2026-04-30,amazon.it,"Fdit 2 Pezzi Copertura Antispruzzo per Tritarifiuti, Compatibile con, Diametro 87 mm, Tappo Silicone per Lavello",16.43,https://www.amazon.it/s?k=insinkerator+tritarifiuti
2026-04-30,amazon.it,"Tbest 2 Pezzi Copertura Antischizzi in Silicone per Tritarifiuti Compatibile con InSinkErator, 87mm Diametro Esterno",21.92,https://www.amazon.it/s?k=insinkerator+tritarifiuti
2026-04-30,amazon.it,"VEVOR Tritarifiuti per Lavello da Cucina, 0,37 kW, Sistema di Smaltimento Rifiuti Alimentari in Acciaio Inox, Motore CC, Supporto EZ, 3820 giri/min, con Cavo di Alimentazione, Paraspruzzi per la Casa",76.9,https://www.amazon.it/s?k=insinkerator+tritarifiuti
2026-04-30,amazon.it,"Smaltimento Rifiuti, Tritarifiuti Alimentare, Tritarifiuti per Lavello Cucina, Acciaio Inossidabile, 3/4 HP 3200 rpm, Tritarifiuti Magnetico, Silenzioso con Interruttore, Tritarifiuti Alimentari.",168.85,https://www.amazon.it/s?k=insinkerator+tritarifiuti
2026-04-30,amazon.it,"Tritarifiuti in Acciaio Inox, Tritarifiuti per Avanzi di Cucina da 1000 Ml, Protezione Acustica, Tritarifiuti per Rifiuti Alimentari da Cucina Sottolavello, 3/4 HP",196.99,https://www.amazon.it/s?k=insinkerator+tritarifiuti
2026-04-30,amazon.it,"2Pezzi Deflettore per Lavello con Piastra Antispruzzo per lo Smaltimento dei Rifiuti, Coperchio Antispruzzo per Dissipatore di Rifiuti in Silicone Adatto per InSink-Erator con Diametro Esterno di 87m",20.89,https://www.amazon.it/s?k=insinkerator+tritarifiuti
2026-04-30,amazon.it,"VEVOR Tritarifiuti per Lavello da Cucina, 0,559 kW, Sistema di Smaltimento Rifiuti Alimentari in Acciaio Inox, Montaggio 3 Bulloni, 3600 giri/min, con Cavo di Alimentazione, Paraspruzzi per la Casa",94.9,https://www.amazon.it/s?k=insinkerator+tritarifiuti
2026-04-30,amazon.it,"VEVOR Tritarifiuti per Lavello da Cucina, 0,37 kW, Sistema di Smaltimento Rifiuti Alimentari in Acciaio Inox, Montaggio 3 Bulloni, 3820 giri/min, con Cavo di Alimentazione, Paraspruzzi per la Casa",91.99,https://www.amazon.it/s?k=insinkerator+tritarifiuti
2026-04-30,amazon.it,"MINRS 560 W, trituratore per rifiuti da cucina, con interruttore d'aria, 3600 giri/min, 1,15 l, per lavello, tritatutto",92.0,https://www.amazon.it/s?k=insinkerator+tritarifiuti
2026-04-30,amazon.it,"Tritarifiuti, Raccoglitore di Cibo, Tritatutto, Tritatutto da Cucina, in Acciaio Inox, Materiale 370W (Nero)",275.44,https://www.amazon.it/s?k=insinkerator+tritarifiuti
2026-04-30,amazon.it,"Adattatore per Tubo di Scarico per Lavastoviglie Compatibile con Tritarifiuti Insinkerator, Include 1 Connettore di Ingresso 1 Fascetta Stringitubo e 3 Fascette a Molla",12.99,https://www.amazon.it/s?k=insinkerator+tritarifiuti
2026-04-30,amazon.it,"VEVOR Tritarifiuti per Lavello da Cucina, 0,559 kW, Sistema di Smaltimento Rifiuti Alimentari in Acciaio Inox, Supporto EZ, 3930 giri/min, con Cavo di Alimentazione Motore CC, Paraspruzzi per la Casa",94.99,https://www.amazon.it/s?k=insinkerator+tritarifiuti
2026-04-30,amazon.it,"Smaltimento Rifiuti, Tritarifiuti Alimentare, Tritarifiuti per Lavello Cucina, Acciaio Inossidabile, 7.5 HP 2800 giri/min, Tritarifiuti Magnetico, Silenzioso con Interruttore, Tritarifiuti Alimentari.",178.85,https://www.amazon.it/s?k=insinkerator+tritarifiuti
2026-04-30,amazon.it,"Tbest 2 Pezzi Copertura Antischizzi in Silicone per Tritarifiuti Compatibile con InSinkErator, 87mm Diametro Esterno",21.92,https://www.amazon.it/s?k=insinkerator+tritarifiuti
2026-04-30,amazon.it,"NutriChef Compostiera da Cucina, Compostiera Elettrica 3 Litri, Bidone Umido per Cucina, Pattumiera Umido con Asciugatura, Frantumazione e Raffreddamento, Bianca",199.99,https://www.amazon.it/s?k=insinkerator+tritarifiuti
2026-04-30,amazon.it,370W Elettrico Tritarifiuti da 1 Litro Smaltimento Rifiuti Domestici Tritarifiuti Alimentare,117.0,https://www.amazon.it/s?k=insinkerator+tritarifiuti
2026-04-30,amazon.it,"BOXOB 3pz FLG-Seal Guarnizione Lavello, Guarnizione Scarico Gomma Premium Senza Stucco per Lavello Cucina Anello Tenuta Ricambio per Insinkerator Sistemi Drenaggio Tritarifiuti(Nero)",11.99,https://www.amazon.it/s?k=insinkerator+tritarifiuti
2026-04-30,amazon.it,Dissipatore Tritarifiuti Alimentare 1L Home Kitchen Food Waste Processor Disposer Domestico Da Lavello 1000ML 370W 1/2HP 2600 RPM,90.0,https://www.amazon.it/s?k=insinkerator+tritarifiuti
2026-04-30,amazon.it,Tritarifiuti Raccoglitore di rifiuti per rifiuti Domestici da Cucina Sistema di macinazione dei rifiuti in Acciaio Inossidabile da 2800 Giri/min Adatto per macinare Vari rifiuti Domestici da Cucina (,350.89,https://www.amazon.it/s?k=insinkerator+tritarifiuti
2026-04-30,amazon.it,Sostituzione Garbage Disposal Guardia Splash GE per rifiuti King in-Sink-Erator,10.59,https://www.amazon.it/s?k=insinkerator+tritarifiuti
2026-04-30,amazon.it,"OUKANING Dissipatore di rifiuti Acciaio Inossidabile 1000Ml Avanzi di Cucina Trituratore di rifiuti Trituratore di rifiuti Protezione da sovraccarico, Protezione dal Rumore",117.0,https://www.amazon.it/s?k=insinkerator+tritarifiuti
2026-04-30,amazon.it,Waste King - Tritarifuti da lavello,194.57,https://www.amazon.it/s?k=insinkerator+tritarifiuti
2026-04-30,amazon.it,Hemobllo Gomma Per Tritarifiuti Alimentari Protezione Anti-spruzzi Di Ricambio Per Tritarifiuti Facile Da Installare E Manutenere,11.09,https://www.amazon.it/s?k=insinkerator+tritarifiuti
2026-04-30,amazon.it,INSINKERATORE CCA-00,161.27,https://www.amazon.it/s?k=insinkerator+tritarifiuti
2026-04-30,amazon.it,"InSinkErator Disposal Stopper, Accessory, Oil Rubbed Bronze",51.85,https://www.amazon.it/s?k=insinkerator+tritarifiuti
2026-04-30,amazon.it,Coperchio Antispruzzo Per Dissipatore di Rifiuti in Silicone da 2 Pezzi Coperchio Per Distributore di Rifiuti Compatibile con InSinkErator 87 Mm di Diametro Esterno,22.29,https://www.amazon.it/s?k=insinkerator+tritarifiuti
2026-04-30,amazon.it,"Tappo Scarico Lavello Multifunzione - Filtro per Spazzatura & Setaccio, Compatibile con Tritarifiuti, Accessorio AntiBlocco per Scarichi Lavello, Dissipatore Rifiuti & Tappo Acqua Universale",16.99,https://www.amazon.it/s?k=insinkerator+tritarifiuti
2026-04-30,amazon.it,"Trituratore Di Rifiuti Alimentari, Trituratore Di Rifiuti Alimentari Del Lavello, Sistema Di Macinazione Di Rifiuti Alimentari In Cucina, Serve Per Trattare I Residui Alimentari Come Verdure Ecc",70.52,https://www.amazon.it/s?k=insinkerator+tritarifiuti
2026-04-30,amazon.it,"Tritarifiuti con Raccoglitore di Cibo da 3/4 HP 2800 Giri/min Tritarifiuti da Cucina sottolavello con Spina e Interruttore Wireless - Acciaio Inossidabile, Alta velocità per Una macinazione efficient",127.04,https://www.amazon.it/s?k=insinkerator+tritarifiuti
2026-04-30,amazon.it,"Tritarifiuti, Raccoglitore di Cibo, 560 W, tritarifiuti Domestici con Interruttore ad Aria, frantoio da Cucina da 1000 ml, macinacaffè in Acciaio Inossidabile",316.24,https://www.amazon.it/s?k=insinkerator+tritarifiuti
2026-04-30,amazon.it,"VEVOR Tritarifiuti per Lavello da Cucina, 0,559 kW, Sistema di Smaltimento Rifiuti Alimentari in Acciaio Inox, Supporto EZ, 3930 giri/min, con Cavo di Alimentazione Motore CC, Paraspruzzi per la Casa",94.99,https://www.amazon.it/s?k=insinkerator+tritarifiuti
2026-04-30,amazon.it,"Tritarifiuti Alimentari da 560 W, 3800 R/min, con 7 Livelli di Macinazione e Protezione da Sovratemperatura, Acciaio Inossidabile Serie Titanio, Tritarifiuti con capacità di 1200 Ml",338.81,https://www.amazon.it/s?k=insinkerator+tritarifiuti
2026-04-30,amazon.it,"8,9 cm Tritarifiuti lavandino cucina franke per Lavello da Cucina, Collare di Scarico, Parastiti, Tappo Multifunzionale per Dispositivi di Smaltimento Rifiuti GE, Whirlaway, Sinkmaster, Waste King",6.99,https://www.amazon.it/s?k=insinkerator+tritarifiuti
2026-04-30,amazon.it,"Tritarifiuti, Raccoglitore di Cibo, trituratore di rifiuti Domestici, Macchina Automatica per la frantumazione dei rifiuti da lavello a 3800 Giri/min, 0,75 CV continui con Collegamento per lavastovig",275.44,https://www.amazon.it/s?k=insinkerator+tritarifiuti
2026-04-30,amazon.it,"VEVOR Pompa Trituratore 350 W Portata 6000 L/h Prevalenza 7 m Pompa Maceratore per Acque Luride con 3 Ingressi Acqua per Cantina, Macchina per lo Smaltimento delle Acque Reflue della Lavanderia",82.9,https://www.amazon.it/s?k=insinkerator+tritarifiuti
2026-04-30,amazon.it,Tritarifiuti Splash Guard Smaltimento Rifiuti Protezioni antispruzzo e tappo Lavello Smaltimento Smaltimento Sostituzione Tappo di scarico Protezione antispruzzo Cucina Scarico rifiuti alimentari,15.8,https://www.amazon.it/s?k=insinkerator+tritarifiuti
2026-04-30,amazon.it,"VEVOR Pompa Trituratore 700 W Portata max. 9600 L/h Prevalenza 10 m Pompa Maceratore per Acqua con 3 Ingressi Acqua per Cantina, Macchina per Smaltimento delle Acque Reflue della Vasca da Bagno",107.9,https://www.amazon.it/s?k=insinkerator+tritarifiuti
2026-04-30,amazon.it,"NEWTRY Compattatore per rifiuti, Pressa manuale della spazzatura per bidoni da 120L e 240L, frantumatore di rifiuti strumento di riciclaggio con design salvaspazio per casa, cucina e esterni - Bianco",65.99,https://www.amazon.it/s?k=insinkerator+tritarifiuti
2026-04-30,amazon.it,"Deflettore Antispruzzo per Tritarifiuti da Cucina, Copertura e Accessorio per Lavello",8.99,https://www.amazon.it/s?k=insinkerator+tritarifiuti
2026-04-30,trovaprezzi.it,Insinkerator 71498 - Pezzo di tritarifiuti,37.82,https://www.trovaprezzi.it/goto/879202570?impression=Vzl6eFN4eHZRNFR6eHNPUVlyQmdxYjQ3RWtTNlVROExKZEFqS1c0UWNPNjlNY2prTFhYQ0FnPT01&search=aW5zaW5rZXJhdG9yIHRyaXRhcmlmaXV0aQkyMDM1&pos=1&nb_results=4&pc=4&sc=0&tc=16&offer_ss=pc&tr=prezzo
2026-04-30,trovaprezzi.it,InSinkErator Tritarifiuti Alimentari InSinkErator Power Premium 550 EC,250.0,https://www.trovaprezzi.it/goto/830352453?impression=Vzl6eFN4eHZRNFR6eHNPUVlyQmdxYjQ3RWtTNlVROExKZEFqS1c0UWNPNjlNY2prTFhYQ0FnPT01&search=aW5zaW5rZXJhdG9yIHRyaXRhcmlmaXV0aQkyMDM1&pos=2&nb_results=4&pc=4&sc=0&tc=16&offer_ss=pc&tr=prezzo
2026-04-30,trovaprezzi.it,InSinkErator Tritarifiuti Alimentari InSinkErator Power Premium 700 EC,387.0,https://www.trovaprezzi.it/goto/830352454?impression=Vzl6eFN4eHZRNFR6eHNPUVlyQmdxYjQ3RWtTNlVROExKZEFqS1c0UWNPNjlNY2prTFhYQ0FnPT01&search=aW5zaW5rZXJhdG9yIHRyaXRhcmlmaXV0aQkyMDM1&pos=3&nb_results=4&pc=4&sc=0&tc=16&offer_ss=pc&tr=prezzo
2026-04-30,trovaprezzi.it,InSinkErator Tritarifiuti Alimentari InSinkErator Advanced Evolution Plus 1000 EC,720.0,https://www.trovaprezzi.it/goto/830352452?impression=Vzl6eFN4eHZRNFR6eHNPUVlyQmdxYjQ3RWtTNlVROExKZEFqS1c0UWNPNjlNY2prTFhYQ0FnPT01&search=aW5zaW5rZXJhdG9yIHRyaXRhcmlmaXV0aQkyMDM1&pos=4&nb_results=4&pc=4&sc=0&tc=16&offer_ss=pc&tr=prezzo
2026-04-30,trovaprezzi.it,In Sink Erator Waste Stopper by In-Sink-Erator,19.89,https://www.trovaprezzi.it/goto-secondary/-112?impression=Vzl6eFN4eHZRNFR6eHNPUVlyQmdxYjQ3RWtTNlVROEwvM3VOVmN2ZTdzSnJxUldRb25GWm5BPT01&offer=NmZpSkdyQ2JkMWo2bHAybmNYMy9FY2xiR3V2bEN0bFo2T3dremlMenMxUjRGYktKZDI1bWhXck9La0U2dUV5aDZ4Rm1ja0FOR0t3L2xrRThvZGxQQklTTHlSaXd0Q29GWmNRYlo1V0d2Yzc0bjRkQ0tydjV0RzlqTUJEZ3F1Uy9nTk9RWVBvbXVzeXhCQTNOM2NyYXBZVjgvQXAvQ3NxU0RnV3JNK09sU1FaQU1JU0h6ZEV5cG1tbE8vSVdEUENOc2NXM0R6eHhwZkxMbFB4S1M1aDM0REJKdVFQYzVyK21ZTTVocTg3UDVYbnNlTzBrZzFiZ0ZBd0dRNHduTVM1VzZEMzN3SjFpU2w4WHRXOVo2aG5rWHp5d1lBQmlPbklrak5uR3JHKzltWk1nVnRjeHo3U2plZjdKbm92OWhCNHNHbStURklNbWVxSVNndUp5ZnZWdHd5Kzl5NHh3ZzBZaw2&offer_ss=tc&pc=4&pos=1&sc=0&tc=16&tr=prezzo
2026-04-30,trovaprezzi.it,"2Pezzi Deflettore per Lavello con Piastra Antispruzzo per lo Smaltimento dei Rifiuti, Coperchio Antispruzzo per Dissipatore di Rifiuti in Silicone Adatto per InSink-Erator con Diametro Esterno di 87m",20.89,https://www.trovaprezzi.it/goto-secondary/-115?impression=Vzl6eFN4eHZRNFR6eHNPUVlyQmdxYjQ3RWtTNlVROEwvM3VOVmN2ZTdzSnJxUldRb25GWm5BPT01&offer=NmZpSkdyQ2JkMWo3bXBXY0pvRlcxUnpZM09LRGNKVUM0RmI4L05JVEtnc3RJR3k5aCtFazFualJZK05pSC9ZV3BTbTZFS0tXSWJ6RitlcFRoRDFpdEEvdkZ4VmtNSGdnZGc4anZsZ0p2dy9jVzRjcFV5ZzJ6dGFNd0I1TERmUGR2SlExdnlKa21zNGNhdWh1SUJ0dmJ4eGlpMTY3UmZmZTVYelhyRWRiZk1LYnlheExFck9ETjBYNHJOVi8zZkh0K3ZWK2dEaHcrTnF4UzBwcE5Bb0VDSVVzdE9IbXA3R0d2SDE0aDUyY21OTFVtMEx6ZjRDSm5KYmgzSjM4RlRZSFYyTUZVb25yUTV4TERPNjFlbnJNMGNZUDRGVjRFYTRtRmxFaVV5ampCMDBqWmlSUmVmbTRTS0IzbEdBSGFad3RyY0VyQlN3SFl2Umc1czZJNXNJUUpybG9PaFZKQjdUYWN4U3dIcjY0S0hwaVo0WTJvYlRYN2ZxaG52aXBxQWVldmwyczIxd0VGTUJNR0VNeFB0NjdERXdOK01oejhnZU42QVJvSm9qbUJPSFB2K3grVFJNc052eW5LYkN4RlAxbTdkekJLc0tEcW5aRGx0QWxzOWRMbm1ZTU9SS1lOdWRUdmNRM2tTTGJuSXpoMEVvUnk0aUpxR0paMmRKUC9BNWwxUWdQcFJsbGRNUWEySTNZMUFSTlNMSHVXZ09Lam92ajBqUmFndEFKajFBPQ2&offer_ss=tc&pc=4&pos=2&sc=0&tc=16&tr=prezzo
2026-04-30,trovaprezzi.it,"Tbest 2 Pezzi Copertura Antischizzi in Silicone per Tritarifiuti Compatibile con InSinkErator, 87mm Diametro Esterno",21.92,https://www.trovaprezzi.it/goto-secondary/-113?impression=Vzl6eFN4eHZRNFR6eHNPUVlyQmdxYjQ3RWtTNlVROEwvM3VOVmN2ZTdzSnJxUldRb25GWm5BPT01&offer=NmZpSkdyQ2JkMWdYNmhYN212RWN6OWJ6K3hqNndiU2JjcmVjeVZJcWJZdUJXUzlpRmtKK2w3ZnQrQy9BTXd5eVRlNDM0bG91NTVORGcwaU1BNWptMmJyNzcyUU41cTY0VTNZMzhxQ3hBNDlsZmNQcklXdjJjczEySWFMSVBpS251ZFFkdU15Sy9iaUo2WElReFFKaVc0alJGVTREejVkZXBwb1V3a3MxVEtOVXBPWlFaaElOaFhxTit1YVZHWEpCcWdieWpzZEw3d2JoaCsxa2oxOFlOcCtEa3htTHZ4amw0NUkwUjFBaklqQUxPWW1pTEE2Y2gwTnJ6TngxMHE0SVY3dTV2V1p5MHJBU3RGYStUNFFaYVkzTU9RNlFkM1lOY0s3QmRRdUwrZnZ3L3c2QjZuWjdaOUYzeFV2TGxBdTZMTHN0U0FNRVM4Wm5ab1Rud00zSFBGYTZnV2krWHU5QytjSG9kaFVrdXFualRhN3FBRUU0NmFjYmpXQVBFNUkwK2FlYUkxRG5iNGtHaHlYbFNRMDlEa0Q5Q0hZU25NUWY5NjVhSy9Jcm1Bd0RKTWs2Vkd4dFhzc1QxNEN5UGJYbQ2&offer_ss=tc&pc=4&pos=3&sc=0&tc=16&tr=prezzo
2026-04-30,trovaprezzi.it,Insinkerator 71498 - Pezzo di tritarifiuti,37.82,https://www.trovaprezzi.it/goto-secondary/-110?impression=Vzl6eFN4eHZRNFR6eHNPUVlyQmdxYjQ3RWtTNlVROEwvM3VOVmN2ZTdzSnJxUldRb25GWm5BPT01&offer=NmZpSkdyQ2JkMWpmOUZXNEl5VDZaUjA1NU8yZWRRVG03MythTW9SbzBDTW8yclIxdGVLTGtXRWNJdGNMaUVSZ2FuZ3FFMmdCNEtvSStZVXBWc3pJRy9Nc3NYcGlnc3hYUU1LdWRKTy9WOGlrakN2K3czWmRmZVgrMmUxT3F1QkhPRmw3OGJLZnFFNC8xVnk4c3pvRkxMbmtJWW8xNU1aS0VRSmMzbHM1alMyQ0pMeFFmZ25XdDNYZ2FnU05majFXM2RXZUNPSUd1OVpES0dVeFdURk10bEtvSVZ4ZnZMcmMrbG1xeHB6dWJKQ2NRQXZ4NDF3UmsxWTFkTXpkNDBLbGw4ajBtSkdQOUNsclBHRnlrVWV3d1NiWjN5VXpKRDRJbGpIdnZQUUVGWGNuT0k4YTFuQ3lGYlc1QWRJNWxKSkR1NnVrN0FyajhoZ1ZTWFp5OUI0aUlaZmdseXdMQ2k0Wg2&offer_ss=tc&pc=4&pos=4&sc=0&tc=16&tr=prezzo
2026-04-30,trovaprezzi.it,InSinkErator Pulsante di ricambio originale - Interruttore pneumatico per smerigliatrice rifiuti alimentari,53.9,https://www.trovaprezzi.it/goto-secondary/-111?impression=Vzl6eFN4eHZRNFR6eHNPUVlyQmdxYjQ3RWtTNlVROEwvM3VOVmN2ZTdzSnJxUldRb25GWm5BPT01&offer=NmZpSkdyQ2JkMWl3SVZYREFocFREeTdJSXZnSTNnVWttaG9xRDFKcHFaSk9XUnlQYVMzejE2RElDUW9kc2JYaWlnK3E1Y0pOZjFsNGt0NXZlK1RPazR4d29BRWpUZVZqRk91VUFLU1gzc1c1TG5IWktUVGtNTjV0dms3QTgrZTJpdVg5Z0VTUzRmL2liaFRUaVFDR2t2cnZHbSsyMWdUSnF5ZG9DWDRSMkoyVTFMYjM5M2JNMkM3aW41RTN1QjgyRlJaUm93T2E4dnVWdkZEU1N3RDUvdTJBcEkzeE1CSTkwRmJIN0dMejR2Wm5lbldjVU9Ocm1KWHo4NFk4TWN4N0VVVGpWcTNwR3hteC9wZTRWWStZOW1qc0luWDN0QUYzT1hLcXJwR2daL3p5cWlmbW5QQ1c2bVpRMWdwMGdsR0daR2loaEVyYThHSll0K2hGejk4VVMycm5CV2F6d3JJWTFkVllNenR0Q2J5YnBacWI0YWdJSXJXZElIQjBBM3RDVlpoaFpMKzUyRVdBSFdCdEs1WjdCbVE3cWJFN0YvZGVKMDlOazlQU2NXZWpDdHIzYjNZeGR3PT01&offer_ss=tc&pc=4&pos=5&sc=0&tc=16&tr=prezzo
2026-04-30,trovaprezzi.it,"VEVOR Tritarifiuti per Lavello da Cucina, 0,37 kW, Sistema di Smaltimento Rifiuti Alimentari in Acciaio Inox, Motore CC, Supporto EZ, 3820 giri/min, con Cavo di Alimentazione, Paraspruzzi per la Casa",76.9,https://www.trovaprezzi.it/goto-secondary/-114?impression=Vzl6eFN4eHZRNFR6eHNPUVlyQmdxYjQ3RWtTNlVROEwvM3VOVmN2ZTdzSnJxUldRb25GWm5BPT01&offer=NmZpSkdyQ2JkMWpsUE1Vd0hUZFFwWnJRZkNabjYwU3Q4UVpqRGFuZXBNMHFzNllWL3dhaHU2b2JGMzlmaDMvM3QveXR0RGI0MWxoUnpNVEJBUW5sTHhKQW9GaUxvWncxMG5scGFheGNOeUNZeGpsNk5rc295QXFqb29NU3d3TjhRQzI0QWYvVHNocUhyVWFqb0R5cWNVQmVRRlRqY3grY0kyYTg4TkJzQTJmbjlwNUFKNGIzTUFGeHZXUURwQldOYVZtS2Y3MGEyYUJ3Q2ZZUWZKR1pidzhIeDRsRFYrL2JpSVBmY2FmVU1BU3gzbFlGVFpVTk5weVZzY1QvdXlOU1RrMlUvM0RpbDdYNkVlZlZ2N1FGendpL1dDQmNXUlBVWG9YVVdDelBIMG00dzZHcG9BWGNKakpNeElvbHduQUdzdW0vR1dzMmVTM081dExPbTRSb0JVMnEzbnRwRlc5VFBzbHIycVF6dzlwb0VpdVVPRkRGQkpwMUJ4K1N0dTV1QjVIazBPNXA0N3oySFFSZ2JzeGIxeGtZMWN0eDc0b0dkMVowcE1qdUt4OWxJczl1MlVRcnViK0VWUmw1Y3QzZnQxa3oxQ1kwVzl4eFBFN3hJWVZNeUM1VmJaNWNCZkpTOVN5Q0RpeVdtMm1qRHJJQ0txMlREL05HcGVBeVpOckxISFo5Q2FleE1Fek52QzhaNTR2VjZyTXZjdkNzb3dBRkRCY1FRNFE5bkRBPQ2&offer_ss=tc&pc=4&pos=6&sc=0&tc=16&tr=prezzo
2026-04-30,trovaprezzi.it,"VEVOR Tritarifiuti per Lavello da Cucina, 0,74 kW, Sistema di Smaltimento Rifiuti Alimentari in Acciaio Inox, Motore CC, Supporto EZ, 3960 giri/min, con Cavo di Alimentazione, Paraspruzzi per la Casa",112.03,https://www.trovaprezzi.it/goto-secondary/-107?impression=Vzl6eFN4eHZRNFR6eHNPUVlyQmdxYjQ3RWtTNlVROEwvM3VOVmN2ZTdzSnJxUldRb25GWm5BPT01&offer=NmZpSkdyQ2JkMWlWdTFGdFU4NkFGNm5mdGp3b1RjaUdtRUxWRi9md1VQZVVzc2VrNjdaeWsxYXJ2UHYwZDFqbFY3a1NqL241VFc0K3dRUGJnUXNLZ1ByWEtmcmdRUm5jcjF6eVh0WnFOcjV1NGVPdnFkWFRwakVYZXJadEZUNmxDelV2cno3WlJzaHIxUndnbnhIOG9zQXo4T2NFbnFZYTdweXFRR1REaDhPK3JoVFN4d1BaZERNczJmeDNnckxHMEthOWhReTIxckRWRFJQVCtjc3VIRGpVcnNXakFmQmZsRExaejdZVVdjWGRaRHJ5eDNkaVl6Z1IrLy92QXVCSFJTMWMrVVJjdjBzM2MyR3VHTW9MY0s3aHpoNEtucEZRTmFORW8rQU0yeTMxZ0dCOXpWd1dZc0oxb0xXNTM0NVRISEhTc1lhNXNhTHRPT3ROTnd5THdmWSs0SGpWYURmaExKdk56Uk83L1I4bC90cm5mN1h2K3lPQVRPRFd0RURPQ3V2bjdkZ0k0bXNrSURPaktrRFZQN2R5N1pUVzBVb2NhamxaL2RiZTNiZVpvNURybGNXWk1tVk44c2VwZXVHS1ZMUEcyeFFjM1p1alZMNFlGMUNxRXpGRXMxalRaR0dNaFJPOEF4NTB2M2RBNUttclNlcHpKRnhNMk9zWTB2dDFrbmRybWJHOHZQZ0k4Q2Q0L2UyclhXSXNaOVI4TDRDV2V1TzJIVUlGTmpFPQ2&offer_ss=tc&pc=4&pos=7&sc=0&tc=16&tr=prezzo
2026-04-30,trovaprezzi.it,"INSINKERATOR LEDefense Flangia per lo smaltimento dei rifiuti, accessorio antimicrobico LED per smaltimento rifiuti INSINKERATOR, FLG-SS-LED",128.87,https://www.trovaprezzi.it/goto-secondary/-116?impression=Vzl6eFN4eHZRNFR6eHNPUVlyQmdxYjQ3RWtTNlVROEwvM3VOVmN2ZTdzSnJxUldRb25GWm5BPT01&offer=NmZpSkdyQ2JkMWd3NTFMZmxOT1VyRGpqNWoxN0ZwT2NnNjludkFDa2dwQnFWamJBendYbU9GMUNrSEc5Rm1adk9FMVBVL092T1lOa2lDYllJVVAzd2NpZXQxc29WZm1qOC9zM3JrZ1ZpNkZTWFNUZUlQaVBveHhhUmczazNtQ0tCZHFUcW5sck9BSDBSS1RVQ0xkOHNmVWZ0dnE0VTdIVDNYQ3FXcEw1dkUweVlSSHI0MFMyVUkzckpqV2tsU0ZGUnk4NloxZ3JPV3o1QnUzdys2TmxuaWl3OWNyRDN6MGtOY1V5cjRScmlZRTRrR2l0eCtnSVRWazRYN3dtaXM5SksyVElKTDJEQm9sS0w1STd5aThSTnFOeXhpekVlNE9kWU5oZGFaMk1HWWlGRlkyS2tEeWM2NEM1N2lzMjN1NVJFbXIwMEdraGRIbHR4MzFMYkNEMmVkbGZ1M0FsclJwVW9SZm1qMGNaRzlKRmtkUUlYWlo0VVUyQ1FXcnVpZUFMVUlyRXdQNllFbllmSzJuZER6azc4cFhGa3BBQWxKZWtPZHpjQm9oMDNhUkw5R1J5MXVtM0tLanhyWUlrU3hVU1psNFZFNU83UmNENVRDdEFJTUZmZGU5ZjhXSzlBeERP0&offer_ss=tc&pc=4&pos=8&sc=0&tc=16&tr=prezzo
2026-04-30,trovaprezzi.it,"Smaltimento Rifiuti, Tritarifiuti Alimentare, Tritarifiuti per Lavello Cucina, Acciaio Inossidabile, 3/4 HP 3200 rpm, Tritarifiuti Magnetico, Silenzioso con Interruttore, Tritarifiuti Alimentari.",168.85,https://www.trovaprezzi.it/goto-secondary/-108?impression=Vzl6eFN4eHZRNFR6eHNPUVlyQmdxYjQ3RWtTNlVROEwvM3VOVmN2ZTdzSnJxUldRb25GWm5BPT01&offer=NmZpSkdyQ2JkMWpPM1E0NWlaREd3TnB1eFFVOWpFYlV3V0NmbWVDTEIrK1pXdThxY1Q2dlQwdVkwTXRCWU5uRFFaMm5ObkNXRU5INktIOFdMYnpva09KN04rSG9kRGN6RkFSK3d6blhRZHRhUGgzZW54L2E3Rmc2Mi9SR1YxUjgwdGZmcDlSY3FpRVpHVUh5bEdrT3pxSnZCR3duanpaMHZsajFYMGx4Rk14WTFLU1dCNXUrSHlPYXlWNmN6ajA5eUwwVFZOWE93MGdvUVR4OVdGT2svQzBjYmtoWmxVRVJySWFyREZ1L2E3QVBZdUF2a0doWVVHMWhWUmdxNXkzUlJ5elJ2T2N1RkhjdDZyaS9VMnlIdjhSUDRoc0dmSGlYWWl5anVhK0pTRW15ckRSTHJja3RYYjdnaHIrc1ptQml3a1QwTHZwNnBrRXdrRVNlNHFQek56cERLSzIrVmFNZVg2V1YvVnJqN1hwMHRaQmhMa1NyS2xKVE50cnJReU5GV08rWStmZXhPUEE1QTlSdXp4Ylc0dlp4OE0vSThJR3NBYWFSNkJHQzlNTUNJU2tLUk1tNHNHQ1IrSkJQVFJ5U0Z3S1owYVJzcHhlbVh0dVJ4TlhXblFDNmhKUEQycXVvUVdhaDNLenNBaHlTSmp4aExjWlJHMlVJSHBnK0pVMUhZZkFoNHpYQkJNTHRVblhWRzFoRnpBNXY0bUNFN0RmY2I0bENHQkNUWW9jPQ2&offer_ss=tc&pc=4&pos=9&sc=0&tc=16&tr=prezzo
2026-04-30,trovaprezzi.it,"Smaltimento Rifiuti, Tritarifiuti Alimentare, Tritarifiuti per Lavello Cucina, Acciaio Inossidabile, 7.5 HP 2800 giri/min, Tritarifiuti Magnetico, Silenzioso con Interruttore, Tritarifiuti Alimentari.",178.85,https://www.trovaprezzi.it/goto-secondary/-104?impression=Vzl6eFN4eHZRNFR6eHNPUVlyQmdxYjQ3RWtTNlVROEwvM3VOVmN2ZTdzSnJxUldRb25GWm5BPT01&offer=NmZpSkdyQ2JkMWlrMWhvVWE1QjNMNm9hOG5HbUVoaXhGOTFId290RUYxZUFWN2MvdW15Zm1qaTJiNm9OcjdoOFBHempPVDVmVjRRZGh2WUlPV1VaUER5WFEzNUsxeUw0YTdNS25hT1FNR2lDS0EyOXpWUjAvTEZVSUEya3BaTWxRWTZkNElTd1l1MjQza3JrUHlPMGs5aG1EY1dQaWVHbFErSzJoMXFwcmpRRmRsVEpEaURuajBydDhHTkxDVS9QbDJCRGRRTU0wdEJGcmVvQTJHakwrMTZITzIwVFRtNUVVczlLOG9hM2ZvdXZQLzJNWnpHQ2tydnRoTitkWXFueDFMTHllWDIzeHYwMFNGYk5kZ0ZXWm8zVVVJU1JFVFVRNW5vR0lwcS9QTmcrblpMc3BoL3I2QWFGTTkxUjFDcGlUeE10VWoxaUZCbDJrb09mQW05KzRDcmFDak5Yb05QVWMvSUMrK0tYeTJmQmN2UWM1UndVVEJqdHJVUjMvVkx6aTVIOTZqclhDOGtlSERtOURoSEdrMXZBN2ZjVXphMDNISjFNWkVjMGo5b3pNYlhKY09IQVN3WXlSSHJ2Q1FydytCY2FSNHpySEM0YWo5MWQvcnhWYnJKSVpvQ1Z0akkrL1NxNFd2M0xiUTMzQng5cWpXblF2UFNhN1lDWnRqRFB4ZCtpSktVdGpNRVpRamlzWjE4elp1ZTUzV0M2b3hSSlZIcFh1RjU2MUQ4PQ2&offer_ss=tc&pc=4&pos=10&sc=0&tc=16&tr=prezzo
2026-04-30,trovaprezzi.it,"InSinkErator in-Sink-ERATOR/MASTERPLUMBER MP 1/2HP Dissipatore Rifiuti, Acciaio Legato, 1",196.76,https://www.trovaprezzi.it/goto-secondary/-106?impression=Vzl6eFN4eHZRNFR6eHNPUVlyQmdxYjQ3RWtTNlVROEwvM3VOVmN2ZTdzSnJxUldRb25GWm5BPT01&offer=NmZpSkdyQ2JkMWh3M0M4OW9IMXlMbVVKS28yVkFzN0FQL1Z6aDZzb25TWWJNVHVtOXVGLzVuWHNjL1lEZXd0akxIdys0T1poUzBTSWtJb1RkSVREYkF4R3BmU2V6TjJRTU9laEppM20yZlpLR2pVODdwcS83VHBtNFVWcjdObDJ0VkIraVlzZExVM3UwODJiWjhmelBEdFd5L1M2Z1Qwa2tXcnFlZER6VTVBdW04MGo1VzdGOFNzdGRsZGJxc21VU1gwVHRjSmp3L1pwVjRONmJURzFsK1lMaXNPcm12UXlqRUMwZTZEMk15VlNiS3dGeFUvTXhXR3U3L1hWbzA1OGxjR3BNeGJCc29zM2VjdS9xbUZnbHR4bTZhWitYbUI5c2hxVkI3N0pCcHpjeUpFeDJ6M1BmYXhndTh3bHl1eUg5SCtvY1dsd1lLMDJFaCswcjlDaWU0bStUYTdGUHJuNEJ5TkJpUnhBV1BIU3BQRUFEbENDMzZFOWtndkVHc1NGd1FVTXBnaE5jdjhiQnhTQWtBdXJNSGVoLzN2d2FkdUE1&offer_ss=tc&pc=4&pos=11&sc=0&tc=16&tr=prezzo
2026-04-30,trovaprezzi.it,"BESTXH Tritarifiuti in Acciaio Inox, Tritarifiuti per Avanzi di Cucina da 1000 Ml, Protezione Acustica, Tritarifiuti per Rifiuti Alimentari da Cucina Sottolavello, 3/4 HP,Nero",196.99,https://www.trovaprezzi.it/goto-secondary/-109?impression=Vzl6eFN4eHZRNFR6eHNPUVlyQmdxYjQ3RWtTNlVROEwvM3VOVmN2ZTdzSnJxUldRb25GWm5BPT01&offer=NmZpSkdyQ2JkMWkvVUlGbmNBZ08xcU5CVit3UmhGVlNYK1Z3YXVTcE10Z0xLRk9qTWwzVTF5Z1NuQVB1ZHpNS2o3M0RCOUxzaFZiUEFvT1pRQm50Q0NKZjNnbnZvc0FCL0FNbEhNeWRGckJibXlwUmRRRGJGcStmVy80SUtXTWgrdFdGRnpiaUc2TmZ5R21ieFQvUDZqVjgzNDZHMkRPbHJJUWVHK0RlU1QzSmRPZ29hTGVnRHN5d1hZaE1UVm82bi9BcitNZ24xSEtNejNJVW5pQzNrdnZNN1RDZWJoa3J3aHM0eXNxbzNITjUvRTRDV1F3N1dtWk1zVDc0VzZyUzJxNjhVZHJ1ZkcybmI2c1BDVjRKcFkyWFUvWkZMcENCbGoyVkZEQUFLbGRoUVFCL3hRSDJncDFTU3FLVzkvelpHQjA2ang1SHg3L3NCVlMzeXBtSC9HSDUwKzBVQzVlYU9HRkkxUzdCT0p0UG5id3EvWTFCU3FPR0FPQmcxZFRjelZBZ2FoMkRUTmZjVHBpMUNNaXQyR2xZb2VtTjc4eExEWmV0eHlLUHliaEFXM2oyNVlvcEJndmo4M2s5c3lJSWpOL01HS2tPQ3FzMVpqL3c2bjZHMDVSd3k3QUJLaE9NNW5iUXN1TUV3bEtZQ1gvTlhGempabWpzeDJ4NWV6bUkvQTlGU1VDSE5lbz01&offer_ss=tc&pc=4&pos=12&sc=0&tc=16&tr=prezzo
2026-04-30,trovaprezzi.it,InSinkErator Standard 460,299.0,https://www.trovaprezzi.it/goto-secondary/-102?impression=Vzl6eFN4eHZRNFR6eHNPUVlyQmdxYjQ3RWtTNlVROEwvM3VOVmN2ZTdzSnJxUldRb25GWm5BPT01&offer=NmZpSkdyQ2JkMWlzQmg1Zzh5cjk1SEZidVJnNGZud2pmbDFZVjdpZXNVZTlLSFRmbTJpMlB6L0pDVXFTZitRelVQUFA0MlVsVlZoYVZHSitqRFJNMEE5S3NqM1BkYlZzYW9hNVh6M2xmQzYrSVdRQkx5OXhNTm9CNncwSnFPblEzZFB4OWFsTHNjd3dNZ1AvRnRVNlEyWGpFVFdFNVBaazZDM1d1VytjeExZem9FRWw4anJXOEVOVFM0L0pjMGF0R053WEE3SmFHRE4zZHhoSGs1Zk01NEkraDVWWHRNTVRMRkpCY0xYQ2RPU2Z0NEhxcVEyaC8zaUhMWno0dEtGdXJKaFloZEJMUnA1b09hNnR3VnZMd1RSeWJZdGpqcFYzNHRzMW5lbS8zdUJId0FKUW9GaXRSYnRUd3BjaklDNnI1&offer_ss=tc&pc=4&pos=13&sc=0&tc=16&tr=prezzo
2026-04-30,trovaprezzi.it,"Insinkerator Premium 550 EC - Tritatutto per rifiuti da cucina con motore a induzione da 0,5 CV e interruttore dell'aria",338.0,https://www.trovaprezzi.it/goto-secondary/-101?impression=Vzl6eFN4eHZRNFR6eHNPUVlyQmdxYjQ3RWtTNlVROEwvM3VOVmN2ZTdzSnJxUldRb25GWm5BPT01&offer=NmZpSkdyQ2JkMWhkb1Q4bTN2bUZQUXZDV2RhQ0ZmdlJWMURwOEJTK0Z4NXl5MU1MdUQrdzFwak9BVG1kUkw2aEVFa0pjN1VXUUpYYXlRTTdlTDJUWXBMdkV3QkNremFiOWowZmhVcHo4SmpiSTRpN3RZU3cwS1FmdnRHN3RKYXdYNC9zbEtzMGpwazJORWNxVUR2MS94NmJobFZXZU5KOXhHNnhMYUQwZzRDeTAzN0FuaytJWlhveGRkVnc0bWZOUDZHd1lEclVzdlhzQit3TVEvSUkzVkl4Uy8wK1FocWdEaHpEZjArZllRUWc1blBHOEtsYzBaVjVJTCsrNFQ2ajY4SUxaNGVXS1ZVb1dBM2JnSTZJTk95YWhrYTJiWXNkVXhOK0NLMlhpVlZmNXdsUldQTEZUK3hwcEdhZnA2ZEV6N0tYN0VRVjgvdzZ2SzUxVTJQdEhPQ2oxMk1pMWFRK0J2OGhMTENvY2xjZ3FKSTJOVjBwa0xjbGU0WnBzeFludnp5N1FvOUdNcllCeHQ4TnNvQ3QveVMrNW80VFFKTTR1MDhqV0JnclZocUtXVTQrWndSSlRONU5hdG9odldEMg2&offer_ss=tc&pc=4&pos=14&sc=0&tc=16&tr=prezzo
2026-04-30,trovaprezzi.it,"Artist CNTR333 smaltimento rifiuti, Nero",345.06,https://www.trovaprezzi.it/goto-secondary/-103?impression=Vzl6eFN4eHZRNFR6eHNPUVlyQmdxYjQ3RWtTNlVROEwvM3VOVmN2ZTdzSnJxUldRb25GWm5BPT01&offer=NmZpSkdyQ2JkMWd6YjYzdlNnajR5Mjd3bTc3eDA3UE8ySDk0c0Z5RHNqckliaGJJeGJuS3Z1d1ZuV3B4MUVEOFBJWEtXNGlMM0VYR093UjlFMlk5UENKeldwdk5vejBFeEREZGZjV0xWbXo1Q1lpS1FYNHgzQldZaWhiRTMweU9lTnEvYXZjdXlHWFg0Um9NNXJmcFdOK3hXSHJTMHh6anZuNURVWmgyV2dFSVBwblY4L055NHhKV01QWmFVSWJ4aENUTHJBcE9QbEQ5VklGbkNuUlhSRlN5empSVG4vam1oMXREdEsvSHFKOW5ielRISzU4QlZkV0FTcE52RlFWdXJpU3RWSERpQ3BVcEd1QUxXeW56L1lFbWV4VXZyejA3ZTN4VUU4cGNLQzlqYXlJOEp5TThkM2dNdjBGbWQ2Unh1ZCtNM3Bick42QXRXZ0pRQzltWEt3PT01&offer_ss=tc&pc=4&pos=15&sc=0&tc=16&tr=prezzo
2026-04-30,trovaprezzi.it,"InSinkErator Sistema di smaltimento dei rifiuti Alimentari, Acciaio Inossidabile, Rosso, 31,1 x 22 x 31,1 cm",615.13,https://www.trovaprezzi.it/goto-secondary/-105?impression=Vzl6eFN4eHZRNFR6eHNPUVlyQmdxYjQ3RWtTNlVROEwvM3VOVmN2ZTdzSnJxUldRb25GWm5BPT01&offer=NmZpSkdyQ2JkMWdFVWduaTZLOFdEdmZNTkh2SG1pNEJVaGpxMEl1WkhlanMwNm1EcXVRaXRlT21QcUFvblNmRGJMV3BvUzFJWjBJT3pqTE9QTDhqRFNoelBSY2dhMzFMZGdGeWVKbmVVVzF1VDZyWnBKOEJuZUNycHBKNjZqbWllTDIvSEVQdHlydGxqY3greTNOVnRnbXoyVGtXVW1DcHgxQ3ZURnp1dmsrY2U3MEtBZW5jbUJyakozQXNWcktEc0VXTzNsVXVCUmpSRkRCVmFMVjA1N0dXSmUxbzliN3NydjZPU3hvYnQ4RjlZLytBWUYxem00d2I1eGFiT1Y1L01FaUZrZjgxbG9RZGFXS0tEa0trclZZQWxMMFZMQmQ4UkZxVHRFNlkzR01vSEgxam9MRjArRE9NOFdOYlRueCtyUjhrSEVWcGpkTW43OUVzdVVTNktKVGdmZUw4ZEhESDNiUTBTUFpzMUN5UnRjMElXejlnV0xySHFFYjRRbGF4M1hNZk5FWjhoMCtTTEpqYWxSWE5DdEtJYkRZdUczeUN5LzFLYVFKRENVR1B2anNBTlMxY2hRPT01&offer_ss=tc&pc=4&pos=16&sc=0&tc=16&tr=prezzo
2026-04-30,trovaincasso.it,"Insinkerator 1974550 Dissipatore  EVOLUTION PLUS 550 EC Tecnologia a due fasi - Potenza 0,55 HP",264.74,https://www.trovaincasso.it/quickview/index/view/id/27239
2026-04-30,trovaincasso.it,"Insinkerator 1974700 Dissipatore  PREMIUM 700 EC. Tecnologia a due fasi Potenza 0,75 HP Con tappo salvaposate",435.54,https://www.trovaincasso.it/quickview/index/view/id/27240
2026-04-30,trovaincasso.it,"Insinkerator 1974750 Dissipatore ADVANCED EVOLUTION PLUS 750 EC. Tecnologia a tre fasi - Potenza 0,75 HP - Con tappo salvaposate",656.36,https://www.trovaincasso.it/quickview/index/view/id/27241
2026-04-30,trovaincasso.it,"Insinkerator 1974100 Dissipatore ADVANCED EVOLUTION PLUS 1000 EC - Tecnologia a 4 fasi - Potenza 1,00 HP  - Con tappo salvaposate",824.72,https://www.trovaincasso.it/quickview/index/view/id/27242
2026-04-30,trovaincasso.it,Insinkerator ART. 1975078 MODELLO LC-50 PROFESSIONAL Dissipatore ecologico professionale con tappo salvaposate,1150.46,https://www.trovaincasso.it/quickview/index/view/id/27243
2026-04-30,trovaincasso.it,Insinkerator ART. 1975075 Tappo salvaposate,34.16,https://www.trovaincasso.it/quickview/index/view/id/27244
2026-04-30,trovaincasso.it,Insinkerator ART. 1975511 Kit raccordo lavastoviglie,39.04,https://www.trovaincasso.it/quickview/index/view/id/27246
2026-04-30,trovaincasso.it,Insinkerator ART. 1975512 Kit collegamento troppopieno,61.0,https://www.trovaincasso.it/quickview/index/view/id/27247
2026-04-30,trovaincasso.it,Insinkerator 1508165 Blancocare Liquido concentrato per gli scarichi,67.1,https://www.trovaincasso.it/quickview/index/view/id/27248
2026-04-30,trovaincasso.it,Insinkerator ART. 1975491 Kit collarino lavelli in marmo fino a spessore 50 mm.,73.2,https://www.trovaincasso.it/quickview/index/view/id/27245
2026-04-30,pentoleprofessionali.it,Insinkerator EVOLUTION PLUS 1000 EC (ex modello EVOLUTION 200) - Dissipatore per rifiuti,700.0,https://www.pentoleprofessionali.it/it/insinkerator-insinkerator-dissipatore-per-rifiuti-mod-evolution-plus-1000-ec-ex-modello-evolution-200-1974100
2026-04-30,pentoleprofessionali.it,Insinkerator Dissipatore per rifiuti mod. EVOLUTION PLUS 750 EC - ex modello EVOLUTION 100,582.0,https://www.pentoleprofessionali.it/it/insinkerator-insinkerator-dissipatore-per-rifiuti-mod-evolution-plus-750-ec-ex-modello-evolution-100-1974750
2026-04-30,pentoleprofessionali.it,Insinkerator Dissipatore per rifiuti mod. PREMIUM 700 EC - ex modello ISE66,397.0,https://www.pentoleprofessionali.it/it/insinkerator-insinkerator-dissipatore-per-rifiuti-mod-premium-700-ec-ex-modello-ise66-1974700
2026-04-30,pentoleprofessionali.it,Insinkerator Dissipatore per rifiuti mod. PREMIUM 550 EC - ex modello ISE56,236.0,https://www.pentoleprofessionali.it/it/insinkerator-insinkerator-dissipatore-per-rifiuti-mod-premium-plus-550-ec-ex-modello-ise56-1974550
2026-04-30,pentoleprofessionali.it,Insinkerator Dissipatore per rifiuti mod. LC 50 PROFESSIONAL con Tappo Salvaposate 1975078,1090.0,https://www.pentoleprofessionali.it/it/insinkerator-insinkerator-dissipatore-per-rifiuti-mod-lc-50-professional-con-tappo-salvaposate-1975078-lc50professional
2026-04-30,pentoleprofessionali.it,Flangia per lavelli in marmo e pietra Insikerator,75.0,https://www.pentoleprofessionali.it/it/insinkerator-flangia-per-lavelli-in-marmo-e-pietra-insikerator-13367382
2026-04-30,pentoleprofessionali.it,Tappo salvaposate,35.0,https://www.pentoleprofessionali.it/it/insinkerator-tappo-salvaposate-13358360
2026-04-30,pentoleprofessionali.it,Insinkerator Dissipatore per rifiuti mod. Standard 460 SR (ex modello ISE46),235.0,https://www.pentoleprofessionali.it/it/insinkerator-dissipatore-per-rifiuti-mod-standard-460-sr-ex-modello-ise46-1976460
2026-04-30,amazon.it,"Insinkerator Premium 550 EC - Tritatutto per rifiuti da cucina con motore a induzione da 0,5 CV e interruttore dell'aria",360.0,https://www.amazon.it/s?k=insinkerator+tritarifiuti
2026-04-30,amazon.it,"Insinkerator Premium 700 EC - Tritatutto per rifiuti da cucina con motore a induzione da 0,75 CV e interruttore dell'aria",509.0,https://www.amazon.it/s?k=insinkerator+tritarifiuti
2026-04-30,amazon.it,Insinkerator Evolution Plus 1000 EC - Tritatutto da cucina con motore a induzione da 1 CV con interruttore dell'aria,889.0,https://www.amazon.it/s?k=insinkerator+tritarifiuti
2026-04-30,amazon.it,"Insinkerator Evolution Plus 750 EC - Tritatutto da cucina con motore a induzione da 0,75 CV con interruttore dell'aria",665.0,https://www.amazon.it/s?k=insinkerator+tritarifiuti
2026-04-30,amazon.it,InSinkErator Standard 460,299.0,https://www.amazon.it/s?k=insinkerator+tritarifiuti
2026-04-30,amazon.it,"InSinkErator Sistema di smaltimento dei rifiuti Alimentari, Acciaio Inossidabile, Rosso, 31,1 x 22 x 31,1 cm",615.13,https://www.amazon.it/s?k=insinkerator+tritarifiuti
2026-04-30,amazon.it,"InSinkErator Badger 500, Smaltimento rifiuti da cucina ad alimentazione continua da 1/2 HP, serie Badger BADGER 500",168.93,https://www.amazon.it/s?k=insinkerator+tritarifiuti
2026-04-30,amazon.it,"Artist CNTR333 smaltimento rifiuti, Nero",345.06,https://www.amazon.it/s?k=insinkerator+tritarifiuti
2026-04-30,amazon.it,"Smaltimento Rifiuti, Tritarifiuti Alimentare, Tritarifiuti per Lavello Cucina, Acciaio Inossidabile, 7.5 HP 2800 giri/min, Tritarifiuti Magnetico, Silenzioso con Interruttore, Tritarifiuti Alimentari.",178.85,https://www.amazon.it/s?k=insinkerator+tritarifiuti
2026-04-30,amazon.it,"InSinkErator in-Sink-ERATOR/MASTERPLUMBER MP 1/2HP Dissipatore Rifiuti, Acciaio Legato, 1",196.76,https://www.amazon.it/s?k=insinkerator+tritarifiuti
2026-04-30,amazon.it,"VEVOR Tritarifiuti per Lavello da Cucina, 0,74 kW, Sistema di Smaltimento Rifiuti Alimentari in Acciaio Inox, Motore CC, Supporto EZ, 3960 giri/min, con Cavo di Alimentazione, Paraspruzzi per la Casa",112.03,https://www.amazon.it/s?k=insinkerator+tritarifiuti
2026-04-30,amazon.it,"BLANCO FWD Lite | Tritatutto da cucina 0,5 CV | Smaltimento rifiuti per lavello in cucina | Tritatutto per lo smaltimento di residui di cibo e rifiuti alimentari | Capacità 900 ml",258.13,https://www.amazon.it/s?k=insinkerator+tritarifiuti
2026-04-30,amazon.it,InSinkErator PRO750 Pro Series 3/4 HP Food Waste Disposal with Evolution Series Technology,404.2,https://www.amazon.it/s?k=insinkerator+tritarifiuti
2026-04-30,amazon.it,Insinkerator 71498 - Pezzo di tritarifiuti,37.82,https://www.amazon.it/s?k=insinkerator+tritarifiuti
2026-04-30,amazon.it,"VEVOR Tritarifiuti per Lavello da Cucina, 0,74 kW, Sistema di Smaltimento Rifiuti Alimentari in Acciaio Inox, Motore CC, Supporto EZ, 3960 giri/min, con Cavo di Alimentazione, Paraspruzzi per la Casa",112.03,https://www.amazon.it/s?k=insinkerator+tritarifiuti
2026-04-30,amazon.it,"Funzionamento Silenzioso, Efficace Trattamento dei Rifiuti Alimentari, Installazione Rapida e Semplice, Alimentazione Continua da 630 W per con Materiale in Acciaio",270.45,https://www.amazon.it/s?k=insinkerator+tritarifiuti
2026-04-30,amazon.it,"VEVOR Tritarifiuti per Lavello da Cucina, 0,37 kW, Sistema di Smaltimento Rifiuti Alimentari in Acciaio Inox, Motore CC, Supporto EZ, 3820 giri/min, con Cavo di Alimentazione, Paraspruzzi per la Casa",76.9,https://www.amazon.it/s?k=insinkerator+tritarifiuti
2026-04-30,amazon.it,"INSINKERATOR LEDefense Flangia per lo smaltimento dei rifiuti, accessorio antimicrobico LED per smaltimento rifiuti INSINKERATOR, FLG-SS-LED",128.87,https://www.amazon.it/s?k=insinkerator+tritarifiuti
2026-04-30,amazon.it,"Fdit 2 Pezzi Copertura Antispruzzo per Tritarifiuti, Compatibile con, Diametro 87 mm, Tappo Silicone per Lavello",16.43,https://www.amazon.it/s?k=insinkerator+tritarifiuti
2026-04-30,amazon.it,"Tbest 2 Pezzi Copertura Antischizzi in Silicone per Tritarifiuti Compatibile con InSinkErator, 87mm Diametro Esterno",21.92,https://www.amazon.it/s?k=insinkerator+tritarifiuti
2026-04-30,amazon.it,"VEVOR Tritarifiuti per Lavello da Cucina, 0,37 kW, Sistema di Smaltimento Rifiuti Alimentari in Acciaio Inox, Motore CC, Supporto EZ, 3820 giri/min, con Cavo di Alimentazione, Paraspruzzi per la Casa",76.9,https://www.amazon.it/s?k=insinkerator+tritarifiuti
2026-04-30,amazon.it,"Smaltimento Rifiuti, Tritarifiuti Alimentare, Tritarifiuti per Lavello Cucina, Acciaio Inossidabile, 3/4 HP 3200 rpm, Tritarifiuti Magnetico, Silenzioso con Interruttore, Tritarifiuti Alimentari.",168.85,https://www.amazon.it/s?k=insinkerator+tritarifiuti
2026-04-30,amazon.it,"Tritarifiuti in Acciaio Inox, Tritarifiuti per Avanzi di Cucina da 1000 Ml, Protezione Acustica, Tritarifiuti per Rifiuti Alimentari da Cucina Sottolavello, 3/4 HP",196.99,https://www.amazon.it/s?k=insinkerator+tritarifiuti
2026-04-30,amazon.it,"2Pezzi Deflettore per Lavello con Piastra Antispruzzo per lo Smaltimento dei Rifiuti, Coperchio Antispruzzo per Dissipatore di Rifiuti in Silicone Adatto per InSink-Erator con Diametro Esterno di 87m",20.89,https://www.amazon.it/s?k=insinkerator+tritarifiuti
2026-04-30,amazon.it,"VEVOR Tritarifiuti per Lavello da Cucina, 0,559 kW, Sistema di Smaltimento Rifiuti Alimentari in Acciaio Inox, Montaggio 3 Bulloni, 3600 giri/min, con Cavo di Alimentazione, Paraspruzzi per la Casa",94.9,https://www.amazon.it/s?k=insinkerator+tritarifiuti
2026-04-30,amazon.it,"VEVOR Tritarifiuti per Lavello da Cucina, 0,37 kW, Sistema di Smaltimento Rifiuti Alimentari in Acciaio Inox, Montaggio 3 Bulloni, 3820 giri/min, con Cavo di Alimentazione, Paraspruzzi per la Casa",91.99,https://www.amazon.it/s?k=insinkerator+tritarifiuti
2026-04-30,amazon.it,"MINRS 560 W, trituratore per rifiuti da cucina, con interruttore d'aria, 3600 giri/min, 1,15 l, per lavello, tritatutto",92.0,https://www.amazon.it/s?k=insinkerator+tritarifiuti
2026-04-30,amazon.it,"Adattatore per Tubo di Scarico per Lavastoviglie Compatibile con Tritarifiuti Insinkerator, Include 1 Connettore di Ingresso 1 Fascetta Stringitubo e 3 Fascette a Molla",12.99,https://www.amazon.it/s?k=insinkerator+tritarifiuti
2026-04-30,amazon.it,"Tritarifiuti, Raccoglitore di Cibo, Tritatutto, Tritatutto da Cucina, in Acciaio Inox, Materiale 370W (Nero)",275.44,https://www.amazon.it/s?k=insinkerator+tritarifiuti
2026-04-30,amazon.it,"VEVOR Tritarifiuti per Lavello da Cucina, 0,559 kW, Sistema di Smaltimento Rifiuti Alimentari in Acciaio Inox, Supporto EZ, 3930 giri/min, con Cavo di Alimentazione Motore CC, Paraspruzzi per la Casa",94.99,https://www.amazon.it/s?k=insinkerator+tritarifiuti
2026-04-30,amazon.it,"Smaltimento Rifiuti, Tritarifiuti Alimentare, Tritarifiuti per Lavello Cucina, Acciaio Inossidabile, 7.5 HP 2800 giri/min, Tritarifiuti Magnetico, Silenzioso con Interruttore, Tritarifiuti Alimentari.",178.85,https://www.amazon.it/s?k=insinkerator+tritarifiuti
2026-04-30,amazon.it,"Tbest 2 Pezzi Copertura Antischizzi in Silicone per Tritarifiuti Compatibile con InSinkErator, 87mm Diametro Esterno",21.92,https://www.amazon.it/s?k=insinkerator+tritarifiuti
2026-04-30,amazon.it,"NutriChef Compostiera da Cucina, Compostiera Elettrica 3 Litri, Bidone Umido per Cucina, Pattumiera Umido con Asciugatura, Frantumazione e Raffreddamento, Bianca",199.99,https://www.amazon.it/s?k=insinkerator+tritarifiuti
2026-04-30,amazon.it,370W Elettrico Tritarifiuti da 1 Litro Smaltimento Rifiuti Domestici Tritarifiuti Alimentare,117.0,https://www.amazon.it/s?k=insinkerator+tritarifiuti
2026-04-30,amazon.it,"BOXOB 3pz FLG-Seal Guarnizione Lavello, Guarnizione Scarico Gomma Premium Senza Stucco per Lavello Cucina Anello Tenuta Ricambio per Insinkerator Sistemi Drenaggio Tritarifiuti(Nero)",11.99,https://www.amazon.it/s?k=insinkerator+tritarifiuti
2026-04-30,amazon.it,Dissipatore Tritarifiuti Alimentare 1L Home Kitchen Food Waste Processor Disposer Domestico Da Lavello 1000ML 370W 1/2HP 2600 RPM,90.0,https://www.amazon.it/s?k=insinkerator+tritarifiuti
2026-04-30,amazon.it,Tritarifiuti Raccoglitore di rifiuti per rifiuti Domestici da Cucina Sistema di macinazione dei rifiuti in Acciaio Inossidabile da 2800 Giri/min Adatto per macinare Vari rifiuti Domestici da Cucina (,350.89,https://www.amazon.it/s?k=insinkerator+tritarifiuti
2026-04-30,amazon.it,Sostituzione Garbage Disposal Guardia Splash GE per rifiuti King in-Sink-Erator,10.59,https://www.amazon.it/s?k=insinkerator+tritarifiuti
2026-04-30,amazon.it,"OUKANING Dissipatore di rifiuti Acciaio Inossidabile 1000Ml Avanzi di Cucina Trituratore di rifiuti Trituratore di rifiuti Protezione da sovraccarico, Protezione dal Rumore",117.0,https://www.amazon.it/s?k=insinkerator+tritarifiuti
2026-04-30,amazon.it,Waste King - Tritarifuti da lavello,194.57,https://www.amazon.it/s?k=insinkerator+tritarifiuti
2026-04-30,amazon.it,Hemobllo Gomma Per Tritarifiuti Alimentari Protezione Anti-spruzzi Di Ricambio Per Tritarifiuti Facile Da Installare E Manutenere,11.09,https://www.amazon.it/s?k=insinkerator+tritarifiuti
2026-04-30,amazon.it,INSINKERATORE CCA-00,161.27,https://www.amazon.it/s?k=insinkerator+tritarifiuti
2026-04-30,amazon.it,"InSinkErator STC-MTBLK Air Switch, Accessory, Matte Black",52.38,https://www.amazon.it/s?k=insinkerator+tritarifiuti
2026-04-30,amazon.it,"InSinkErator Disposal Stopper, Accessory, Oil Rubbed Bronze",51.85,https://www.amazon.it/s?k=insinkerator+tritarifiuti
2026-04-30,amazon.it,"Tappo Scarico Lavello Multifunzione - Filtro per Spazzatura & Setaccio, Compatibile con Tritarifiuti, Accessorio AntiBlocco per Scarichi Lavello, Dissipatore Rifiuti & Tappo Acqua Universale",16.99,https://www.amazon.it/s?k=insinkerator+tritarifiuti
2026-04-30,amazon.it,Coperchio Antispruzzo Per Dissipatore di Rifiuti in Silicone da 2 Pezzi Coperchio Per Distributore di Rifiuti Compatibile con InSinkErator 87 Mm di Diametro Esterno,22.29,https://www.amazon.it/s?k=insinkerator+tritarifiuti
2026-04-30,amazon.it,"Trituratore Di Rifiuti Alimentari, Trituratore Di Rifiuti Alimentari Del Lavello, Sistema Di Macinazione Di Rifiuti Alimentari In Cucina, Serve Per Trattare I Residui Alimentari Come Verdure Ecc",70.52,https://www.amazon.it/s?k=insinkerator+tritarifiuti
2026-04-30,amazon.it,"Tritarifiuti con Raccoglitore di Cibo da 3/4 HP 2800 Giri/min Tritarifiuti da Cucina sottolavello con Spina e Interruttore Wireless - Acciaio Inossidabile, Alta velocità per Una macinazione efficient",127.04,https://www.amazon.it/s?k=insinkerator+tritarifiuti
2026-04-30,amazon.it,"Tritarifiuti, Raccoglitore di Cibo, 560 W, tritarifiuti Domestici con Interruttore ad Aria, frantoio da Cucina da 1000 ml, macinacaffè in Acciaio Inossidabile",316.24,https://www.amazon.it/s?k=insinkerator+tritarifiuti
2026-04-30,amazon.it,"VEVOR Tritarifiuti per Lavello da Cucina, 0,559 kW, Sistema di Smaltimento Rifiuti Alimentari in Acciaio Inox, Supporto EZ, 3930 giri/min, con Cavo di Alimentazione Motore CC, Paraspruzzi per la Casa",94.99,https://www.amazon.it/s?k=insinkerator+tritarifiuti
2026-04-30,amazon.it,"Tritarifiuti Alimentari da 560 W, 3800 R/min, con 7 Livelli di Macinazione e Protezione da Sovratemperatura, Acciaio Inossidabile Serie Titanio, Tritarifiuti con capacità di 1200 Ml",338.81,https://www.amazon.it/s?k=insinkerator+tritarifiuti
2026-04-30,amazon.it,"8,9 cm Tritarifiuti lavandino cucina franke per Lavello da Cucina, Collare di Scarico, Parastiti, Tappo Multifunzionale per Dispositivi di Smaltimento Rifiuti GE, Whirlaway, Sinkmaster, Waste King",6.99,https://www.amazon.it/s?k=insinkerator+tritarifiuti
2026-04-30,amazon.it,"VEVOR Pompa Trituratore 350 W Portata 6000 L/h Prevalenza 7 m Pompa Maceratore per Acque Luride con 3 Ingressi Acqua per Cantina, Macchina per lo Smaltimento delle Acque Reflue della Lavanderia",82.9,https://www.amazon.it/s?k=insinkerator+tritarifiuti
2026-04-30,amazon.it,Tritarifiuti Splash Guard Smaltimento Rifiuti Protezioni antispruzzo e tappo Lavello Smaltimento Smaltimento Sostituzione Tappo di scarico Protezione antispruzzo Cucina Scarico rifiuti alimentari,15.8,https://www.amazon.it/s?k=insinkerator+tritarifiuti
2026-04-30,amazon.it,"VEVOR Pompa Trituratore 700 W Portata max. 9600 L/h Prevalenza 10 m Pompa Maceratore per Acqua con 3 Ingressi Acqua per Cantina, Macchina per Smaltimento delle Acque Reflue della Vasca da Bagno",107.9,https://www.amazon.it/s?k=insinkerator+tritarifiuti
2026-04-30,amazon.it,"NEWTRY Compattatore per rifiuti, Pressa manuale della spazzatura per bidoni da 120L e 240L, frantumatore di rifiuti strumento di riciclaggio con design salvaspazio per casa, cucina e esterni - Bianco",65.99,https://www.amazon.it/s?k=insinkerator+tritarifiuti
2026-04-30,amazon.it,"Deflettore Antispruzzo per Tritarifiuti da Cucina, Copertura e Accessorio per Lavello",8.99,https://www.amazon.it/s?k=insinkerator+tritarifiuti
2026-04-30,trovaprezzi.it,Insinkerator 71498 - Pezzo di tritarifiuti,37.82,https://www.trovaprezzi.it/goto/879202570?impression=Vzl6eFN4eHZRNFR6eHNPUVlyQmdxWFlMM3hGRTNFS2ZVZ0p5aVh3SFNoMWltVjJNeVVDYS93PT01&search=aW5zaW5rZXJhdG9yIHRyaXRhcmlmaXV0aQkyMDM1&pos=1&nb_results=4&pc=4&sc=0&tc=16&offer_ss=pc&tr=prezzo
2026-04-30,trovaprezzi.it,InSinkErator Tritarifiuti Alimentari InSinkErator Power Premium 550 EC,250.0,https://www.trovaprezzi.it/goto/830352453?impression=Vzl6eFN4eHZRNFR6eHNPUVlyQmdxWFlMM3hGRTNFS2ZDQmx4bXJlRllYRFRja3BvUGtQbU5RPT01&search=aW5zaW5rZXJhdG9yIHRyaXRhcmlmaXV0aQkyMDM1&pos=2&nb_results=4&pc=4&sc=0&tc=16&offer_ss=pc&tr=prezzo
2026-04-30,trovaprezzi.it,InSinkErator Tritarifiuti Alimentari InSinkErator Power Premium 700 EC,387.0,https://www.trovaprezzi.it/goto/830352454?impression=Vzl6eFN4eHZRNFR6eHNPUVlyQmdxWFlMM3hGRTNFS2ZDQmx4bXJlRllYRFRja3BvUGtQbU5RPT01&search=aW5zaW5rZXJhdG9yIHRyaXRhcmlmaXV0aQkyMDM1&pos=3&nb_results=4&pc=4&sc=0&tc=16&offer_ss=pc&tr=prezzo
2026-04-30,trovaprezzi.it,InSinkErator Tritarifiuti Alimentari InSinkErator Advanced Evolution Plus 1000 EC,720.0,https://www.trovaprezzi.it/goto/830352452?impression=Vzl6eFN4eHZRNFR6eHNPUVlyQmdxWFlMM3hGRTNFS2ZDQmx4bXJlRllYRFRja3BvUGtQbU5RPT01&search=aW5zaW5rZXJhdG9yIHRyaXRhcmlmaXV0aQkyMDM1&pos=4&nb_results=4&pc=4&sc=0&tc=16&offer_ss=pc&tr=prezzo
2026-04-30,trovaprezzi.it,In Sink Erator Waste Stopper by In-Sink-Erator,19.89,https://www.trovaprezzi.it/goto-secondary/-112?impression=Vzl6eFN4eHZRNFR6eHNPUVlyQmdxWFlMM3hGRTNFS2ZDQmx4bXJlRllYRGhQcDNCeEhGSkRRPT01&offer=NmZpSkdyQ2JkMWo2bHAybmNYMy9FY2xiR3V2bEN0bFo2T3dremlMenMxUjRGYktKZDI1bWhXck9La0U2dUV5aDZ4Rm1ja0FOR0t3L2xrRThvZGxQQklTTHlSaXd0Q29GWmNRYlo1V0d2Yzc0bjRkQ0tydjV0RzlqTUJEZ3F1Uy9nTk9RWVBvbXVzeXhCQTNOM2NyYXBZVjgvQXAvQ3NxU0RnV3JNK09sU1FaQU1JU0h6ZEV5cG1tbE8vSVdEUENOc2NXM0R6eHhwZkxMbFB4S1M1aDM0REJKdVFQYzVyK21ZTTVocTg3UDVYbnNlTzBrZzFiZ0ZBd0dRNHduTVM1VzZEMzN3SjFpU2w4WHRXOVo2aG5rWHp5d1lBQmlPbklrak5uR3JHKzltWk1nVnRjeHo3U2plZjdKbm92OWhCNHNHbStURklNbWVxSVNndUp5ZnZWdHd5Kzl5NHh3ZzBZaw2&offer_ss=tc&pc=4&pos=1&sc=0&tc=16&tr=prezzo
2026-04-30,trovaprezzi.it,"2Pezzi Deflettore per Lavello con Piastra Antispruzzo per lo Smaltimento dei Rifiuti, Coperchio Antispruzzo per Dissipatore di Rifiuti in Silicone Adatto per InSink-Erator con Diametro Esterno di 87m",20.89,https://www.trovaprezzi.it/goto-secondary/-115?impression=Vzl6eFN4eHZRNFR6eHNPUVlyQmdxWFlMM3hGRTNFS2ZDQmx4bXJlRllYRGhQcDNCeEhGSkRRPT01&offer=NmZpSkdyQ2JkMWo3bXBXY0pvRlcxUnpZM09LRGNKVUM0RmI4L05JVEtnc3RJR3k5aCtFazFualJZK05pSC9ZV3BTbTZFS0tXSWJ6RitlcFRoRDFpdEEvdkZ4VmtNSGdnZGc4anZsZ0p2dy9jVzRjcFV5ZzJ6dGFNd0I1TERmUGR2SlExdnlKa21zNGNhdWh1SUJ0dmJ4eGlpMTY3UmZmZTVYelhyRWRiZk1LYnlheExFck9ETjBYNHJOVi8zZkh0K3ZWK2dEaHcrTnF4UzBwcE5Bb0VDSVVzdE9IbXA3R0d2SDE0aDUyY21OTFVtMEx6ZjRDSm5KYmgzSjM4RlRZSFYyTUZVb25yUTV4TERPNjFlbnJNMGNZUDRGVjRFYTRtRmxFaVV5ampCMDBqWmlSUmVmbTRTS0IzbEdBSGFad3RyY0VyQlN3SFl2Umc1czZJNXNJUUpybG9PaFZKQjdUYWN4U3dIcjY0S0hwaVo0WTJvYlRYN2ZxaG52aXBxQWVldmwyczIxd0VGTUJNR0VNeFB0NjdERXdOK01oejhnZU42QVJvSm9qbUJPSFB2K3grVFJNc052eW5LYkN4RlAxbTdkekJLc0tEcW5aRGx0QWxzOWRMbm1ZTU9SS1lOdWRUdmNRM2tTTGJuSXpoMEVvUnk0aUpxR0paMmRKUC9BNWwxUWdQcFJsbGRNUWEySTNZMUFSTlNMSHVXZ09Lam92ajBqUmFndEFKajFBPQ2&offer_ss=tc&pc=4&pos=2&sc=0&tc=16&tr=prezzo
2026-04-30,trovaprezzi.it,"Tbest 2 Pezzi Copertura Antischizzi in Silicone per Tritarifiuti Compatibile con InSinkErator, 87mm Diametro Esterno",21.92,https://www.trovaprezzi.it/goto-secondary/-113?impression=Vzl6eFN4eHZRNFR6eHNPUVlyQmdxWFlMM3hGRTNFS2ZDQmx4bXJlRllYRGhQcDNCeEhGSkRRPT01&offer=NmZpSkdyQ2JkMWdYNmhYN212RWN6OWJ6K3hqNndiU2JjcmVjeVZJcWJZdUJXUzlpRmtKK2w3ZnQrQy9BTXd5eVRlNDM0bG91NTVORGcwaU1BNWptMmJyNzcyUU41cTY0VTNZMzhxQ3hBNDlsZmNQcklXdjJjczEySWFMSVBpS251ZFFkdU15Sy9iaUo2WElReFFKaVc0alJGVTREejVkZXBwb1V3a3MxVEtOVXBPWlFaaElOaFhxTit1YVZHWEpCcWdieWpzZEw3d2JoaCsxa2oxOFlOcCtEa3htTHZ4amw0NUkwUjFBaklqQUxPWW1pTEE2Y2gwTnJ6TngxMHE0SVY3dTV2V1p5MHJBU3RGYStUNFFaYVkzTU9RNlFkM1lOY0s3QmRRdUwrZnZ3L3c2QjZuWjdaOUYzeFV2TGxBdTZMTHN0U0FNRVM4Wm5ab1Rud00zSFBGYTZnV2krWHU5QytjSG9kaFVrdXFualRhN3FBRUU0NmFjYmpXQVBFNUkwK2FlYUkxRG5iNGtHaHlYbFNRMDlEa0Q5Q0hZU25NUWY5NjVhSy9Jcm1Bd0RKTWs2Vkd4dFhzc1QxNEN5UGJYbQ2&offer_ss=tc&pc=4&pos=3&sc=0&tc=16&tr=prezzo
2026-04-30,trovaprezzi.it,Insinkerator 71498 - Pezzo di tritarifiuti,37.82,https://www.trovaprezzi.it/goto-secondary/-110?impression=Vzl6eFN4eHZRNFR6eHNPUVlyQmdxWFlMM3hGRTNFS2ZDQmx4bXJlRllYRGhQcDNCeEhGSkRRPT01&offer=NmZpSkdyQ2JkMWpmOUZXNEl5VDZaUjA1NU8yZWRRVG03MythTW9SbzBDTW8yclIxdGVLTGtXRWNJdGNMaUVSZ2FuZ3FFMmdCNEtvSStZVXBWc3pJRy9Nc3NYcGlnc3hYUU1LdWRKTy9WOGlrakN2K3czWmRmZVgrMmUxT3F1QkhPRmw3OGJLZnFFNC8xVnk4c3pvRkxMbmtJWW8xNU1aS0VRSmMzbHM1alMyQ0pMeFFmZ25XdDNYZ2FnU05majFXM2RXZUNPSUd1OVpES0dVeFdURk10bEtvSVZ4ZnZMcmMrbG1xeHB6dWJKQ2NRQXZ4NDF3UmsxWTFkTXpkNDBLbGw4ajBtSkdQOUNsclBHRnlrVWV3d1NiWjN5VXpKRDRJbGpIdnZQUUVGWGNuT0k4YTFuQ3lGYlc1QWRJNWxKSkR1NnVrN0FyajhoZ1ZTWFp5OUI0aUlaZmdseXdMQ2k0Wg2&offer_ss=tc&pc=4&pos=4&sc=0&tc=16&tr=prezzo
2026-04-30,trovaprezzi.it,InSinkErator Pulsante di ricambio originale - Interruttore pneumatico per smerigliatrice rifiuti alimentari,53.9,https://www.trovaprezzi.it/goto-secondary/-111?impression=Vzl6eFN4eHZRNFR6eHNPUVlyQmdxWFlMM3hGRTNFS2ZDQmx4bXJlRllYRGhQcDNCeEhGSkRRPT01&offer=NmZpSkdyQ2JkMWl3SVZYREFocFREeTdJSXZnSTNnVWttaG9xRDFKcHFaSk9XUnlQYVMzejE2RElDUW9kc2JYaWlnK3E1Y0pOZjFsNGt0NXZlK1RPazR4d29BRWpUZVZqRk91VUFLU1gzc1c1TG5IWktUVGtNTjV0dms3QTgrZTJpdVg5Z0VTUzRmL2liaFRUaVFDR2t2cnZHbSsyMWdUSnF5ZG9DWDRSMkoyVTFMYjM5M2JNMkM3aW41RTN1QjgyRlJaUm93T2E4dnVWdkZEU1N3RDUvdTJBcEkzeE1CSTkwRmJIN0dMejR2Wm5lbldjVU9Ocm1KWHo4NFk4TWN4N0VVVGpWcTNwR3hteC9wZTRWWStZOW1qc0luWDN0QUYzT1hLcXJwR2daL3p5cWlmbW5QQ1c2bVpRMWdwMGdsR0daR2loaEVyYThHSll0K2hGejk4VVMycm5CV2F6d3JJWTFkVllNenR0Q2J5YnBacWI0YWdJSXJXZElIQjBBM3RDVlpoaFpMKzUyRVdBSFdCdEs1WjdCbVE3cWJFN0YvZGVKMDlOazlQU2NXZWpDdHIzYjNZeGR3PT01&offer_ss=tc&pc=4&pos=5&sc=0&tc=16&tr=prezzo
2026-04-30,trovaprezzi.it,"VEVOR Tritarifiuti per Lavello da Cucina, 0,37 kW, Sistema di Smaltimento Rifiuti Alimentari in Acciaio Inox, Motore CC, Supporto EZ, 3820 giri/min, con Cavo di Alimentazione, Paraspruzzi per la Casa",76.9,https://www.trovaprezzi.it/goto-secondary/-114?impression=Vzl6eFN4eHZRNFR6eHNPUVlyQmdxWFlMM3hGRTNFS2ZDQmx4bXJlRllYRGhQcDNCeEhGSkRRPT01&offer=NmZpSkdyQ2JkMWpsUE1Vd0hUZFFwWnJRZkNabjYwU3Q4UVpqRGFuZXBNMHFzNllWL3dhaHU2b2JGMzlmaDMvM3QveXR0RGI0MWxoUnpNVEJBUW5sTHhKQW9GaUxvWncxMG5scGFheGNOeUNZeGpsNk5rc295QXFqb29NU3d3TjhRQzI0QWYvVHNocUhyVWFqb0R5cWNVQmVRRlRqY3grY0kyYTg4TkJzQTJmbjlwNUFKNGIzTUFGeHZXUURwQldOYVZtS2Y3MGEyYUJ3Q2ZZUWZKR1pidzhIeDRsRFYrL2JpSVBmY2FmVU1BU3gzbFlGVFpVTk5weVZzY1QvdXlOU1RrMlUvM0RpbDdYNkVlZlZ2N1FGendpL1dDQmNXUlBVWG9YVVdDelBIMG00dzZHcG9BWGNKakpNeElvbHduQUdzdW0vR1dzMmVTM081dExPbTRSb0JVMnEzbnRwRlc5VFBzbHIycVF6dzlwb0VpdVVPRkRGQkpwMUJ4K1N0dTV1QjVIazBPNXA0N3oySFFSZ2JzeGIxeGtZMWN0eDc0b0dkMVowcE1qdUt4OWxJczl1MlVRcnViK0VWUmw1Y3QzZnQxa3oxQ1kwVzl4eFBFN3hJWVZNeUM1VmJaNWNCZkpTOVN5Q0RpeVdtMm1qRHJJQ0txMlREL05HcGVBeVpOckxISFo5Q2FleE1Fek52QzhaNTR2VjZyTXZjdkNzb3dBRkRCY1FRNFE5bkRBPQ2&offer_ss=tc&pc=4&pos=6&sc=0&tc=16&tr=prezzo
2026-04-30,trovaprezzi.it,"VEVOR Tritarifiuti per Lavello da Cucina, 0,74 kW, Sistema di Smaltimento Rifiuti Alimentari in Acciaio Inox, Motore CC, Supporto EZ, 3960 giri/min, con Cavo di Alimentazione, Paraspruzzi per la Casa",112.03,https://www.trovaprezzi.it/goto-secondary/-107?impression=Vzl6eFN4eHZRNFR6eHNPUVlyQmdxWFlMM3hGRTNFS2ZDQmx4bXJlRllYRGhQcDNCeEhGSkRRPT01&offer=NmZpSkdyQ2JkMWlWdTFGdFU4NkFGNm5mdGp3b1RjaUdtRUxWRi9md1VQZVVzc2VrNjdaeWsxYXJ2UHYwZDFqbFY3a1NqL241VFc0K3dRUGJnUXNLZ1ByWEtmcmdRUm5jcjF6eVh0WnFOcjV1NGVPdnFkWFRwakVYZXJadEZUNmxDelV2cno3WlJzaHIxUndnbnhIOG9zQXo4T2NFbnFZYTdweXFRR1REaDhPK3JoVFN4d1BaZERNczJmeDNnckxHMEthOWhReTIxckRWRFJQVCtjc3VIRGpVcnNXakFmQmZsRExaejdZVVdjWGRaRHJ5eDNkaVl6Z1IrLy92QXVCSFJTMWMrVVJjdjBzM2MyR3VHTW9MY0s3aHpoNEtucEZRTmFORW8rQU0yeTMxZ0dCOXpWd1dZc0oxb0xXNTM0NVRISEhTc1lhNXNhTHRPT3ROTnd5THdmWSs0SGpWYURmaExKdk56Uk83L1I4bC90cm5mN1h2K3lPQVRPRFd0RURPQ3V2bjdkZ0k0bXNrSURPaktrRFZQN2R5N1pUVzBVb2NhamxaL2RiZTNiZVpvNURybGNXWk1tVk44c2VwZXVHS1ZMUEcyeFFjM1p1alZMNFlGMUNxRXpGRXMxalRaR0dNaFJPOEF4NTB2M2RBNUttclNlcHpKRnhNMk9zWTB2dDFrbmRybWJHOHZQZ0k4Q2Q0L2UyclhXSXNaOVI4TDRDV2V1TzJIVUlGTmpFPQ2&offer_ss=tc&pc=4&pos=7&sc=0&tc=16&tr=prezzo
2026-04-30,trovaprezzi.it,"Smaltimento Rifiuti, Tritarifiuti Alimentare, Tritarifiuti per Lavello Cucina, Acciaio Inossidabile, 3/4 HP 3200 rpm, Tritarifiuti Magnetico, Silenzioso con Interruttore, Tritarifiuti Alimentari.",168.85,https://www.trovaprezzi.it/goto-secondary/-108?impression=Vzl6eFN4eHZRNFR6eHNPUVlyQmdxWFlMM3hGRTNFS2ZDQmx4bXJlRllYRGhQcDNCeEhGSkRRPT01&offer=NmZpSkdyQ2JkMWpPM1E0NWlaREd3TnB1eFFVOWpFYlV3V0NmbWVDTEIrK1pXdThxY1Q2dlQwdVkwTXRCWU5uRFFaMm5ObkNXRU5INktIOFdMYnpva09KN04rSG9kRGN6RkFSK3d6blhRZHRhUGgzZW54L2E3Rmc2Mi9SR1YxUjgwdGZmcDlSY3FpRVpHVUh5bEdrT3pxSnZCR3duanpaMHZsajFYMGx4Rk14WTFLU1dCNXUrSHlPYXlWNmN6ajA5eUwwVFZOWE93MGdvUVR4OVdGT2svQzBjYmtoWmxVRVJySWFyREZ1L2E3QVBZdUF2a0doWVVHMWhWUmdxNXkzUlJ5elJ2T2N1RkhjdDZyaS9VMnlIdjhSUDRoc0dmSGlYWWl5anVhK0pTRW15ckRSTHJja3RYYjdnaHIrc1ptQml3a1QwTHZwNnBrRXdrRVNlNHFQek56cERLSzIrVmFNZVg2V1YvVnJqN1hwMHRaQmhMa1NyS2xKVE50cnJReU5GV08rWStmZXhPUEE1QTlSdXp4Ylc0dlp4OE0vSThJR3NBYWFSNkJHQzlNTUNJU2tLUk1tNHNHQ1IrSkJQVFJ5U0Z3S1owYVJzcHhlbVh0dVJ4TlhXblFDNmhKUEQycXVvUVdhaDNLenNBaHlTSmp4aExjWlJHMlVJSHBnK0pVMUhZZkFoNHpYQkJNTHRVblhWRzFoRnpBNXY0bUNFN0RmY2I0bENHQkNUWW9jPQ2&offer_ss=tc&pc=4&pos=8&sc=0&tc=16&tr=prezzo
2026-04-30,trovaprezzi.it,"Smaltimento Rifiuti, Tritarifiuti Alimentare, Tritarifiuti per Lavello Cucina, Acciaio Inossidabile, 7.5 HP 2800 giri/min, Tritarifiuti Magnetico, Silenzioso con Interruttore, Tritarifiuti Alimentari.",178.85,https://www.trovaprezzi.it/goto-secondary/-103?impression=Vzl6eFN4eHZRNFR6eHNPUVlyQmdxWFlMM3hGRTNFS2ZDQmx4bXJlRllYRGhQcDNCeEhGSkRRPT01&offer=NmZpSkdyQ2JkMWd6YjYzdlNnajR5Mjd3bTc3eDA3UE8ySDk0c0Z5RHNqckliaGJJeGJuS3Z1d1ZuV3B4MUVEOFBJWEtXNGlMM0VVVGd6eURXRTEyRWRPVmxmOVY3ZW1TYSs4YnVEOVRtWDgrczhOTm1nRnEvWkJqSnJqQmEyU0ZiSW9HWE5HOVM2RGdhejRmL1NtN3p6UHlacXcydEFYWDZwaXgrbTV3eVdlV3dpVDhiblE5dTRuUWJMY2xRcjQ2SmhaNE5XOXNpRVdPZHJ3Z3hBMzJNT3J1VEJmRnorVWNPQlVsQ056aG9WczM5bmZBa21POGg0WGZBZG5tek5VeDAxWkVYRW85WEJ1eURqVlh1Wlh6TURLeDBkK0ZnMWpsMis1c2tzdk1wY012a3BPTkl1Qm5FU0d0MkxUenJ2emtCQWpqakRFU0hMdmxzRlRKZ1F0YlEyT3UxdExQTzNMYXBpVVF4TU43cG9mZk83YmhGNnFNWHRtQWdGZU83T1Bub085THhLUHFMVVBOWXdLTGdBMVVBSXJScGtPcS9UTnAwVXFCK1lxUGIyTnVKa3FyNXpyMWVEQ0xhU2I5MmNmTUFvMmdPOVRiZktDOGJPWS94dDhZZlB4NU5pRUd5T3VIakJmUXpzM2d6OHE5dFFXTHh6ZWJvYy82eVZJUWs0M2RYakFyMkREamM4RTFXZzU4MUZTYzNuK1Y4eHhkMXk3YktYdUV1WDIvN2NjPQ2&offer_ss=tc&pc=4&pos=9&sc=0&tc=16&tr=prezzo
2026-04-30,trovaprezzi.it,"InSinkErator in-Sink-ERATOR/MASTERPLUMBER MP 1/2HP Dissipatore Rifiuti, Acciaio Legato, 1",196.76,https://www.trovaprezzi.it/goto-secondary/-106?impression=Vzl6eFN4eHZRNFR6eHNPUVlyQmdxWFlMM3hGRTNFS2ZDQmx4bXJlRllYRGhQcDNCeEhGSkRRPT01&offer=NmZpSkdyQ2JkMWh3M0M4OW9IMXlMbVVKS28yVkFzN0FQL1Z6aDZzb25TWWJNVHVtOXVGLzVuWHNjL1lEZXd0akxIdys0T1poUzBTSWtJb1RkSVREYkF4R3BmU2V6TjJRTU9laEppM20yZlpLR2pVODdwcS83VHBtNFVWcjdObDJ0VkIraVlzZExVM3UwODJiWjhmelBEdFd5L1M2Z1Qwa2tXcnFlZER6VTVBdW04MGo1VzdGOFNzdGRsZGJxc21VU1gwVHRjSmp3L1pwVjRONmJURzFsK1lMaXNPcm12UXlqRUMwZTZEMk15VlNiS3dGeFUvTXhXR3U3L1hWbzA1OGxjR3BNeGJCc29zM2VjdS9xbUZnbHR4bTZhWitYbUI5c2hxVkI3N0pCcHpjeUpFeDJ6M1BmYXhndTh3bHl1eUg5SCtvY1dsd1lLMDJFaCswcjlDaWU0bStUYTdGUHJuNEJ5TkJpUnhBV1BIU3BQRUFEbENDMzZFOWtndkVHc1NGd1FVTXBnaE5jdjhiQnhTQWtBdXJNSGVoLzN2d2FkdUE1&offer_ss=tc&pc=4&pos=10&sc=0&tc=16&tr=prezzo
2026-04-30,trovaprezzi.it,"BESTXH Tritarifiuti in Acciaio Inox, Tritarifiuti per Avanzi di Cucina da 1000 Ml, Protezione Acustica, Tritarifiuti per Rifiuti Alimentari da Cucina Sottolavello, 3/4 HP,Nero",196.99,https://www.trovaprezzi.it/goto-secondary/-109?impression=Vzl6eFN4eHZRNFR6eHNPUVlyQmdxWFlMM3hGRTNFS2ZDQmx4bXJlRllYRGhQcDNCeEhGSkRRPT01&offer=NmZpSkdyQ2JkMWkvVUlGbmNBZ08xcU5CVit3UmhGVlNYK1Z3YXVTcE10Z0xLRk9qTWwzVTF5Z1NuQVB1ZHpNS2o3M0RCOUxzaFZiUEFvT1pRQm50Q0NKZjNnbnZvc0FCL0FNbEhNeWRGckJibXlwUmRRRGJGcStmVy80SUtXTWgrdFdGRnpiaUc2TmZ5R21ieFQvUDZqVjgzNDZHMkRPbHJJUWVHK0RlU1QzSmRPZ29hTGVnRHN5d1hZaE1UVm82bi9BcitNZ24xSEtNejNJVW5pQzNrdnZNN1RDZWJoa3J3aHM0eXNxbzNITjUvRTRDV1F3N1dtWk1zVDc0VzZyUzJxNjhVZHJ1ZkcybmI2c1BDVjRKcFkyWFUvWkZMcENCbGoyVkZEQUFLbGRoUVFCL3hRSDJncDFTU3FLVzkvelpHQjA2ang1SHg3L3NCVlMzeXBtSC9HSDUwKzBVQzVlYU9HRkkxUzdCT0p0UG5id3EvWTFCU3FPR0FPQmcxZFRjelZBZ2FoMkRUTmZjVHBpMUNNaXQyR2xZb2VtTjc4eExEWmV0eHlLUHliaEFXM2oyNVlvcEJndmo4M2s5c3lJSWpOL01HS2tPQ3FzMVpqL3c2bjZHMDVSd3k3QUJLaE9NNW5iUXN1TUV3bEtZQ1gvTlhGempabWpzeDJ4NWV6bUkvQTlGU1VDSE5lbz01&offer_ss=tc&pc=4&pos=11&sc=0&tc=16&tr=prezzo
2026-04-30,trovaprezzi.it,InSinkErator Standard 460,299.0,https://www.trovaprezzi.it/goto-secondary/-102?impression=Vzl6eFN4eHZRNFR6eHNPUVlyQmdxWFlMM3hGRTNFS2ZDQmx4bXJlRllYRGhQcDNCeEhGSkRRPT01&offer=NmZpSkdyQ2JkMWlzQmg1Zzh5cjk1SEZidVJnNGZud2pmbDFZVjdpZXNVZTlLSFRmbTJpMlB6L0pDVXFTZitRelVQUFA0MlVsVlZoYVZHSitqRFJNMEE5S3NqM1BkYlZzYW9hNVh6M2xmQzYrSVdRQkx5OXhNTm9CNncwSnFPblEzZFB4OWFsTHNjd3dNZ1AvRnRVNlEyWGpFVFdFNVBaazZDM1d1VytjeExZem9FRWw4anJXOEVOVFM0L0pjMGF0R053WEE3SmFHRE4zZHhoSGs1Zk01NEkraDVWWHRNTVRMRkpCY0xYQ2RPU2Z0NEhxcVEyaC8zaUhMWno0dEtGdXJKaFloZEJMUnA1b09hNnR3VnZMd1RSeWJZdGpqcFYzNHRzMW5lbS8zdUJId0FKUW9GaXRSYnRUd3BjaklDNnI1&offer_ss=tc&pc=4&pos=12&sc=0&tc=16&tr=prezzo
2026-04-30,trovaprezzi.it,"Insinkerator Premium 550 EC - Tritatutto per rifiuti da cucina con motore a induzione da 0,5 CV e interruttore dell'aria",338.0,https://www.trovaprezzi.it/goto-secondary/-101?impression=Vzl6eFN4eHZRNFR6eHNPUVlyQmdxWFlMM3hGRTNFS2ZDQmx4bXJlRllYRGhQcDNCeEhGSkRRPT01&offer=NmZpSkdyQ2JkMWhkb1Q4bTN2bUZQUXZDV2RhQ0ZmdlJWMURwOEJTK0Z4NXl5MU1MdUQrdzFwak9BVG1kUkw2aEVFa0pjN1VXUUpYYXlRTTdlTDJUWXBMdkV3QkNremFiOWowZmhVcHo4SmpiSTRpN3RZU3cwS1FmdnRHN3RKYXdYNC9zbEtzMGpwazJORWNxVUR2MS94NmJobFZXZU5KOXhHNnhMYUQwZzRDeTAzN0FuaytJWlhveGRkVnc0bWZOUDZHd1lEclVzdlhzQit3TVEvSUkzVkl4Uy8wK1FocWdEaHpEZjArZllRUWc1blBHOEtsYzBaVjVJTCsrNFQ2ajY4SUxaNGVXS1ZVb1dBM2JnSTZJTk95YWhrYTJiWXNkVXhOK0NLMlhpVlZmNXdsUldQTEZUK3hwcEdhZnA2ZEV6N0tYN0VRVjgvdzZ2SzUxVTJQdEhPQ2oxMk1pMWFRK0J2OGhMTENvY2xjZ3FKSTJOVjBwa0xjbGU0WnBzeFludnp5N1FvOUdNcllCeHQ4TnNvQ3QveVMrNW80VFFKTTR1MDhqV0JnclZocUtXVTQrWndSSlRONU5hdG9odldEMg2&offer_ss=tc&pc=4&pos=13&sc=0&tc=16&tr=prezzo
2026-04-30,trovaprezzi.it,"Artist CNTR333 smaltimento rifiuti, Nero",345.06,https://www.trovaprezzi.it/goto-secondary/-104?impression=Vzl6eFN4eHZRNFR6eHNPUVlyQmdxWFlMM3hGRTNFS2ZDQmx4bXJlRllYRGhQcDNCeEhGSkRRPT01&offer=NmZpSkdyQ2JkMWlrMWhvVWE1QjNMNm9hOG5HbUVoaXhGOTFId290RUYxZUFWN2MvdW15Zm1qaTJiNm9OcjdoOFBHempPVDVmVjRSaDJHMGdyZ3RXRFNkTEpVNW1ob2Q4b2VIZ1o3M2M0Z1oxdjZ5bWVjbVJVU0xySkkzcmM2c1p4TUtBcStNSzVsRWpGQUhPdy9NYlpkSURIWUdmcFpnU0hTL0lZSnRUMkQrL0l4ci9mNkdzR1ZhdWNCR1RCakZwVDI1bDZpMWRzOUl6QnExdlE5aVNsb0UrN1RJN2kxd1R0bndLTHBRSlRGNWFDRmxxMGRzT1EvZmxpZE5QL0tTU0hKaTJSLyttNzFwaVRUOEdxbkpmL0dYaW8yNXEvMjBrNUhVRU91SDZKS2ZyRTRleG5zU3BMRkFFQlU5VmZMdkRIQ2Q1K00xRytYOU9DVlRpZzVkNEFRPT01&offer_ss=tc&pc=4&pos=14&sc=0&tc=16&tr=prezzo
2026-04-30,trovaprezzi.it,InSinkErator - Serbatoio dell'acqua calda di ricambio originale,504.02,https://www.trovaprezzi.it/goto-secondary/-116?impression=Vzl6eFN4eHZRNFR6eHNPUVlyQmdxWFlMM3hGRTNFS2ZDQmx4bXJlRllYRGhQcDNCeEhGSkRRPT01&offer=NmZpSkdyQ2JkMWd3NTFMZmxOT1VyRGpqNWoxN0ZwT2NnNjludkFDa2dwQnFWamJBendYbU9GMUNrSEc5Rm1adk9FMVBVL092T1lQeFNYWHZmdVFkTTlyb2pyUWJRV3JvQW42V1U2NTVEMWIwQnQ4YnNtS1o3WitUOHptNENvOTBObEpMOGZMTEtIQWNrZHlwSGNlcE9hTGRMdEtmUHRMeGNXRzNPSklJeFNxaU5rV1VGcC9wSFV4SjNudEt0ajFoRzNSNXhMTGxaWkh3VnpsUTV6NjNhMFpyOGdUS1RvL01kSys4UTR1TTNWdmI2VkgzMmFKTncvY1JTRzI2cTY5VW0vRHdBdy9Kc3ErZzBkTzVmK3Qwc3dEZWxEQmZJeHJaSll4QUVZS1NwTHprRWhLRUJPWFN2QTJCNHY1UGZkZW1VS0RYVEVqWXZSdGVEczBTeW04bjh5eHRsdTlIU2Y2aGFGUGs3Q1RUeHZ5aW9rU1dEY1ZDK3c9PQ2&offer_ss=tc&pc=4&pos=15&sc=0&tc=16&tr=prezzo
2026-04-30,trovaprezzi.it,"InSinkErator Sistema di smaltimento dei rifiuti Alimentari, Acciaio Inossidabile, Rosso, 31,1 x 22 x 31,1 cm",615.13,https://www.trovaprezzi.it/goto-secondary/-105?impression=Vzl6eFN4eHZRNFR6eHNPUVlyQmdxWFlMM3hGRTNFS2ZDQmx4bXJlRllYRGhQcDNCeEhGSkRRPT01&offer=NmZpSkdyQ2JkMWdFVWduaTZLOFdEdmZNTkh2SG1pNEJVaGpxMEl1WkhlanMwNm1EcXVRaXRlT21QcUFvblNmRGJMV3BvUzFJWjBJT3pqTE9QTDhqRFNoelBSY2dhMzFMZGdGeWVKbmVVVzF1VDZyWnBKOEJuZUNycHBKNjZqbWllTDIvSEVQdHlydGxqY3greTNOVnRnbXoyVGtXVW1DcHgxQ3ZURnp1dmsrY2U3MEtBZW5jbUJyakozQXNWcktEc0VXTzNsVXVCUmpSRkRCVmFMVjA1N0dXSmUxbzliN3NydjZPU3hvYnQ4RjlZLytBWUYxem00d2I1eGFiT1Y1L01FaUZrZjgxbG9RZGFXS0tEa0trclZZQWxMMFZMQmQ4UkZxVHRFNlkzR01vSEgxam9MRjArRE9NOFdOYlRueCtyUjhrSEVWcGpkTW43OUVzdVVTNktKVGdmZUw4ZEhESDNiUTBTUFpzMUN5UnRjMElXejlnV0xySHFFYjRRbGF4M1hNZk5FWjhoMCtTTEpqYWxSWE5DdEtJYkRZdUczeUN5LzFLYVFKRENVR1B2anNBTlMxY2hRPT01&offer_ss=tc&pc=4&pos=16&sc=0&tc=16&tr=prezzo
2026-04-30,trovaincasso.it,"Insinkerator 1974550 Dissipatore  EVOLUTION PLUS 550 EC Tecnologia a due fasi - Potenza 0,55 HP",264.74,https://www.trovaincasso.it/quickview/index/view/id/27239
2026-04-30,trovaincasso.it,"Insinkerator 1974700 Dissipatore  PREMIUM 700 EC. Tecnologia a due fasi Potenza 0,75 HP Con tappo salvaposate",435.54,https://www.trovaincasso.it/quickview/index/view/id/27240
2026-04-30,trovaincasso.it,"Insinkerator 1974750 Dissipatore ADVANCED EVOLUTION PLUS 750 EC. Tecnologia a tre fasi - Potenza 0,75 HP - Con tappo salvaposate",656.36,https://www.trovaincasso.it/quickview/index/view/id/27241
2026-04-30,trovaincasso.it,"Insinkerator 1974100 Dissipatore ADVANCED EVOLUTION PLUS 1000 EC - Tecnologia a 4 fasi - Potenza 1,00 HP  - Con tappo salvaposate",824.72,https://www.trovaincasso.it/quickview/index/view/id/27242
2026-04-30,trovaincasso.it,Insinkerator ART. 1975078 MODELLO LC-50 PROFESSIONAL Dissipatore ecologico professionale con tappo salvaposate,1150.46,https://www.trovaincasso.it/quickview/index/view/id/27243
2026-04-30,trovaincasso.it,Insinkerator ART. 1975075 Tappo salvaposate,34.16,https://www.trovaincasso.it/quickview/index/view/id/27244
2026-04-30,trovaincasso.it,Insinkerator ART. 1975511 Kit raccordo lavastoviglie,39.04,https://www.trovaincasso.it/quickview/index/view/id/27246
2026-04-30,trovaincasso.it,Insinkerator ART. 1975512 Kit collegamento troppopieno,61.0,https://www.trovaincasso.it/quickview/index/view/id/27247
2026-04-30,trovaincasso.it,Insinkerator 1508165 Blancocare Liquido concentrato per gli scarichi,67.1,https://www.trovaincasso.it/quickview/index/view/id/27248
2026-04-30,trovaincasso.it,Insinkerator ART. 1975491 Kit collarino lavelli in marmo fino a spessore 50 mm.,73.2,https://www.trovaincasso.it/quickview/index/view/id/27245
2026-04-30,pentoleprofessionali.it,Insinkerator EVOLUTION PLUS 1000 EC (ex modello EVOLUTION 200) - Dissipatore per rifiuti,700.0,https://www.pentoleprofessionali.it/it/insinkerator-insinkerator-dissipatore-per-rifiuti-mod-evolution-plus-1000-ec-ex-modello-evolution-200-1974100
2026-04-30,pentoleprofessionali.it,Insinkerator Dissipatore per rifiuti mod. EVOLUTION PLUS 750 EC - ex modello EVOLUTION 100,582.0,https://www.pentoleprofessionali.it/it/insinkerator-insinkerator-dissipatore-per-rifiuti-mod-evolution-plus-750-ec-ex-modello-evolution-100-1974750
2026-04-30,pentoleprofessionali.it,Insinkerator Dissipatore per rifiuti mod. PREMIUM 700 EC - ex modello ISE66,397.0,https://www.pentoleprofessionali.it/it/insinkerator-insinkerator-dissipatore-per-rifiuti-mod-premium-700-ec-ex-modello-ise66-1974700
2026-04-30,pentoleprofessionali.it,Insinkerator Dissipatore per rifiuti mod. PREMIUM 550 EC - ex modello ISE56,236.0,https://www.pentoleprofessionali.it/it/insinkerator-insinkerator-dissipatore-per-rifiuti-mod-premium-plus-550-ec-ex-modello-ise56-1974550
2026-04-30,pentoleprofessionali.it,Insinkerator Dissipatore per rifiuti mod. LC 50 PROFESSIONAL con Tappo Salvaposate 1975078,1090.0,https://www.pentoleprofessionali.it/it/insinkerator-insinkerator-dissipatore-per-rifiuti-mod-lc-50-professional-con-tappo-salvaposate-1975078-lc50professional
2026-04-30,pentoleprofessionali.it,Flangia per lavelli in marmo e pietra Insikerator,75.0,https://www.pentoleprofessionali.it/it/insinkerator-flangia-per-lavelli-in-marmo-e-pietra-insikerator-13367382
2026-04-30,pentoleprofessionali.it,Tappo salvaposate,35.0,https://www.pentoleprofessionali.it/it/insinkerator-tappo-salvaposate-13358360
2026-04-30,pentoleprofessionali.it,Insinkerator Dissipatore per rifiuti mod. Standard 460 SR (ex modello ISE46),235.0,https://www.pentoleprofessionali.it/it/insinkerator-dissipatore-per-rifiuti-mod-standard-460-sr-ex-modello-ise46-1976460
2026-04-30,amazon.it,"Insinkerator Premium 550 EC - Tritatutto per rifiuti da cucina con motore a induzione da 0,5 CV e interruttore dell'aria",360.0,https://www.amazon.it/s?k=insinkerator+tritarifiuti
2026-04-30,amazon.it,"Insinkerator Premium 700 EC - Tritatutto per rifiuti da cucina con motore a induzione da 0,75 CV e interruttore dell'aria",509.0,https://www.amazon.it/s?k=insinkerator+tritarifiuti
2026-04-30,amazon.it,Insinkerator Evolution Plus 1000 EC - Tritatutto da cucina con motore a induzione da 1 CV con interruttore dell'aria,889.0,https://www.amazon.it/s?k=insinkerator+tritarifiuti
2026-04-30,amazon.it,"Insinkerator Evolution Plus 750 EC - Tritatutto da cucina con motore a induzione da 0,75 CV con interruttore dell'aria",665.0,https://www.amazon.it/s?k=insinkerator+tritarifiuti
2026-04-30,amazon.it,InSinkErator Standard 460,299.0,https://www.amazon.it/s?k=insinkerator+tritarifiuti
2026-04-30,amazon.it,"InSinkErator Sistema di smaltimento dei rifiuti Alimentari, Acciaio Inossidabile, Rosso, 31,1 x 22 x 31,1 cm",615.13,https://www.amazon.it/s?k=insinkerator+tritarifiuti
2026-04-30,amazon.it,"InSinkErator Badger 500, Smaltimento rifiuti da cucina ad alimentazione continua da 1/2 HP, serie Badger BADGER 500",168.93,https://www.amazon.it/s?k=insinkerator+tritarifiuti
2026-04-30,amazon.it,"Smaltimento Rifiuti, Tritarifiuti Alimentare, Tritarifiuti per Lavello Cucina, Acciaio Inossidabile, 7.5 HP 2800 giri/min, Tritarifiuti Magnetico, Silenzioso con Interruttore, Tritarifiuti Alimentari.",178.85,https://www.amazon.it/s?k=insinkerator+tritarifiuti
2026-04-30,amazon.it,"Artist CNTR333 smaltimento rifiuti, Nero",345.06,https://www.amazon.it/s?k=insinkerator+tritarifiuti
2026-04-30,amazon.it,"VEVOR Tritarifiuti per Lavello da Cucina, 0,74 kW, Sistema di Smaltimento Rifiuti Alimentari in Acciaio Inox, Motore CC, Supporto EZ, 3960 giri/min, con Cavo di Alimentazione, Paraspruzzi per la Casa",112.03,https://www.amazon.it/s?k=insinkerator+tritarifiuti
2026-04-30,amazon.it,"InSinkErator in-Sink-ERATOR/MASTERPLUMBER MP 1/2HP Dissipatore Rifiuti, Acciaio Legato, 1",196.76,https://www.amazon.it/s?k=insinkerator+tritarifiuti
2026-04-30,amazon.it,"BLANCO FWD Lite | Tritatutto da cucina 0,5 CV | Smaltimento rifiuti per lavello in cucina | Tritatutto per lo smaltimento di residui di cibo e rifiuti alimentari | Capacità 900 ml",258.13,https://www.amazon.it/s?k=insinkerator+tritarifiuti
2026-04-30,amazon.it,InSinkErator PRO750 Pro Series 3/4 HP Food Waste Disposal with Evolution Series Technology,404.2,https://www.amazon.it/s?k=insinkerator+tritarifiuti
2026-04-30,amazon.it,Insinkerator 71498 - Pezzo di tritarifiuti,37.82,https://www.amazon.it/s?k=insinkerator+tritarifiuti
2026-04-30,amazon.it,"VEVOR Tritarifiuti per Lavello da Cucina, 0,74 kW, Sistema di Smaltimento Rifiuti Alimentari in Acciaio Inox, Motore CC, Supporto EZ, 3960 giri/min, con Cavo di Alimentazione, Paraspruzzi per la Casa",112.03,https://www.amazon.it/s?k=insinkerator+tritarifiuti
2026-04-30,amazon.it,"Funzionamento Silenzioso, Efficace Trattamento dei Rifiuti Alimentari, Installazione Rapida e Semplice, Alimentazione Continua da 630 W per con Materiale in Acciaio",270.45,https://www.amazon.it/s?k=insinkerator+tritarifiuti
2026-04-30,amazon.it,"VEVOR Tritarifiuti per Lavello da Cucina, 0,37 kW, Sistema di Smaltimento Rifiuti Alimentari in Acciaio Inox, Motore CC, Supporto EZ, 3820 giri/min, con Cavo di Alimentazione, Paraspruzzi per la Casa",76.9,https://www.amazon.it/s?k=insinkerator+tritarifiuti
2026-04-30,amazon.it,"Fdit 2 Pezzi Copertura Antispruzzo per Tritarifiuti, Compatibile con, Diametro 87 mm, Tappo Silicone per Lavello",16.43,https://www.amazon.it/s?k=insinkerator+tritarifiuti
2026-04-30,amazon.it,"INSINKERATOR LEDefense Flangia per lo smaltimento dei rifiuti, accessorio antimicrobico LED per smaltimento rifiuti INSINKERATOR, FLG-SS-LED",128.87,https://www.amazon.it/s?k=insinkerator+tritarifiuti
2026-04-30,amazon.it,"VEVOR Tritarifiuti per Lavello da Cucina, 0,37 kW, Sistema di Smaltimento Rifiuti Alimentari in Acciaio Inox, Motore CC, Supporto EZ, 3820 giri/min, con Cavo di Alimentazione, Paraspruzzi per la Casa",76.9,https://www.amazon.it/s?k=insinkerator+tritarifiuti
2026-04-30,amazon.it,"Tbest 2 Pezzi Copertura Antischizzi in Silicone per Tritarifiuti Compatibile con InSinkErator, 87mm Diametro Esterno",21.92,https://www.amazon.it/s?k=insinkerator+tritarifiuti
2026-04-30,amazon.it,"Smaltimento Rifiuti, Tritarifiuti Alimentare, Tritarifiuti per Lavello Cucina, Acciaio Inossidabile, 3/4 HP 3200 rpm, Tritarifiuti Magnetico, Silenzioso con Interruttore, Tritarifiuti Alimentari.",168.85,https://www.amazon.it/s?k=insinkerator+tritarifiuti
2026-04-30,amazon.it,"Tritarifiuti in Acciaio Inox, Tritarifiuti per Avanzi di Cucina da 1000 Ml, Protezione Acustica, Tritarifiuti per Rifiuti Alimentari da Cucina Sottolavello, 3/4 HP",196.99,https://www.amazon.it/s?k=insinkerator+tritarifiuti
2026-04-30,amazon.it,"2Pezzi Deflettore per Lavello con Piastra Antispruzzo per lo Smaltimento dei Rifiuti, Coperchio Antispruzzo per Dissipatore di Rifiuti in Silicone Adatto per InSink-Erator con Diametro Esterno di 87m",20.89,https://www.amazon.it/s?k=insinkerator+tritarifiuti
2026-04-30,amazon.it,"VEVOR Tritarifiuti per Lavello da Cucina, 0,559 kW, Sistema di Smaltimento Rifiuti Alimentari in Acciaio Inox, Montaggio 3 Bulloni, 3600 giri/min, con Cavo di Alimentazione, Paraspruzzi per la Casa",94.9,https://www.amazon.it/s?k=insinkerator+tritarifiuti
2026-04-30,amazon.it,"VEVOR Tritarifiuti per Lavello da Cucina, 0,37 kW, Sistema di Smaltimento Rifiuti Alimentari in Acciaio Inox, Montaggio 3 Bulloni, 3820 giri/min, con Cavo di Alimentazione, Paraspruzzi per la Casa",91.99,https://www.amazon.it/s?k=insinkerator+tritarifiuti
2026-04-30,amazon.it,"MINRS 560 W, trituratore per rifiuti da cucina, con interruttore d'aria, 3600 giri/min, 1,15 l, per lavello, tritatutto",92.0,https://www.amazon.it/s?k=insinkerator+tritarifiuti
2026-04-30,amazon.it,"Adattatore per Tubo di Scarico per Lavastoviglie Compatibile con Tritarifiuti Insinkerator, Include 1 Connettore di Ingresso 1 Fascetta Stringitubo e 3 Fascette a Molla",12.99,https://www.amazon.it/s?k=insinkerator+tritarifiuti
2026-04-30,amazon.it,"Tritarifiuti, Raccoglitore di Cibo, Tritatutto, Tritatutto da Cucina, in Acciaio Inox, Materiale 370W (Nero)",275.44,https://www.amazon.it/s?k=insinkerator+tritarifiuti
2026-04-30,amazon.it,"VEVOR Tritarifiuti per Lavello da Cucina, 0,559 kW, Sistema di Smaltimento Rifiuti Alimentari in Acciaio Inox, Supporto EZ, 3930 giri/min, con Cavo di Alimentazione Motore CC, Paraspruzzi per la Casa",94.99,https://www.amazon.it/s?k=insinkerator+tritarifiuti
2026-04-30,amazon.it,"Smaltimento Rifiuti, Tritarifiuti Alimentare, Tritarifiuti per Lavello Cucina, Acciaio Inossidabile, 7.5 HP 2800 giri/min, Tritarifiuti Magnetico, Silenzioso con Interruttore, Tritarifiuti Alimentari.",178.85,https://www.amazon.it/s?k=insinkerator+tritarifiuti
2026-04-30,amazon.it,"Tbest 2 Pezzi Copertura Antischizzi in Silicone per Tritarifiuti Compatibile con InSinkErator, 87mm Diametro Esterno",21.92,https://www.amazon.it/s?k=insinkerator+tritarifiuti
2026-04-30,amazon.it,"NutriChef Compostiera da Cucina, Compostiera Elettrica 3 Litri, Bidone Umido per Cucina, Pattumiera Umido con Asciugatura, Frantumazione e Raffreddamento, Bianca",199.99,https://www.amazon.it/s?k=insinkerator+tritarifiuti
2026-04-30,amazon.it,370W Elettrico Tritarifiuti da 1 Litro Smaltimento Rifiuti Domestici Tritarifiuti Alimentare,117.0,https://www.amazon.it/s?k=insinkerator+tritarifiuti
2026-04-30,amazon.it,"BOXOB 3pz FLG-Seal Guarnizione Lavello, Guarnizione Scarico Gomma Premium Senza Stucco per Lavello Cucina Anello Tenuta Ricambio per Insinkerator Sistemi Drenaggio Tritarifiuti(Nero)",11.99,https://www.amazon.it/s?k=insinkerator+tritarifiuti
2026-04-30,amazon.it,Dissipatore Tritarifiuti Alimentare 1L Home Kitchen Food Waste Processor Disposer Domestico Da Lavello 1000ML 370W 1/2HP 2600 RPM,90.0,https://www.amazon.it/s?k=insinkerator+tritarifiuti
2026-04-30,amazon.it,Tritarifiuti Raccoglitore di rifiuti per rifiuti Domestici da Cucina Sistema di macinazione dei rifiuti in Acciaio Inossidabile da 2800 Giri/min Adatto per macinare Vari rifiuti Domestici da Cucina (,350.89,https://www.amazon.it/s?k=insinkerator+tritarifiuti
2026-04-30,amazon.it,Sostituzione Garbage Disposal Guardia Splash GE per rifiuti King in-Sink-Erator,10.59,https://www.amazon.it/s?k=insinkerator+tritarifiuti
2026-04-30,amazon.it,"OUKANING Dissipatore di rifiuti Acciaio Inossidabile 1000Ml Avanzi di Cucina Trituratore di rifiuti Trituratore di rifiuti Protezione da sovraccarico, Protezione dal Rumore",117.0,https://www.amazon.it/s?k=insinkerator+tritarifiuti
2026-04-30,amazon.it,Waste King - Tritarifuti da lavello,194.57,https://www.amazon.it/s?k=insinkerator+tritarifiuti
2026-04-30,amazon.it,Hemobllo Gomma Per Tritarifiuti Alimentari Protezione Anti-spruzzi Di Ricambio Per Tritarifiuti Facile Da Installare E Manutenere,11.09,https://www.amazon.it/s?k=insinkerator+tritarifiuti
2026-04-30,amazon.it,INSINKERATORE CCA-00,161.27,https://www.amazon.it/s?k=insinkerator+tritarifiuti
2026-04-30,amazon.it,"InSinkErator Disposal Stopper, Accessory, Oil Rubbed Bronze",51.85,https://www.amazon.it/s?k=insinkerator+tritarifiuti
2026-04-30,amazon.it,"InSinkErator STC-MTBLK Air Switch, Accessory, Matte Black",52.38,https://www.amazon.it/s?k=insinkerator+tritarifiuti
2026-04-30,amazon.it,Coperchio Antispruzzo Per Dissipatore di Rifiuti in Silicone da 2 Pezzi Coperchio Per Distributore di Rifiuti Compatibile con InSinkErator 87 Mm di Diametro Esterno,22.29,https://www.amazon.it/s?k=insinkerator+tritarifiuti
2026-04-30,amazon.it,"Tappo Scarico Lavello Multifunzione - Filtro per Spazzatura & Setaccio, Compatibile con Tritarifiuti, Accessorio AntiBlocco per Scarichi Lavello, Dissipatore Rifiuti & Tappo Acqua Universale",16.99,https://www.amazon.it/s?k=insinkerator+tritarifiuti
2026-04-30,amazon.it,"Trituratore Di Rifiuti Alimentari, Trituratore Di Rifiuti Alimentari Del Lavello, Sistema Di Macinazione Di Rifiuti Alimentari In Cucina, Serve Per Trattare I Residui Alimentari Come Verdure Ecc",70.52,https://www.amazon.it/s?k=insinkerator+tritarifiuti
2026-04-30,amazon.it,"Tritarifiuti con Raccoglitore di Cibo da 3/4 HP 2800 Giri/min Tritarifiuti da Cucina sottolavello con Spina e Interruttore Wireless - Acciaio Inossidabile, Alta velocità per Una macinazione efficient",127.04,https://www.amazon.it/s?k=insinkerator+tritarifiuti
2026-04-30,amazon.it,"Tritarifiuti, Raccoglitore di Cibo, 560 W, tritarifiuti Domestici con Interruttore ad Aria, frantoio da Cucina da 1000 ml, macinacaffè in Acciaio Inossidabile",316.24,https://www.amazon.it/s?k=insinkerator+tritarifiuti
2026-04-30,amazon.it,"VEVOR Tritarifiuti per Lavello da Cucina, 0,559 kW, Sistema di Smaltimento Rifiuti Alimentari in Acciaio Inox, Supporto EZ, 3930 giri/min, con Cavo di Alimentazione Motore CC, Paraspruzzi per la Casa",94.99,https://www.amazon.it/s?k=insinkerator+tritarifiuti
2026-04-30,amazon.it,"Tritarifiuti Alimentari da 560 W, 3800 R/min, con 7 Livelli di Macinazione e Protezione da Sovratemperatura, Acciaio Inossidabile Serie Titanio, Tritarifiuti con capacità di 1200 Ml",338.81,https://www.amazon.it/s?k=insinkerator+tritarifiuti
2026-04-30,amazon.it,"VEVOR Pompa Trituratore 350 W Portata 6000 L/h Prevalenza 7 m Pompa Maceratore per Acque Luride con 3 Ingressi Acqua per Cantina, Macchina per lo Smaltimento delle Acque Reflue della Lavanderia",82.9,https://www.amazon.it/s?k=insinkerator+tritarifiuti
2026-04-30,amazon.it,Tritarifiuti Splash Guard Smaltimento Rifiuti Protezioni antispruzzo e tappo Lavello Smaltimento Smaltimento Sostituzione Tappo di scarico Protezione antispruzzo Cucina Scarico rifiuti alimentari,15.8,https://www.amazon.it/s?k=insinkerator+tritarifiuti
2026-04-30,amazon.it,"VEVOR Pompa Trituratore 700 W Portata max. 9600 L/h Prevalenza 10 m Pompa Maceratore per Acqua con 3 Ingressi Acqua per Cantina, Macchina per Smaltimento delle Acque Reflue della Vasca da Bagno",107.9,https://www.amazon.it/s?k=insinkerator+tritarifiuti
2026-04-30,amazon.it,"NEWTRY Compattatore per rifiuti, Pressa manuale della spazzatura per bidoni da 120L e 240L, frantumatore di rifiuti strumento di riciclaggio con design salvaspazio per casa, cucina e esterni - Bianco",65.99,https://www.amazon.it/s?k=insinkerator+tritarifiuti
2026-04-30,amazon.it,"Deflettore Antispruzzo per Tritarifiuti da Cucina, Copertura e Accessorio per Lavello",8.99,https://www.amazon.it/s?k=insinkerator+tritarifiuti
2026-04-30,trovaprezzi.it,Insinkerator 71498 - Pezzo di tritarifiuti,37.82,https://www.trovaprezzi.it/goto/879202570?impression=Vzl6eFN4eHZRNFR6eHNPUVlyQmdxWFlMM3hGRTNFS2ZaajZNSjlhQlZpMytLUkRwTHVSOEh3PT01&search=aW5zaW5rZXJhdG9yIHRyaXRhcmlmaXV0aQkyMDM1&pos=1&nb_results=4&pc=4&sc=0&tc=16&offer_ss=pc&tr=prezzo
2026-04-30,trovaprezzi.it,InSinkErator Tritarifiuti Alimentari InSinkErator Power Premium 550 EC,250.0,https://www.trovaprezzi.it/goto/830352453?impression=Vzl6eFN4eHZRNFR6eHNPUVlyQmdxWFlMM3hGRTNFS2ZaajZNSjlhQlZpMytLUkRwTHVSOEh3PT01&search=aW5zaW5rZXJhdG9yIHRyaXRhcmlmaXV0aQkyMDM1&pos=2&nb_results=4&pc=4&sc=0&tc=16&offer_ss=pc&tr=prezzo
2026-04-30,trovaprezzi.it,InSinkErator Tritarifiuti Alimentari InSinkErator Power Premium 700 EC,387.0,https://www.trovaprezzi.it/goto/830352454?impression=Vzl6eFN4eHZRNFR6eHNPUVlyQmdxWFlMM3hGRTNFS2ZaajZNSjlhQlZpMytLUkRwTHVSOEh3PT01&search=aW5zaW5rZXJhdG9yIHRyaXRhcmlmaXV0aQkyMDM1&pos=3&nb_results=4&pc=4&sc=0&tc=16&offer_ss=pc&tr=prezzo
2026-04-30,trovaprezzi.it,InSinkErator Tritarifiuti Alimentari InSinkErator Advanced Evolution Plus 1000 EC,720.0,https://www.trovaprezzi.it/goto/830352452?impression=Vzl6eFN4eHZRNFR6eHNPUVlyQmdxWFlMM3hGRTNFS2ZaajZNSjlhQlZpMytLUkRwTHVSOEh3PT01&search=aW5zaW5rZXJhdG9yIHRyaXRhcmlmaXV0aQkyMDM1&pos=4&nb_results=4&pc=4&sc=0&tc=16&offer_ss=pc&tr=prezzo
2026-04-30,trovaprezzi.it,In Sink Erator Waste Stopper by In-Sink-Erator,19.89,https://www.trovaprezzi.it/goto-secondary/-112?impression=Vzl6eFN4eHZRNFR6eHNPUVlyQmdxWFlMM3hGRTNFS2ZaajZNSjlhQlZpM3czanpiSGkzM1NRPT01&offer=NmZpSkdyQ2JkMWo2bHAybmNYMy9FY2xiR3V2bEN0bFo2T3dremlMenMxUjRGYktKZDI1bWhXck9La0U2dUV5aDZ4Rm1ja0FOR0t3L2xrRThvZGxQQklTTHlSaXd0Q29GWmNRYlo1V0d2Yzc0bjRkQ0tydjV0RzlqTUJEZ3F1Uy9nTk9RWVBvbXVzeXhCQTNOM2NyYXBZVjgvQXAvQ3NxU0RnV3JNK09sU1FaQU1JU0h6ZEV5cG1tbE8vSVdEUENOc2NXM0R6eHhwZkxMbFB4S1M1aDM0REJKdVFQYzVyK21ZTTVocTg3UDVYbnNlTzBrZzFiZ0ZBd0dRNHduTVM1VzZEMzN3SjFpU2w4WHRXOVo2aG5rWHp5d1lBQmlPbklrak5uR3JHKzltWk1nVnRjeHo3U2plZjdKbm92OWhCNHNHbStURklNbWVxSVNndUp5ZnZWdHd5Kzl5NHh3ZzBZaw2&offer_ss=tc&pc=4&pos=1&sc=0&tc=16&tr=prezzo
2026-04-30,trovaprezzi.it,"2Pezzi Deflettore per Lavello con Piastra Antispruzzo per lo Smaltimento dei Rifiuti, Coperchio Antispruzzo per Dissipatore di Rifiuti in Silicone Adatto per InSink-Erator con Diametro Esterno di 87m",20.89,https://www.trovaprezzi.it/goto-secondary/-115?impression=Vzl6eFN4eHZRNFR6eHNPUVlyQmdxWFlMM3hGRTNFS2ZaajZNSjlhQlZpM3czanpiSGkzM1NRPT01&offer=NmZpSkdyQ2JkMWo3bXBXY0pvRlcxUnpZM09LRGNKVUM0RmI4L05JVEtnc3RJR3k5aCtFazFualJZK05pSC9ZV3BTbTZFS0tXSWJ6RitlcFRoRDFpdEEvdkZ4VmtNSGdnZGc4anZsZ0p2dy9jVzRjcFV5ZzJ6dGFNd0I1TERmUGR2SlExdnlKa21zNGNhdWh1SUJ0dmJ4eGlpMTY3UmZmZTVYelhyRWRiZk1LYnlheExFck9ETjBYNHJOVi8zZkh0K3ZWK2dEaHcrTnF4UzBwcE5Bb0VDSVVzdE9IbXA3R0d2SDE0aDUyY21OTFVtMEx6ZjRDSm5KYmgzSjM4RlRZSFYyTUZVb25yUTV4TERPNjFlbnJNMGNZUDRGVjRFYTRtRmxFaVV5ampCMDBqWmlSUmVmbTRTS0IzbEdBSGFad3RyY0VyQlN3SFl2Umc1czZJNXNJUUpybG9PaFZKQjdUYWN4U3dIcjY0S0hwaVo0WTJvYlRYN2ZxaG52aXBxQWVldmwyczIxd0VGTUJNR0VNeFB0NjdERXdOK01oejhnZU42QVJvSm9qbUJPSFB2K3grVFJNc052eW5LYkN4RlAxbTdkekJLc0tEcW5aRGx0QWxzOWRMbm1ZTU9SS1lOdWRUdmNRM2tTTGJuSXpoMEVvUnk0aUpxR0paMmRKUC9BNWwxUWdQcFJsbGRNUWEySTNZMUFSTlNMSHVXZ09Lam92ajBqUmFndEFKajFBPQ2&offer_ss=tc&pc=4&pos=2&sc=0&tc=16&tr=prezzo
2026-04-30,trovaprezzi.it,"Tbest 2 Pezzi Copertura Antischizzi in Silicone per Tritarifiuti Compatibile con InSinkErator, 87mm Diametro Esterno",21.92,https://www.trovaprezzi.it/goto-secondary/-113?impression=Vzl6eFN4eHZRNFR6eHNPUVlyQmdxWFlMM3hGRTNFS2ZaajZNSjlhQlZpM3czanpiSGkzM1NRPT01&offer=NmZpSkdyQ2JkMWdYNmhYN212RWN6OWJ6K3hqNndiU2JjcmVjeVZJcWJZdUJXUzlpRmtKK2w3ZnQrQy9BTXd5eVRlNDM0bG91NTVORGcwaU1BNWptMmJyNzcyUU41cTY0VTNZMzhxQ3hBNDlsZmNQcklXdjJjczEySWFMSVBpS251ZFFkdU15Sy9iaUo2WElReFFKaVc0alJGVTREejVkZXBwb1V3a3MxVEtOVXBPWlFaaElOaFhxTit1YVZHWEpCcWdieWpzZEw3d2JoaCsxa2oxOFlOcCtEa3htTHZ4amw0NUkwUjFBaklqQUxPWW1pTEE2Y2gwTnJ6TngxMHE0SVY3dTV2V1p5MHJBU3RGYStUNFFaYVkzTU9RNlFkM1lOY0s3QmRRdUwrZnZ3L3c2QjZuWjdaOUYzeFV2TGxBdTZMTHN0U0FNRVM4Wm5ab1Rud00zSFBGYTZnV2krWHU5QytjSG9kaFVrdXFualRhN3FBRUU0NmFjYmpXQVBFNUkwK2FlYUkxRG5iNGtHaHlYbFNRMDlEa0Q5Q0hZU25NUWY5NjVhSy9Jcm1Bd0RKTWs2Vkd4dFhzc1QxNEN5UGJYbQ2&offer_ss=tc&pc=4&pos=3&sc=0&tc=16&tr=prezzo
2026-04-30,trovaprezzi.it,Insinkerator 71498 - Pezzo di tritarifiuti,37.82,https://www.trovaprezzi.it/goto-secondary/-110?impression=Vzl6eFN4eHZRNFR6eHNPUVlyQmdxWFlMM3hGRTNFS2ZaajZNSjlhQlZpM3czanpiSGkzM1NRPT01&offer=NmZpSkdyQ2JkMWpmOUZXNEl5VDZaUjA1NU8yZWRRVG03MythTW9SbzBDTW8yclIxdGVLTGtXRWNJdGNMaUVSZ2FuZ3FFMmdCNEtvSStZVXBWc3pJRy9Nc3NYcGlnc3hYUU1LdWRKTy9WOGlrakN2K3czWmRmZVgrMmUxT3F1QkhPRmw3OGJLZnFFNC8xVnk4c3pvRkxMbmtJWW8xNU1aS0VRSmMzbHM1alMyQ0pMeFFmZ25XdDNYZ2FnU05majFXM2RXZUNPSUd1OVpES0dVeFdURk10bEtvSVZ4ZnZMcmMrbG1xeHB6dWJKQ2NRQXZ4NDF3UmsxWTFkTXpkNDBLbGw4ajBtSkdQOUNsclBHRnlrVWV3d1NiWjN5VXpKRDRJbGpIdnZQUUVGWGNuT0k4YTFuQ3lGYlc1QWRJNWxKSkR1NnVrN0FyajhoZ1ZTWFp5OUI0aUlaZmdseXdMQ2k0Wg2&offer_ss=tc&pc=4&pos=4&sc=0&tc=16&tr=prezzo
2026-04-30,trovaprezzi.it,InSinkErator Pulsante di ricambio originale - Interruttore pneumatico per smerigliatrice rifiuti alimentari,53.9,https://www.trovaprezzi.it/goto-secondary/-111?impression=Vzl6eFN4eHZRNFR6eHNPUVlyQmdxWFlMM3hGRTNFS2ZaajZNSjlhQlZpM3czanpiSGkzM1NRPT01&offer=NmZpSkdyQ2JkMWl3SVZYREFocFREeTdJSXZnSTNnVWttaG9xRDFKcHFaSk9XUnlQYVMzejE2RElDUW9kc2JYaWlnK3E1Y0pOZjFsNGt0NXZlK1RPazR4d29BRWpUZVZqRk91VUFLU1gzc1c1TG5IWktUVGtNTjV0dms3QTgrZTJpdVg5Z0VTUzRmL2liaFRUaVFDR2t2cnZHbSsyMWdUSnF5ZG9DWDRSMkoyVTFMYjM5M2JNMkM3aW41RTN1QjgyRlJaUm93T2E4dnVWdkZEU1N3RDUvdTJBcEkzeE1CSTkwRmJIN0dMejR2Wm5lbldjVU9Ocm1KWHo4NFk4TWN4N0VVVGpWcTNwR3hteC9wZTRWWStZOW1qc0luWDN0QUYzT1hLcXJwR2daL3p5cWlmbW5QQ1c2bVpRMWdwMGdsR0daR2loaEVyYThHSll0K2hGejk4VVMycm5CV2F6d3JJWTFkVllNenR0Q2J5YnBacWI0YWdJSXJXZElIQjBBM3RDVlpoaFpMKzUyRVdBSFdCdEs1WjdCbVE3cWJFN0YvZGVKMDlOazlQU2NXZWpDdHIzYjNZeGR3PT01&offer_ss=tc&pc=4&pos=5&sc=0&tc=16&tr=prezzo
2026-04-30,trovaprezzi.it,"VEVOR Tritarifiuti per Lavello da Cucina, 0,37 kW, Sistema di Smaltimento Rifiuti Alimentari in Acciaio Inox, Motore CC, Supporto EZ, 3820 giri/min, con Cavo di Alimentazione, Paraspruzzi per la Casa",76.9,https://www.trovaprezzi.it/goto-secondary/-114?impression=Vzl6eFN4eHZRNFR6eHNPUVlyQmdxWFlMM3hGRTNFS2ZaajZNSjlhQlZpM3czanpiSGkzM1NRPT01&offer=NmZpSkdyQ2JkMWpsUE1Vd0hUZFFwWnJRZkNabjYwU3Q4UVpqRGFuZXBNMHFzNllWL3dhaHU2b2JGMzlmaDMvM3QveXR0RGI0MWxoUnpNVEJBUW5sTHhKQW9GaUxvWncxMG5scGFheGNOeUNZeGpsNk5rc295QXFqb29NU3d3TjhRQzI0QWYvVHNocUhyVWFqb0R5cWNVQmVRRlRqY3grY0kyYTg4TkJzQTJmbjlwNUFKNGIzTUFGeHZXUURwQldOYVZtS2Y3MGEyYUJ3Q2ZZUWZKR1pidzhIeDRsRFYrL2JpSVBmY2FmVU1BU3gzbFlGVFpVTk5weVZzY1QvdXlOU1RrMlUvM0RpbDdYNkVlZlZ2N1FGendpL1dDQmNXUlBVWG9YVVdDelBIMG00dzZHcG9BWGNKakpNeElvbHduQUdzdW0vR1dzMmVTM081dExPbTRSb0JVMnEzbnRwRlc5VFBzbHIycVF6dzlwb0VpdVVPRkRGQkpwMUJ4K1N0dTV1QjVIazBPNXA0N3oySFFSZ2JzeGIxeGtZMWN0eDc0b0dkMVowcE1qdUt4OWxJczl1MlVRcnViK0VWUmw1Y3QzZnQxa3oxQ1kwVzl4eFBFN3hJWVZNeUM1VmJaNWNCZkpTOVN5Q0RpeVdtMm1qRHJJQ0txMlREL05HcGVBeVpOckxISFo5Q2FleE1Fek52QzhaNTR2VjZyTXZjdkNzb3dBRkRCY1FRNFE5bkRBPQ2&offer_ss=tc&pc=4&pos=6&sc=0&tc=16&tr=prezzo
2026-04-30,trovaprezzi.it,"VEVOR Tritarifiuti per Lavello da Cucina, 0,74 kW, Sistema di Smaltimento Rifiuti Alimentari in Acciaio Inox, Motore CC, Supporto EZ, 3960 giri/min, con Cavo di Alimentazione, Paraspruzzi per la Casa",112.03,https://www.trovaprezzi.it/goto-secondary/-107?impression=Vzl6eFN4eHZRNFR6eHNPUVlyQmdxWFlMM3hGRTNFS2ZaajZNSjlhQlZpM3czanpiSGkzM1NRPT01&offer=NmZpSkdyQ2JkMWlWdTFGdFU4NkFGNm5mdGp3b1RjaUdtRUxWRi9md1VQZVVzc2VrNjdaeWsxYXJ2UHYwZDFqbFY3a1NqL241VFc0K3dRUGJnUXNLZ1ByWEtmcmdRUm5jcjF6eVh0WnFOcjV1NGVPdnFkWFRwakVYZXJadEZUNmxDelV2cno3WlJzaHIxUndnbnhIOG9zQXo4T2NFbnFZYTdweXFRR1REaDhPK3JoVFN4d1BaZERNczJmeDNnckxHMEthOWhReTIxckRWRFJQVCtjc3VIRGpVcnNXakFmQmZsRExaejdZVVdjWGRaRHJ5eDNkaVl6Z1IrLy92QXVCSFJTMWMrVVJjdjBzM2MyR3VHTW9MY0s3aHpoNEtucEZRTmFORW8rQU0yeTMxZ0dCOXpWd1dZc0oxb0xXNTM0NVRISEhTc1lhNXNhTHRPT3ROTnd5THdmWSs0SGpWYURmaExKdk56Uk83L1I4bC90cm5mN1h2K3lPQVRPRFd0RURPQ3V2bjdkZ0k0bXNrSURPaktrRFZQN2R5N1pUVzBVb2NhamxaL2RiZTNiZVpvNURybGNXWk1tVk44c2VwZXVHS1ZMUEcyeFFjM1p1alZMNFlGMUNxRXpGRXMxalRaR0dNaFJPOEF4NTB2M2RBNUttclNlcHpKRnhNMk9zWTB2dDFrbmRybWJHOHZQZ0k4Q2Q0L2UyclhXSXNaOVI4TDRDV2V1TzJIVUlGTmpFPQ2&offer_ss=tc&pc=4&pos=7&sc=0&tc=16&tr=prezzo
2026-04-30,trovaprezzi.it,"Smaltimento Rifiuti, Tritarifiuti Alimentare, Tritarifiuti per Lavello Cucina, Acciaio Inossidabile, 3/4 HP 3200 rpm, Tritarifiuti Magnetico, Silenzioso con Interruttore, Tritarifiuti Alimentari.",168.85,https://www.trovaprezzi.it/goto-secondary/-108?impression=Vzl6eFN4eHZRNFR6eHNPUVlyQmdxWFlMM3hGRTNFS2ZaajZNSjlhQlZpM3czanpiSGkzM1NRPT01&offer=NmZpSkdyQ2JkMWpPM1E0NWlaREd3TnB1eFFVOWpFYlV3V0NmbWVDTEIrK1pXdThxY1Q2dlQwdVkwTXRCWU5uRFFaMm5ObkNXRU5INktIOFdMYnpva09KN04rSG9kRGN6RkFSK3d6blhRZHRhUGgzZW54L2E3Rmc2Mi9SR1YxUjgwdGZmcDlSY3FpRVpHVUh5bEdrT3pxSnZCR3duanpaMHZsajFYMGx4Rk14WTFLU1dCNXUrSHlPYXlWNmN6ajA5eUwwVFZOWE93MGdvUVR4OVdGT2svQzBjYmtoWmxVRVJySWFyREZ1L2E3QVBZdUF2a0doWVVHMWhWUmdxNXkzUlJ5elJ2T2N1RkhjdDZyaS9VMnlIdjhSUDRoc0dmSGlYWWl5anVhK0pTRW15ckRSTHJja3RYYjdnaHIrc1ptQml3a1QwTHZwNnBrRXdrRVNlNHFQek56cERLSzIrVmFNZVg2V1YvVnJqN1hwMHRaQmhMa1NyS2xKVE50cnJReU5GV08rWStmZXhPUEE1QTlSdXp4Ylc0dlp4OE0vSThJR3NBYWFSNkJHQzlNTUNJU2tLUk1tNHNHQ1IrSkJQVFJ5U0Z3S1owYVJzcHhlbVh0dVJ4TlhXblFDNmhKUEQycXVvUVdhaDNLenNBaHlTSmp4aExjWlJHMlVJSHBnK0pVMUhZZkFoNHpYQkJNTHRVblhWRzFoRnpBNXY0bUNFN0RmY2I0bENHQkNUWW9jPQ2&offer_ss=tc&pc=4&pos=8&sc=0&tc=16&tr=prezzo
2026-04-30,trovaprezzi.it,"Smaltimento Rifiuti, Tritarifiuti Alimentare, Tritarifiuti per Lavello Cucina, Acciaio Inossidabile, 7.5 HP 2800 giri/min, Tritarifiuti Magnetico, Silenzioso con Interruttore, Tritarifiuti Alimentari.",178.85,https://www.trovaprezzi.it/goto-secondary/-103?impression=Vzl6eFN4eHZRNFR6eHNPUVlyQmdxWFlMM3hGRTNFS2ZaajZNSjlhQlZpM3czanpiSGkzM1NRPT01&offer=NmZpSkdyQ2JkMWd6YjYzdlNnajR5Mjd3bTc3eDA3UE8ySDk0c0Z5RHNqckliaGJJeGJuS3Z1d1ZuV3B4MUVEOFBJWEtXNGlMM0VVVGd6eURXRTEyRWRPVmxmOVY3ZW1TYSs4YnVEOVRtWDgrczhOTm1nRnEvWkJqSnJqQmEyU0ZiSW9HWE5HOVM2RGdhejRmL1NtN3p6UHlacXcydEFYWDZwaXgrbTV3eVdlV3dpVDhiblE5dTRuUWJMY2xRcjQ2SmhaNE5XOXNpRVdPZHJ3Z3hBMzJNT3J1VEJmRnorVWNPQlVsQ056aG9WczM5bmZBa21POGg0WGZBZG5tek5VeDAxWkVYRW85WEJ1eURqVlh1Wlh6TURLeDBkK0ZnMWpsMis1c2tzdk1wY012a3BPTkl1Qm5FU0d0MkxUenJ2emtCQWpqakRFU0hMdmxzRlRKZ1F0YlEyT3UxdExQTzNMYXBpVVF4TU43cG9mZk83YmhGNnFNWHRtQWdGZU83T1Bub085THhLUHFMVVBOWXdLTGdBMVVBSXJScGtPcS9UTnAwVXFCK1lxUGIyTnVKa3FyNXpyMWVEQ0xhU2I5MmNmTUFvMmdPOVRiZktDOGJPWS94dDhZZlB4NU5pRUd5T3VIakJmUXpzM2d6OHE5dFFXTHh6ZWJvYy82eVZJUWs0M2RYakFyMkREamM4RTFXZzU4MUZTYzNuK1Y4eHhkMXk3YktYdUV1WDIvN2NjPQ2&offer_ss=tc&pc=4&pos=9&sc=0&tc=16&tr=prezzo
2026-04-30,trovaprezzi.it,"InSinkErator in-Sink-ERATOR/MASTERPLUMBER MP 1/2HP Dissipatore Rifiuti, Acciaio Legato, 1",196.76,https://www.trovaprezzi.it/goto-secondary/-106?impression=Vzl6eFN4eHZRNFR6eHNPUVlyQmdxWFlMM3hGRTNFS2ZaajZNSjlhQlZpM3czanpiSGkzM1NRPT01&offer=NmZpSkdyQ2JkMWh3M0M4OW9IMXlMbVVKS28yVkFzN0FQL1Z6aDZzb25TWWJNVHVtOXVGLzVuWHNjL1lEZXd0akxIdys0T1poUzBTSWtJb1RkSVREYkF4R3BmU2V6TjJRTU9laEppM20yZlpLR2pVODdwcS83VHBtNFVWcjdObDJ0VkIraVlzZExVM3UwODJiWjhmelBEdFd5L1M2Z1Qwa2tXcnFlZER6VTVBdW04MGo1VzdGOFNzdGRsZGJxc21VU1gwVHRjSmp3L1pwVjRONmJURzFsK1lMaXNPcm12UXlqRUMwZTZEMk15VlNiS3dGeFUvTXhXR3U3L1hWbzA1OGxjR3BNeGJCc29zM2VjdS9xbUZnbHR4bTZhWitYbUI5c2hxVkI3N0pCcHpjeUpFeDJ6M1BmYXhndTh3bHl1eUg5SCtvY1dsd1lLMDJFaCswcjlDaWU0bStUYTdGUHJuNEJ5TkJpUnhBV1BIU3BQRUFEbENDMzZFOWtndkVHc1NGd1FVTXBnaE5jdjhiQnhTQWtBdXJNSGVoLzN2d2FkdUE1&offer_ss=tc&pc=4&pos=10&sc=0&tc=16&tr=prezzo
2026-04-30,trovaprezzi.it,"BESTXH Tritarifiuti in Acciaio Inox, Tritarifiuti per Avanzi di Cucina da 1000 Ml, Protezione Acustica, Tritarifiuti per Rifiuti Alimentari da Cucina Sottolavello, 3/4 HP,Nero",196.99,https://www.trovaprezzi.it/goto-secondary/-109?impression=Vzl6eFN4eHZRNFR6eHNPUVlyQmdxWFlMM3hGRTNFS2ZaajZNSjlhQlZpM3czanpiSGkzM1NRPT01&offer=NmZpSkdyQ2JkMWkvVUlGbmNBZ08xcU5CVit3UmhGVlNYK1Z3YXVTcE10Z0xLRk9qTWwzVTF5Z1NuQVB1ZHpNS2o3M0RCOUxzaFZiUEFvT1pRQm50Q0NKZjNnbnZvc0FCL0FNbEhNeWRGckJibXlwUmRRRGJGcStmVy80SUtXTWgrdFdGRnpiaUc2TmZ5R21ieFQvUDZqVjgzNDZHMkRPbHJJUWVHK0RlU1QzSmRPZ29hTGVnRHN5d1hZaE1UVm82bi9BcitNZ24xSEtNejNJVW5pQzNrdnZNN1RDZWJoa3J3aHM0eXNxbzNITjUvRTRDV1F3N1dtWk1zVDc0VzZyUzJxNjhVZHJ1ZkcybmI2c1BDVjRKcFkyWFUvWkZMcENCbGoyVkZEQUFLbGRoUVFCL3hRSDJncDFTU3FLVzkvelpHQjA2ang1SHg3L3NCVlMzeXBtSC9HSDUwKzBVQzVlYU9HRkkxUzdCT0p0UG5id3EvWTFCU3FPR0FPQmcxZFRjelZBZ2FoMkRUTmZjVHBpMUNNaXQyR2xZb2VtTjc4eExEWmV0eHlLUHliaEFXM2oyNVlvcEJndmo4M2s5c3lJSWpOL01HS2tPQ3FzMVpqL3c2bjZHMDVSd3k3QUJLaE9NNW5iUXN1TUV3bEtZQ1gvTlhGempabWpzeDJ4NWV6bUkvQTlGU1VDSE5lbz01&offer_ss=tc&pc=4&pos=11&sc=0&tc=16&tr=prezzo
2026-04-30,trovaprezzi.it,InSinkErator Standard 460,299.0,https://www.trovaprezzi.it/goto-secondary/-102?impression=Vzl6eFN4eHZRNFR6eHNPUVlyQmdxWFlMM3hGRTNFS2ZaajZNSjlhQlZpM3czanpiSGkzM1NRPT01&offer=NmZpSkdyQ2JkMWlzQmg1Zzh5cjk1SEZidVJnNGZud2pmbDFZVjdpZXNVZTlLSFRmbTJpMlB6L0pDVXFTZitRelVQUFA0MlVsVlZoYVZHSitqRFJNMEE5S3NqM1BkYlZzYW9hNVh6M2xmQzYrSVdRQkx5OXhNTm9CNncwSnFPblEzZFB4OWFsTHNjd3dNZ1AvRnRVNlEyWGpFVFdFNVBaazZDM1d1VytjeExZem9FRWw4anJXOEVOVFM0L0pjMGF0R053WEE3SmFHRE4zZHhoSGs1Zk01NEkraDVWWHRNTVRMRkpCY0xYQ2RPU2Z0NEhxcVEyaC8zaUhMWno0dEtGdXJKaFloZEJMUnA1b09hNnR3VnZMd1RSeWJZdGpqcFYzNHRzMW5lbS8zdUJId0FKUW9GaXRSYnRUd3BjaklDNnI1&offer_ss=tc&pc=4&pos=12&sc=0&tc=16&tr=prezzo
2026-04-30,trovaprezzi.it,"Insinkerator Premium 550 EC - Tritatutto per rifiuti da cucina con motore a induzione da 0,5 CV e interruttore dell'aria",338.0,https://www.trovaprezzi.it/goto-secondary/-101?impression=Vzl6eFN4eHZRNFR6eHNPUVlyQmdxWFlMM3hGRTNFS2ZaajZNSjlhQlZpM3czanpiSGkzM1NRPT01&offer=NmZpSkdyQ2JkMWhkb1Q4bTN2bUZQUXZDV2RhQ0ZmdlJWMURwOEJTK0Z4NXl5MU1MdUQrdzFwak9BVG1kUkw2aEVFa0pjN1VXUUpYYXlRTTdlTDJUWXBMdkV3QkNremFiOWowZmhVcHo4SmpiSTRpN3RZU3cwS1FmdnRHN3RKYXdYNC9zbEtzMGpwazJORWNxVUR2MS94NmJobFZXZU5KOXhHNnhMYUQwZzRDeTAzN0FuaytJWlhveGRkVnc0bWZOUDZHd1lEclVzdlhzQit3TVEvSUkzVkl4Uy8wK1FocWdEaHpEZjArZllRUWc1blBHOEtsYzBaVjVJTCsrNFQ2ajY4SUxaNGVXS1ZVb1dBM2JnSTZJTk95YWhrYTJiWXNkVXhOK0NLMlhpVlZmNXdsUldQTEZUK3hwcEdhZnA2ZEV6N0tYN0VRVjgvdzZ2SzUxVTJQdEhPQ2oxMk1pMWFRK0J2OGhMTENvY2xjZ3FKSTJOVjBwa0xjbGU0WnBzeFludnp5N1FvOUdNcllCeHQ4TnNvQ3QveVMrNW80VFFKTTR1MDhqV0JnclZocUtXVTQrWndSSlRONU5hdG9odldEMg2&offer_ss=tc&pc=4&pos=13&sc=0&tc=16&tr=prezzo
2026-04-30,trovaprezzi.it,"Artist CNTR333 smaltimento rifiuti, Nero",345.06,https://www.trovaprezzi.it/goto-secondary/-104?impression=Vzl6eFN4eHZRNFR6eHNPUVlyQmdxWFlMM3hGRTNFS2ZaajZNSjlhQlZpM3czanpiSGkzM1NRPT01&offer=NmZpSkdyQ2JkMWlrMWhvVWE1QjNMNm9hOG5HbUVoaXhGOTFId290RUYxZUFWN2MvdW15Zm1qaTJiNm9OcjdoOFBHempPVDVmVjRSaDJHMGdyZ3RXRFNkTEpVNW1ob2Q4b2VIZ1o3M2M0Z1oxdjZ5bWVjbVJVU0xySkkzcmM2c1p4TUtBcStNSzVsRWpGQUhPdy9NYlpkSURIWUdmcFpnU0hTL0lZSnRUMkQrL0l4ci9mNkdzR1ZhdWNCR1RCakZwVDI1bDZpMWRzOUl6QnExdlE5aVNsb0UrN1RJN2kxd1R0bndLTHBRSlRGNWFDRmxxMGRzT1EvZmxpZE5QL0tTU0hKaTJSLyttNzFwaVRUOEdxbkpmL0dYaW8yNXEvMjBrNUhVRU91SDZKS2ZyRTRleG5zU3BMRkFFQlU5VmZMdkRIQ2Q1K00xRytYOU9DVlRpZzVkNEFRPT01&offer_ss=tc&pc=4&pos=14&sc=0&tc=16&tr=prezzo
2026-04-30,trovaprezzi.it,InSinkErator - Serbatoio dell'acqua calda di ricambio originale,504.02,https://www.trovaprezzi.it/goto-secondary/-116?impression=Vzl6eFN4eHZRNFR6eHNPUVlyQmdxWFlMM3hGRTNFS2ZaajZNSjlhQlZpM3czanpiSGkzM1NRPT01&offer=NmZpSkdyQ2JkMWd3NTFMZmxOT1VyRGpqNWoxN0ZwT2NnNjludkFDa2dwQnFWamJBendYbU9GMUNrSEc5Rm1adk9FMVBVL092T1lQeFNYWHZmdVFkTTlyb2pyUWJRV3JvQW42V1U2NTVEMWIwQnQ4YnNtS1o3WitUOHptNENvOTBObEpMOGZMTEtIQWNrZHlwSGNlcE9hTGRMdEtmUHRMeGNXRzNPSklJeFNxaU5rV1VGcC9wSFV4SjNudEt0ajFoRzNSNXhMTGxaWkh3VnpsUTV6NjNhMFpyOGdUS1RvL01kSys4UTR1TTNWdmI2VkgzMmFKTncvY1JTRzI2cTY5VW0vRHdBdy9Kc3ErZzBkTzVmK3Qwc3dEZWxEQmZJeHJaSll4QUVZS1NwTHprRWhLRUJPWFN2QTJCNHY1UGZkZW1VS0RYVEVqWXZSdGVEczBTeW04bjh5eHRsdTlIU2Y2aGFGUGs3Q1RUeHZ5aW9rU1dEY1ZDK3c9PQ2&offer_ss=tc&pc=4&pos=15&sc=0&tc=16&tr=prezzo
2026-04-30,trovaprezzi.it,"InSinkErator Sistema di smaltimento dei rifiuti Alimentari, Acciaio Inossidabile, Rosso, 31,1 x 22 x 31,1 cm",615.13,https://www.trovaprezzi.it/goto-secondary/-105?impression=Vzl6eFN4eHZRNFR6eHNPUVlyQmdxWFlMM3hGRTNFS2ZaajZNSjlhQlZpM3czanpiSGkzM1NRPT01&offer=NmZpSkdyQ2JkMWdFVWduaTZLOFdEdmZNTkh2SG1pNEJVaGpxMEl1WkhlanMwNm1EcXVRaXRlT21QcUFvblNmRGJMV3BvUzFJWjBJT3pqTE9QTDhqRFNoelBSY2dhMzFMZGdGeWVKbmVVVzF1VDZyWnBKOEJuZUNycHBKNjZqbWllTDIvSEVQdHlydGxqY3greTNOVnRnbXoyVGtXVW1DcHgxQ3ZURnp1dmsrY2U3MEtBZW5jbUJyakozQXNWcktEc0VXTzNsVXVCUmpSRkRCVmFMVjA1N0dXSmUxbzliN3NydjZPU3hvYnQ4RjlZLytBWUYxem00d2I1eGFiT1Y1L01FaUZrZjgxbG9RZGFXS0tEa0trclZZQWxMMFZMQmQ4UkZxVHRFNlkzR01vSEgxam9MRjArRE9NOFdOYlRueCtyUjhrSEVWcGpkTW43OUVzdVVTNktKVGdmZUw4ZEhESDNiUTBTUFpzMUN5UnRjMElXejlnV0xySHFFYjRRbGF4M1hNZk5FWjhoMCtTTEpqYWxSWE5DdEtJYkRZdUczeUN5LzFLYVFKRENVR1B2anNBTlMxY2hRPT01&offer_ss=tc&pc=4&pos=16&sc=0&tc=16&tr=prezzo
2026-04-30,trovaincasso.it,"Insinkerator 1974550 Dissipatore  EVOLUTION PLUS 550 EC Tecnologia a due fasi - Potenza 0,55 HP",264.74,https://www.trovaincasso.it/quickview/index/view/id/27239
2026-04-30,trovaincasso.it,"Insinkerator 1974700 Dissipatore  PREMIUM 700 EC. Tecnologia a due fasi Potenza 0,75 HP Con tappo salvaposate",435.54,https://www.trovaincasso.it/quickview/index/view/id/27240
2026-04-30,trovaincasso.it,"Insinkerator 1974750 Dissipatore ADVANCED EVOLUTION PLUS 750 EC. Tecnologia a tre fasi - Potenza 0,75 HP - Con tappo salvaposate",656.36,https://www.trovaincasso.it/quickview/index/view/id/27241
2026-04-30,trovaincasso.it,"Insinkerator 1974100 Dissipatore ADVANCED EVOLUTION PLUS 1000 EC - Tecnologia a 4 fasi - Potenza 1,00 HP  - Con tappo salvaposate",824.72,https://www.trovaincasso.it/quickview/index/view/id/27242
2026-04-30,trovaincasso.it,Insinkerator ART. 1975078 MODELLO LC-50 PROFESSIONAL Dissipatore ecologico professionale con tappo salvaposate,1150.46,https://www.trovaincasso.it/quickview/index/view/id/27243
2026-04-30,trovaincasso.it,Insinkerator ART. 1975075 Tappo salvaposate,34.16,https://www.trovaincasso.it/quickview/index/view/id/27244
2026-04-30,trovaincasso.it,Insinkerator ART. 1975511 Kit raccordo lavastoviglie,39.04,https://www.trovaincasso.it/quickview/index/view/id/27246
2026-04-30,trovaincasso.it,Insinkerator ART. 1975512 Kit collegamento troppopieno,61.0,https://www.trovaincasso.it/quickview/index/view/id/27247
2026-04-30,trovaincasso.it,Insinkerator 1508165 Blancocare Liquido concentrato per gli scarichi,67.1,https://www.trovaincasso.it/quickview/index/view/id/27248
2026-04-30,trovaincasso.it,Insinkerator ART. 1975491 Kit collarino lavelli in marmo fino a spessore 50 mm.,73.2,https://www.trovaincasso.it/quickview/index/view/id/27245
2026-04-30,pentoleprofessionali.it,Insinkerator EVOLUTION PLUS 1000 EC (ex modello EVOLUTION 200) - Dissipatore per rifiuti,700.0,https://www.pentoleprofessionali.it/it/insinkerator-insinkerator-dissipatore-per-rifiuti-mod-evolution-plus-1000-ec-ex-modello-evolution-200-1974100
2026-04-30,pentoleprofessionali.it,Insinkerator Dissipatore per rifiuti mod. EVOLUTION PLUS 750 EC - ex modello EVOLUTION 100,582.0,https://www.pentoleprofessionali.it/it/insinkerator-insinkerator-dissipatore-per-rifiuti-mod-evolution-plus-750-ec-ex-modello-evolution-100-1974750
2026-04-30,pentoleprofessionali.it,Insinkerator Dissipatore per rifiuti mod. PREMIUM 700 EC - ex modello ISE66,397.0,https://www.pentoleprofessionali.it/it/insinkerator-insinkerator-dissipatore-per-rifiuti-mod-premium-700-ec-ex-modello-ise66-1974700
2026-04-30,pentoleprofessionali.it,Insinkerator Dissipatore per rifiuti mod. PREMIUM 550 EC - ex modello ISE56,236.0,https://www.pentoleprofessionali.it/it/insinkerator-insinkerator-dissipatore-per-rifiuti-mod-premium-plus-550-ec-ex-modello-ise56-1974550
2026-04-30,pentoleprofessionali.it,Insinkerator Dissipatore per rifiuti mod. LC 50 PROFESSIONAL con Tappo Salvaposate 1975078,1090.0,https://www.pentoleprofessionali.it/it/insinkerator-insinkerator-dissipatore-per-rifiuti-mod-lc-50-professional-con-tappo-salvaposate-1975078-lc50professional
2026-04-30,pentoleprofessionali.it,Flangia per lavelli in marmo e pietra Insikerator,75.0,https://www.pentoleprofessionali.it/it/insinkerator-flangia-per-lavelli-in-marmo-e-pietra-insikerator-13367382
2026-04-30,pentoleprofessionali.it,Tappo salvaposate,35.0,https://www.pentoleprofessionali.it/it/insinkerator-tappo-salvaposate-13358360
2026-04-30,pentoleprofessionali.it,Insinkerator Dissipatore per rifiuti mod. Standard 460 SR (ex modello ISE46),235.0,https://www.pentoleprofessionali.it/it/insinkerator-dissipatore-per-rifiuti-mod-standard-460-sr-ex-modello-ise46-1976460
2026-04-30,amazon.it,"Insinkerator Premium 550 EC - Tritatutto per rifiuti da cucina con motore a induzione da 0,5 CV e interruttore dell'aria",360.0,https://www.amazon.it/s?k=insinkerator+tritarifiuti
2026-04-30,amazon.it,"Insinkerator Premium 700 EC - Tritatutto per rifiuti da cucina con motore a induzione da 0,75 CV e interruttore dell'aria",509.0,https://www.amazon.it/s?k=insinkerator+tritarifiuti
2026-04-30,amazon.it,Insinkerator Evolution Plus 1000 EC - Tritatutto da cucina con motore a induzione da 1 CV con interruttore dell'aria,889.0,https://www.amazon.it/s?k=insinkerator+tritarifiuti
2026-04-30,amazon.it,"Insinkerator Evolution Plus 750 EC - Tritatutto da cucina con motore a induzione da 0,75 CV con interruttore dell'aria",665.0,https://www.amazon.it/s?k=insinkerator+tritarifiuti
2026-04-30,amazon.it,InSinkErator Standard 460,299.0,https://www.amazon.it/s?k=insinkerator+tritarifiuti
2026-04-30,amazon.it,"InSinkErator Sistema di smaltimento dei rifiuti Alimentari, Acciaio Inossidabile, Rosso, 31,1 x 22 x 31,1 cm",615.13,https://www.amazon.it/s?k=insinkerator+tritarifiuti
2026-04-30,amazon.it,"InSinkErator Badger 500, Smaltimento rifiuti da cucina ad alimentazione continua da 1/2 HP, serie Badger BADGER 500",168.93,https://www.amazon.it/s?k=insinkerator+tritarifiuti
2026-04-30,amazon.it,"Smaltimento Rifiuti, Tritarifiuti Alimentare, Tritarifiuti per Lavello Cucina, Acciaio Inossidabile, 7.5 HP 2800 giri/min, Tritarifiuti Magnetico, Silenzioso con Interruttore, Tritarifiuti Alimentari.",178.85,https://www.amazon.it/s?k=insinkerator+tritarifiuti
2026-04-30,amazon.it,"Artist CNTR333 smaltimento rifiuti, Nero",345.06,https://www.amazon.it/s?k=insinkerator+tritarifiuti
2026-04-30,amazon.it,"VEVOR Tritarifiuti per Lavello da Cucina, 0,74 kW, Sistema di Smaltimento Rifiuti Alimentari in Acciaio Inox, Motore CC, Supporto EZ, 3960 giri/min, con Cavo di Alimentazione, Paraspruzzi per la Casa",112.03,https://www.amazon.it/s?k=insinkerator+tritarifiuti
2026-04-30,amazon.it,"InSinkErator in-Sink-ERATOR/MASTERPLUMBER MP 1/2HP Dissipatore Rifiuti, Acciaio Legato, 1",196.76,https://www.amazon.it/s?k=insinkerator+tritarifiuti
2026-04-30,amazon.it,"BLANCO FWD Lite | Tritatutto da cucina 0,5 CV | Smaltimento rifiuti per lavello in cucina | Tritatutto per lo smaltimento di residui di cibo e rifiuti alimentari | Capacità 900 ml",258.13,https://www.amazon.it/s?k=insinkerator+tritarifiuti
2026-04-30,amazon.it,Insinkerator 71498 - Pezzo di tritarifiuti,37.82,https://www.amazon.it/s?k=insinkerator+tritarifiuti
2026-04-30,amazon.it,"VEVOR Tritarifiuti per Lavello da Cucina, 0,74 kW, Sistema di Smaltimento Rifiuti Alimentari in Acciaio Inox, Motore CC, Supporto EZ, 3960 giri/min, con Cavo di Alimentazione, Paraspruzzi per la Casa",112.03,https://www.amazon.it/s?k=insinkerator+tritarifiuti
2026-04-30,amazon.it,"VEVOR Tritarifiuti per Lavello da Cucina, 0,37 kW, Sistema di Smaltimento Rifiuti Alimentari in Acciaio Inox, Motore CC, Supporto EZ, 3820 giri/min, con Cavo di Alimentazione, Paraspruzzi per la Casa",76.9,https://www.amazon.it/s?k=insinkerator+tritarifiuti
2026-04-30,amazon.it,"Smaltimento Rifiuti, Tritarifiuti Alimentare, Tritarifiuti per Lavello Cucina, Acciaio Inossidabile, 7.5 HP 2800 giri/min, Tritarifiuti Magnetico, Silenzioso con Interruttore, Tritarifiuti Alimentari.",178.85,https://www.amazon.it/s?k=insinkerator+tritarifiuti
2026-04-30,amazon.it,"Fdit 2 Pezzi Copertura Antispruzzo per Tritarifiuti, Compatibile con, Diametro 87 mm, Tappo Silicone per Lavello",16.43,https://www.amazon.it/s?k=insinkerator+tritarifiuti
2026-04-30,amazon.it,"INSINKERATOR LEDefense Flangia per lo smaltimento dei rifiuti, accessorio antimicrobico LED per smaltimento rifiuti INSINKERATOR, FLG-SS-LED",128.87,https://www.amazon.it/s?k=insinkerator+tritarifiuti
2026-04-30,amazon.it,"VEVOR Tritarifiuti per Lavello da Cucina, 0,37 kW, Sistema di Smaltimento Rifiuti Alimentari in Acciaio Inox, Motore CC, Supporto EZ, 3820 giri/min, con Cavo di Alimentazione, Paraspruzzi per la Casa",76.9,https://www.amazon.it/s?k=insinkerator+tritarifiuti
2026-04-30,amazon.it,"Tbest 2 Pezzi Copertura Antischizzi in Silicone per Tritarifiuti Compatibile con InSinkErator, 87mm Diametro Esterno",21.92,https://www.amazon.it/s?k=insinkerator+tritarifiuti
2026-04-30,amazon.it,"Smaltimento Rifiuti, Tritarifiuti Alimentare, Tritarifiuti per Lavello Cucina, Acciaio Inossidabile, 3/4 HP 3200 rpm, Tritarifiuti Magnetico, Silenzioso con Interruttore, Tritarifiuti Alimentari.",168.85,https://www.amazon.it/s?k=insinkerator+tritarifiuti
2026-04-30,amazon.it,"Tritarifiuti in Acciaio Inox, Tritarifiuti per Avanzi di Cucina da 1000 Ml, Protezione Acustica, Tritarifiuti per Rifiuti Alimentari da Cucina Sottolavello, 3/4 HP",196.99,https://www.amazon.it/s?k=insinkerator+tritarifiuti
2026-04-30,amazon.it,"2Pezzi Deflettore per Lavello con Piastra Antispruzzo per lo Smaltimento dei Rifiuti, Coperchio Antispruzzo per Dissipatore di Rifiuti in Silicone Adatto per InSink-Erator con Diametro Esterno di 87m",20.89,https://www.amazon.it/s?k=insinkerator+tritarifiuti
2026-04-30,amazon.it,"VEVOR Tritarifiuti per Lavello da Cucina, 0,559 kW, Sistema di Smaltimento Rifiuti Alimentari in Acciaio Inox, Montaggio 3 Bulloni, 3600 giri/min, con Cavo di Alimentazione, Paraspruzzi per la Casa",94.9,https://www.amazon.it/s?k=insinkerator+tritarifiuti
2026-04-30,amazon.it,"VEVOR Tritarifiuti per Lavello da Cucina, 0,37 kW, Sistema di Smaltimento Rifiuti Alimentari in Acciaio Inox, Montaggio 3 Bulloni, 3820 giri/min, con Cavo di Alimentazione, Paraspruzzi per la Casa",91.99,https://www.amazon.it/s?k=insinkerator+tritarifiuti
2026-04-30,amazon.it,"MINRS 560 W, trituratore per rifiuti da cucina, con interruttore d'aria, 3600 giri/min, 1,15 l, per lavello, tritatutto",92.0,https://www.amazon.it/s?k=insinkerator+tritarifiuti
2026-04-30,amazon.it,"Tritarifiuti, Raccoglitore di Cibo, Tritatutto, Tritatutto da Cucina, in Acciaio Inox, Materiale 370W (Nero)",275.44,https://www.amazon.it/s?k=insinkerator+tritarifiuti
2026-04-30,amazon.it,"Adattatore per Tubo di Scarico per Lavastoviglie Compatibile con Tritarifiuti Insinkerator, Include 1 Connettore di Ingresso 1 Fascetta Stringitubo e 3 Fascette a Molla",12.99,https://www.amazon.it/s?k=insinkerator+tritarifiuti
2026-04-30,amazon.it,"VEVOR Tritarifiuti per Lavello da Cucina, 0,559 kW, Sistema di Smaltimento Rifiuti Alimentari in Acciaio Inox, Supporto EZ, 3930 giri/min, con Cavo di Alimentazione Motore CC, Paraspruzzi per la Casa",94.99,https://www.amazon.it/s?k=insinkerator+tritarifiuti
2026-04-30,amazon.it,"Tbest 2 Pezzi Copertura Antischizzi in Silicone per Tritarifiuti Compatibile con InSinkErator, 87mm Diametro Esterno",21.92,https://www.amazon.it/s?k=insinkerator+tritarifiuti
2026-04-30,amazon.it,"Funzionamento Silenzioso, Efficace Trattamento dei Rifiuti Alimentari, Installazione Rapida e Semplice, Alimentazione Continua da 630 W per con Materiale in Acciaio",270.45,https://www.amazon.it/s?k=insinkerator+tritarifiuti
2026-04-30,amazon.it,Tritarifiuti Splash Guard Smaltimento Rifiuti Protezioni antispruzzo e tappo Lavello Smaltimento Smaltimento Sostituzione Tappo di scarico Protezione antispruzzo Cucina Scarico rifiuti alimentari,15.8,https://www.amazon.it/s?k=insinkerator+tritarifiuti
2026-04-30,amazon.it,370W Elettrico Tritarifiuti da 1 Litro Smaltimento Rifiuti Domestici Tritarifiuti Alimentare,117.0,https://www.amazon.it/s?k=insinkerator+tritarifiuti
2026-04-30,amazon.it,"BOXOB 3pz FLG-Seal Guarnizione Lavello, Guarnizione Scarico Gomma Premium Senza Stucco per Lavello Cucina Anello Tenuta Ricambio per Insinkerator Sistemi Drenaggio Tritarifiuti(Nero)",11.99,https://www.amazon.it/s?k=insinkerator+tritarifiuti
2026-04-30,amazon.it,Dissipatore Tritarifiuti Alimentare 1L Home Kitchen Food Waste Processor Disposer Domestico Da Lavello 1000ML 370W 1/2HP 2600 RPM,90.0,https://www.amazon.it/s?k=insinkerator+tritarifiuti
2026-04-30,amazon.it,Tritarifiuti Raccoglitore di rifiuti per rifiuti Domestici da Cucina Sistema di macinazione dei rifiuti in Acciaio Inossidabile da 2800 Giri/min Adatto per macinare Vari rifiuti Domestici da Cucina (,350.89,https://www.amazon.it/s?k=insinkerator+tritarifiuti
2026-04-30,amazon.it,Sostituzione Garbage Disposal Guardia Splash GE per rifiuti King in-Sink-Erator,10.59,https://www.amazon.it/s?k=insinkerator+tritarifiuti
2026-04-30,amazon.it,"OUKANING Dissipatore di rifiuti Acciaio Inossidabile 1000Ml Avanzi di Cucina Trituratore di rifiuti Trituratore di rifiuti Protezione da sovraccarico, Protezione dal Rumore",117.0,https://www.amazon.it/s?k=insinkerator+tritarifiuti
2026-04-30,amazon.it,Waste King - Tritarifuti da lavello,194.57,https://www.amazon.it/s?k=insinkerator+tritarifiuti
2026-04-30,amazon.it,Hemobllo Gomma Per Tritarifiuti Alimentari Protezione Anti-spruzzi Di Ricambio Per Tritarifiuti Facile Da Installare E Manutenere,11.09,https://www.amazon.it/s?k=insinkerator+tritarifiuti
2026-04-30,amazon.it,INSINKERATORE CCA-00,161.27,https://www.amazon.it/s?k=insinkerator+tritarifiuti
2026-04-30,amazon.it,"InSinkErator Disposal Stopper, Accessory, Oil Rubbed Bronze",51.85,https://www.amazon.it/s?k=insinkerator+tritarifiuti
2026-04-30,amazon.it,"InSinkErator STC-MTBLK Air Switch, Accessory, Matte Black",52.38,https://www.amazon.it/s?k=insinkerator+tritarifiuti
2026-04-30,amazon.it,Coperchio Antispruzzo Per Dissipatore di Rifiuti in Silicone da 2 Pezzi Coperchio Per Distributore di Rifiuti Compatibile con InSinkErator 87 Mm di Diametro Esterno,22.29,https://www.amazon.it/s?k=insinkerator+tritarifiuti
2026-04-30,amazon.it,"Tappo Scarico Lavello Multifunzione - Filtro per Spazzatura & Setaccio, Compatibile con Tritarifiuti, Accessorio AntiBlocco per Scarichi Lavello, Dissipatore Rifiuti & Tappo Acqua Universale",16.99,https://www.amazon.it/s?k=insinkerator+tritarifiuti
2026-04-30,amazon.it,"Trituratore Di Rifiuti Alimentari, Trituratore Di Rifiuti Alimentari Del Lavello, Sistema Di Macinazione Di Rifiuti Alimentari In Cucina, Serve Per Trattare I Residui Alimentari Come Verdure Ecc",70.52,https://www.amazon.it/s?k=insinkerator+tritarifiuti
2026-04-30,amazon.it,"Tritarifiuti con Raccoglitore di Cibo da 3/4 HP 2800 Giri/min Tritarifiuti da Cucina sottolavello con Spina e Interruttore Wireless - Acciaio Inossidabile, Alta velocità per Una macinazione efficient",127.04,https://www.amazon.it/s?k=insinkerator+tritarifiuti
2026-04-30,amazon.it,"Tritarifiuti, Raccoglitore di Cibo, 560 W, tritarifiuti Domestici con Interruttore ad Aria, frantoio da Cucina da 1000 ml, macinacaffè in Acciaio Inossidabile",316.24,https://www.amazon.it/s?k=insinkerator+tritarifiuti
2026-04-30,amazon.it,"VEVOR Tritarifiuti per Lavello da Cucina, 0,559 kW, Sistema di Smaltimento Rifiuti Alimentari in Acciaio Inox, Supporto EZ, 3930 giri/min, con Cavo di Alimentazione Motore CC, Paraspruzzi per la Casa",94.99,https://www.amazon.it/s?k=insinkerator+tritarifiuti
2026-04-30,amazon.it,"Tritarifiuti Alimentari da 560 W, 3800 R/min, con 7 Livelli di Macinazione e Protezione da Sovratemperatura, Acciaio Inossidabile Serie Titanio, Tritarifiuti con capacità di 1200 Ml",338.81,https://www.amazon.it/s?k=insinkerator+tritarifiuti
2026-04-30,amazon.it,"NEWTRY Compattatore per rifiuti, Pressa manuale della spazzatura per bidoni da 120L e 240L, frantumatore di rifiuti strumento di riciclaggio con design salvaspazio per casa, cucina e esterni - Bianco",65.99,https://www.amazon.it/s?k=insinkerator+tritarifiuti
2026-04-30,amazon.it,"Deflettore Antispruzzo per Tritarifiuti da Cucina, Copertura e Accessorio per Lavello",8.99,https://www.amazon.it/s?k=insinkerator+tritarifiuti
2026-04-30,amazon.it,"VOUNOT® Compostiera da Giardino, 300L Composter da Esterno, Nero e Verde",52.99,https://www.amazon.it/s?k=insinkerator+tritarifiuti
2026-04-30,amazon.it,"NEWTRY Mini Compattatore di Rifiuti Pressa Manuale per Bidoni a ruote da 60L a 100L, Design Compatto Ideale per Armadi Domestici, Ristoranti e Cestini",54.99,https://www.amazon.it/s?k=insinkerator+tritarifiuti
2026-04-30,amazon.it,"NEWTRY Compressore rifiuti per bidoni da 120L-360L, Ridurre il volume dei rifiuti domestici cucina giardino,nero",59.99,https://www.amazon.it/s?k=insinkerator+tritarifiuti
2026-04-30,trovaprezzi.it,Insinkerator 71498 - Pezzo di tritarifiuti,37.82,https://www.trovaprezzi.it/goto/879202570?impression=Vzl6eFN4eHZRNFR6eHNPUVlyQmdxWFlMM3hGRTNFS2ZYbnl0N09hRnQ0bW5NUDdIancwbWRnPT01&search=aW5zaW5rZXJhdG9yIHRyaXRhcmlmaXV0aQkyMDM1&pos=1&nb_results=4&pc=4&sc=0&tc=16&offer_ss=pc&tr=prezzo
2026-04-30,trovaprezzi.it,InSinkErator Tritarifiuti Alimentari InSinkErator Power Premium 550 EC,250.0,https://www.trovaprezzi.it/goto/830352453?impression=Vzl6eFN4eHZRNFR6eHNPUVlyQmdxWFlMM3hGRTNFS2ZYbnl0N09hRnQ0bW5NUDdIancwbWRnPT01&search=aW5zaW5rZXJhdG9yIHRyaXRhcmlmaXV0aQkyMDM1&pos=2&nb_results=4&pc=4&sc=0&tc=16&offer_ss=pc&tr=prezzo
2026-04-30,trovaprezzi.it,InSinkErator Tritarifiuti Alimentari InSinkErator Power Premium 700 EC,387.0,https://www.trovaprezzi.it/goto/830352454?impression=Vzl6eFN4eHZRNFR6eHNPUVlyQmdxWFlMM3hGRTNFS2ZYbnl0N09hRnQ0bW5NUDdIancwbWRnPT01&search=aW5zaW5rZXJhdG9yIHRyaXRhcmlmaXV0aQkyMDM1&pos=3&nb_results=4&pc=4&sc=0&tc=16&offer_ss=pc&tr=prezzo
2026-04-30,trovaprezzi.it,InSinkErator Tritarifiuti Alimentari InSinkErator Advanced Evolution Plus 1000 EC,720.0,https://www.trovaprezzi.it/goto/830352452?impression=Vzl6eFN4eHZRNFR6eHNPUVlyQmdxWFlMM3hGRTNFS2ZYbnl0N09hRnQ0bW5NUDdIancwbWRnPT01&search=aW5zaW5rZXJhdG9yIHRyaXRhcmlmaXV0aQkyMDM1&pos=4&nb_results=4&pc=4&sc=0&tc=16&offer_ss=pc&tr=prezzo
2026-04-30,trovaprezzi.it,In Sink Erator Waste Stopper by In-Sink-Erator,19.89,https://www.trovaprezzi.it/goto-secondary/-112?impression=Vzl6eFN4eHZRNFR6eHNPUVlyQmdxWFlMM3hGRTNFS2ZYbnl0N09hRnQ0bnpvQ3ZvWmJDVHF3PT01&offer=NmZpSkdyQ2JkMWo2bHAybmNYMy9FY2xiR3V2bEN0bFo2T3dremlMenMxUjRGYktKZDI1bWhXck9La0U2dUV5aDZ4Rm1ja0FOR0t3L2xrRThvZGxQQklTTHlSaXd0Q29GWmNRYlo1V0d2Yzc0bjRkQ0tydjV0RzlqTUJEZ3F1Uy9nTk9RWVBvbXVzeXhCQTNOM2NyYXBZVjgvQXAvQ3NxU0RnV3JNK09sU1FaQU1JU0h6ZEV5cG1tbE8vSVdEUENOc2NXM0R6eHhwZkxMbFB4S1M1aDM0REJKdVFQYzVyK21ZTTVocTg3UDVYbnNlTzBrZzFiZ0ZBd0dRNHduTVM1VzZEMzN3SjFpU2w4WHRXOVo2aG5rWHp5d1lBQmlPbklrak5uR3JHKzltWk1nVnRjeHo3U2plZjdKbm92OWhCNHNHbStURklNbWVxSVNndUp5ZnZWdHd5Kzl5NHh3ZzBZaw2&offer_ss=tc&pc=4&pos=1&sc=0&tc=16&tr=prezzo
2026-04-30,trovaprezzi.it,"2Pezzi Deflettore per Lavello con Piastra Antispruzzo per lo Smaltimento dei Rifiuti, Coperchio Antispruzzo per Dissipatore di Rifiuti in Silicone Adatto per InSink-Erator con Diametro Esterno di 87m",20.89,https://www.trovaprezzi.it/goto-secondary/-115?impression=Vzl6eFN4eHZRNFR6eHNPUVlyQmdxWFlMM3hGRTNFS2ZYbnl0N09hRnQ0bnpvQ3ZvWmJDVHF3PT01&offer=NmZpSkdyQ2JkMWo3bXBXY0pvRlcxUnpZM09LRGNKVUM0RmI4L05JVEtnc3RJR3k5aCtFazFualJZK05pSC9ZV3BTbTZFS0tXSWJ6RitlcFRoRDFpdEEvdkZ4VmtNSGdnZGc4anZsZ0p2dy9jVzRjcFV5ZzJ6dGFNd0I1TERmUGR2SlExdnlKa21zNGNhdWh1SUJ0dmJ4eGlpMTY3UmZmZTVYelhyRWRiZk1LYnlheExFck9ETjBYNHJOVi8zZkh0K3ZWK2dEaHcrTnF4UzBwcE5Bb0VDSVVzdE9IbXA3R0d2SDE0aDUyY21OTFVtMEx6ZjRDSm5KYmgzSjM4RlRZSFYyTUZVb25yUTV4TERPNjFlbnJNMGNZUDRGVjRFYTRtRmxFaVV5ampCMDBqWmlSUmVmbTRTS0IzbEdBSGFad3RyY0VyQlN3SFl2Umc1czZJNXNJUUpybG9PaFZKQjdUYWN4U3dIcjY0S0hwaVo0WTJvYlRYN2ZxaG52aXBxQWVldmwyczIxd0VGTUJNR0VNeFB0NjdERXdOK01oejhnZU42QVJvSm9qbUJPSFB2K3grVFJNc052eW5LYkN4RlAxbTdkekJLc0tEcW5aRGx0QWxzOWRMbm1ZTU9SS1lOdWRUdmNRM2tTTGJuSXpoMEVvUnk0aUpxR0paMmRKUC9BNWwxUWdQcFJsbGRNUWEySTNZMUFSTlNMSHVXZ09Lam92ajBqUmFndEFKajFBPQ2&offer_ss=tc&pc=4&pos=2&sc=0&tc=16&tr=prezzo
2026-04-30,trovaprezzi.it,"Tbest 2 Pezzi Copertura Antischizzi in Silicone per Tritarifiuti Compatibile con InSinkErator, 87mm Diametro Esterno",21.92,https://www.trovaprezzi.it/goto-secondary/-113?impression=Vzl6eFN4eHZRNFR6eHNPUVlyQmdxWFlMM3hGRTNFS2ZYbnl0N09hRnQ0bnpvQ3ZvWmJDVHF3PT01&offer=NmZpSkdyQ2JkMWdYNmhYN212RWN6OWJ6K3hqNndiU2JjcmVjeVZJcWJZdUJXUzlpRmtKK2w3ZnQrQy9BTXd5eVRlNDM0bG91NTVORGcwaU1BNWptMmJyNzcyUU41cTY0VTNZMzhxQ3hBNDlsZmNQcklXdjJjczEySWFMSVBpS251ZFFkdU15Sy9iaUo2WElReFFKaVc0alJGVTREejVkZXBwb1V3a3MxVEtOVXBPWlFaaElOaFhxTit1YVZHWEpCcWdieWpzZEw3d2JoaCsxa2oxOFlOcCtEa3htTHZ4amw0NUkwUjFBaklqQUxPWW1pTEE2Y2gwTnJ6TngxMHE0SVY3dTV2V1p5MHJBU3RGYStUNFFaYVkzTU9RNlFkM1lOY0s3QmRRdUwrZnZ3L3c2QjZuWjdaOUYzeFV2TGxBdTZMTHN0U0FNRVM4Wm5ab1Rud00zSFBGYTZnV2krWHU5QytjSG9kaFVrdXFualRhN3FBRUU0NmFjYmpXQVBFNUkwK2FlYUkxRG5iNGtHaHlYbFNRMDlEa0Q5Q0hZU25NUWY5NjVhSy9Jcm1Bd0RKTWs2Vkd4dFhzc1QxNEN5UGJYbQ2&offer_ss=tc&pc=4&pos=3&sc=0&tc=16&tr=prezzo
2026-04-30,trovaprezzi.it,Insinkerator 71498 - Pezzo di tritarifiuti,37.82,https://www.trovaprezzi.it/goto-secondary/-110?impression=Vzl6eFN4eHZRNFR6eHNPUVlyQmdxWFlMM3hGRTNFS2ZYbnl0N09hRnQ0bnpvQ3ZvWmJDVHF3PT01&offer=NmZpSkdyQ2JkMWpmOUZXNEl5VDZaUjA1NU8yZWRRVG03MythTW9SbzBDTW8yclIxdGVLTGtXRWNJdGNMaUVSZ2FuZ3FFMmdCNEtvSStZVXBWc3pJRy9Nc3NYcGlnc3hYUU1LdWRKTy9WOGlrakN2K3czWmRmZVgrMmUxT3F1QkhPRmw3OGJLZnFFNC8xVnk4c3pvRkxMbmtJWW8xNU1aS0VRSmMzbHM1alMyQ0pMeFFmZ25XdDNYZ2FnU05majFXM2RXZUNPSUd1OVpES0dVeFdURk10bEtvSVZ4ZnZMcmMrbG1xeHB6dWJKQ2NRQXZ4NDF3UmsxWTFkTXpkNDBLbGw4ajBtSkdQOUNsclBHRnlrVWV3d1NiWjN5VXpKRDRJbGpIdnZQUUVGWGNuT0k4YTFuQ3lGYlc1QWRJNWxKSkR1NnVrN0FyajhoZ1ZTWFp5OUI0aUlaZmdseXdMQ2k0Wg2&offer_ss=tc&pc=4&pos=4&sc=0&tc=16&tr=prezzo
2026-04-30,trovaprezzi.it,InSinkErator Pulsante di ricambio originale - Interruttore pneumatico per smerigliatrice rifiuti alimentari,53.9,https://www.trovaprezzi.it/goto-secondary/-111?impression=Vzl6eFN4eHZRNFR6eHNPUVlyQmdxWFlMM3hGRTNFS2ZYbnl0N09hRnQ0bnpvQ3ZvWmJDVHF3PT01&offer=NmZpSkdyQ2JkMWl3SVZYREFocFREeTdJSXZnSTNnVWttaG9xRDFKcHFaSk9XUnlQYVMzejE2RElDUW9kc2JYaWlnK3E1Y0pOZjFsNGt0NXZlK1RPazR4d29BRWpUZVZqRk91VUFLU1gzc1c1TG5IWktUVGtNTjV0dms3QTgrZTJpdVg5Z0VTUzRmL2liaFRUaVFDR2t2cnZHbSsyMWdUSnF5ZG9DWDRSMkoyVTFMYjM5M2JNMkM3aW41RTN1QjgyRlJaUm93T2E4dnVWdkZEU1N3RDUvdTJBcEkzeE1CSTkwRmJIN0dMejR2Wm5lbldjVU9Ocm1KWHo4NFk4TWN4N0VVVGpWcTNwR3hteC9wZTRWWStZOW1qc0luWDN0QUYzT1hLcXJwR2daL3p5cWlmbW5QQ1c2bVpRMWdwMGdsR0daR2loaEVyYThHSll0K2hGejk4VVMycm5CV2F6d3JJWTFkVllNenR0Q2J5YnBacWI0YWdJSXJXZElIQjBBM3RDVlpoaFpMKzUyRVdBSFdCdEs1WjdCbVE3cWJFN0YvZGVKMDlOazlQU2NXZWpDdHIzYjNZeGR3PT01&offer_ss=tc&pc=4&pos=5&sc=0&tc=16&tr=prezzo
2026-04-30,trovaprezzi.it,"VEVOR Tritarifiuti per Lavello da Cucina, 0,37 kW, Sistema di Smaltimento Rifiuti Alimentari in Acciaio Inox, Motore CC, Supporto EZ, 3820 giri/min, con Cavo di Alimentazione, Paraspruzzi per la Casa",76.9,https://www.trovaprezzi.it/goto-secondary/-114?impression=Vzl6eFN4eHZRNFR6eHNPUVlyQmdxWFlMM3hGRTNFS2ZYbnl0N09hRnQ0bnpvQ3ZvWmJDVHF3PT01&offer=NmZpSkdyQ2JkMWpsUE1Vd0hUZFFwWnJRZkNabjYwU3Q4UVpqRGFuZXBNMHFzNllWL3dhaHU2b2JGMzlmaDMvM3QveXR0RGI0MWxoUnpNVEJBUW5sTHhKQW9GaUxvWncxMG5scGFheGNOeUNZeGpsNk5rc295QXFqb29NU3d3TjhRQzI0QWYvVHNocUhyVWFqb0R5cWNVQmVRRlRqY3grY0kyYTg4TkJzQTJmbjlwNUFKNGIzTUFGeHZXUURwQldOYVZtS2Y3MGEyYUJ3Q2ZZUWZKR1pidzhIeDRsRFYrL2JpSVBmY2FmVU1BU3gzbFlGVFpVTk5weVZzY1QvdXlOU1RrMlUvM0RpbDdYNkVlZlZ2N1FGendpL1dDQmNXUlBVWG9YVVdDelBIMG00dzZHcG9BWGNKakpNeElvbHduQUdzdW0vR1dzMmVTM081dExPbTRSb0JVMnEzbnRwRlc5VFBzbHIycVF6dzlwb0VpdVVPRkRGQkpwMUJ4K1N0dTV1QjVIazBPNXA0N3oySFFSZ2JzeGIxeGtZMWN0eDc0b0dkMVowcE1qdUt4OWxJczl1MlVRcnViK0VWUmw1Y3QzZnQxa3oxQ1kwVzl4eFBFN3hJWVZNeUM1VmJaNWNCZkpTOVN5Q0RpeVdtMm1qRHJJQ0txMlREL05HcGVBeVpOckxISFo5Q2FleE1Fek52QzhaNTR2VjZyTXZjdkNzb3dBRkRCY1FRNFE5bkRBPQ2&offer_ss=tc&pc=4&pos=6&sc=0&tc=16&tr=prezzo
2026-04-30,trovaprezzi.it,"VEVOR Tritarifiuti per Lavello da Cucina, 0,74 kW, Sistema di Smaltimento Rifiuti Alimentari in Acciaio Inox, Motore CC, Supporto EZ, 3960 giri/min, con Cavo di Alimentazione, Paraspruzzi per la Casa",112.03,https://www.trovaprezzi.it/goto-secondary/-107?impression=Vzl6eFN4eHZRNFR6eHNPUVlyQmdxWFlMM3hGRTNFS2ZYbnl0N09hRnQ0bnpvQ3ZvWmJDVHF3PT01&offer=NmZpSkdyQ2JkMWlWdTFGdFU4NkFGNm5mdGp3b1RjaUdtRUxWRi9md1VQZVVzc2VrNjdaeWsxYXJ2UHYwZDFqbFY3a1NqL241VFc0K3dRUGJnUXNLZ1ByWEtmcmdRUm5jcjF6eVh0WnFOcjV1NGVPdnFkWFRwakVYZXJadEZUNmxDelV2cno3WlJzaHIxUndnbnhIOG9zQXo4T2NFbnFZYTdweXFRR1REaDhPK3JoVFN4d1BaZERNczJmeDNnckxHMEthOWhReTIxckRWRFJQVCtjc3VIRGpVcnNXakFmQmZsRExaejdZVVdjWGRaRHJ5eDNkaVl6Z1IrLy92QXVCSFJTMWMrVVJjdjBzM2MyR3VHTW9MY0s3aHpoNEtucEZRTmFORW8rQU0yeTMxZ0dCOXpWd1dZc0oxb0xXNTM0NVRISEhTc1lhNXNhTHRPT3ROTnd5THdmWSs0SGpWYURmaExKdk56Uk83L1I4bC90cm5mN1h2K3lPQVRPRFd0RURPQ3V2bjdkZ0k0bXNrSURPaktrRFZQN2R5N1pUVzBVb2NhamxaL2RiZTNiZVpvNURybGNXWk1tVk44c2VwZXVHS1ZMUEcyeFFjM1p1alZMNFlGMUNxRXpGRXMxalRaR0dNaFJPOEF4NTB2M2RBNUttclNlcHpKRnhNMk9zWTB2dDFrbmRybWJHOHZQZ0k4Q2Q0L2UyclhXSXNaOVI4TDRDV2V1TzJIVUlGTmpFPQ2&offer_ss=tc&pc=4&pos=7&sc=0&tc=16&tr=prezzo
2026-04-30,trovaprezzi.it,"Smaltimento Rifiuti, Tritarifiuti Alimentare, Tritarifiuti per Lavello Cucina, Acciaio Inossidabile, 3/4 HP 3200 rpm, Tritarifiuti Magnetico, Silenzioso con Interruttore, Tritarifiuti Alimentari.",168.85,https://www.trovaprezzi.it/goto-secondary/-108?impression=Vzl6eFN4eHZRNFR6eHNPUVlyQmdxWFlMM3hGRTNFS2ZYbnl0N09hRnQ0bnpvQ3ZvWmJDVHF3PT01&offer=NmZpSkdyQ2JkMWpPM1E0NWlaREd3TnB1eFFVOWpFYlV3V0NmbWVDTEIrK1pXdThxY1Q2dlQwdVkwTXRCWU5uRFFaMm5ObkNXRU5INktIOFdMYnpva09KN04rSG9kRGN6RkFSK3d6blhRZHRhUGgzZW54L2E3Rmc2Mi9SR1YxUjgwdGZmcDlSY3FpRVpHVUh5bEdrT3pxSnZCR3duanpaMHZsajFYMGx4Rk14WTFLU1dCNXUrSHlPYXlWNmN6ajA5eUwwVFZOWE93MGdvUVR4OVdGT2svQzBjYmtoWmxVRVJySWFyREZ1L2E3QVBZdUF2a0doWVVHMWhWUmdxNXkzUlJ5elJ2T2N1RkhjdDZyaS9VMnlIdjhSUDRoc0dmSGlYWWl5anVhK0pTRW15ckRSTHJja3RYYjdnaHIrc1ptQml3a1QwTHZwNnBrRXdrRVNlNHFQek56cERLSzIrVmFNZVg2V1YvVnJqN1hwMHRaQmhMa1NyS2xKVE50cnJReU5GV08rWStmZXhPUEE1QTlSdXp4Ylc0dlp4OE0vSThJR3NBYWFSNkJHQzlNTUNJU2tLUk1tNHNHQ1IrSkJQVFJ5U0Z3S1owYVJzcHhlbVh0dVJ4TlhXblFDNmhKUEQycXVvUVdhaDNLenNBaHlTSmp4aExjWlJHMlVJSHBnK0pVMUhZZkFoNHpYQkJNTHRVblhWRzFoRnpBNXY0bUNFN0RmY2I0bENHQkNUWW9jPQ2&offer_ss=tc&pc=4&pos=8&sc=0&tc=16&tr=prezzo
2026-04-30,trovaprezzi.it,"Smaltimento Rifiuti, Tritarifiuti Alimentare, Tritarifiuti per Lavello Cucina, Acciaio Inossidabile, 7.5 HP 2800 giri/min, Tritarifiuti Magnetico, Silenzioso con Interruttore, Tritarifiuti Alimentari.",178.85,https://www.trovaprezzi.it/goto-secondary/-103?impression=Vzl6eFN4eHZRNFR6eHNPUVlyQmdxWFlMM3hGRTNFS2ZYbnl0N09hRnQ0bnpvQ3ZvWmJDVHF3PT01&offer=NmZpSkdyQ2JkMWd6YjYzdlNnajR5Mjd3bTc3eDA3UE8ySDk0c0Z5RHNqckliaGJJeGJuS3Z1d1ZuV3B4MUVEOFBJWEtXNGlMM0VVVGd6eURXRTEyRWRPVmxmOVY3ZW1TYSs4YnVEOVRtWDgrczhOTm1nRnEvWkJqSnJqQmEyU0ZiSW9HWE5HOVM2RGdhejRmL1NtN3p6UHlacXcydEFYWDZwaXgrbTV3eVdlV3dpVDhiblE5dTRuUWJMY2xRcjQ2SmhaNE5XOXNpRVdPZHJ3Z3hBMzJNT3J1VEJmRnorVWNPQlVsQ056aG9WczM5bmZBa21POGg0WGZBZG5tek5VeDAxWkVYRW85WEJ1eURqVlh1Wlh6TURLeDBkK0ZnMWpsMis1c2tzdk1wY012a3BPTkl1Qm5FU0d0MkxUenJ2emtCQWpqakRFU0hMdmxzRlRKZ1F0YlEyT3UxdExQTzNMYXBpVVF4TU43cG9mZk83YmhGNnFNWHRtQWdGZU83T1Bub085THhLUHFMVVBOWXdLTGdBMVVBSXJScGtPcS9UTnAwVXFCK1lxUGIyTnVKa3FyNXpyMWVEQ0xhU2I5MmNmTUFvMmdPOVRiZktDOGJPWS94dDhZZlB4NU5pRUd5T3VIakJmUXpzM2d6OHE5dFFXTHh6ZWJvYy82eVZJUWs0M2RYakFyMkREamM4RTFXZzU4MUZTYzNuK1Y4eHhkMXk3YktYdUV1WDIvN2NjPQ2&offer_ss=tc&pc=4&pos=9&sc=0&tc=16&tr=prezzo
2026-04-30,trovaprezzi.it,"InSinkErator in-Sink-ERATOR/MASTERPLUMBER MP 1/2HP Dissipatore Rifiuti, Acciaio Legato, 1",196.76,https://www.trovaprezzi.it/goto-secondary/-106?impression=Vzl6eFN4eHZRNFR6eHNPUVlyQmdxWFlMM3hGRTNFS2ZYbnl0N09hRnQ0bnpvQ3ZvWmJDVHF3PT01&offer=NmZpSkdyQ2JkMWh3M0M4OW9IMXlMbVVKS28yVkFzN0FQL1Z6aDZzb25TWWJNVHVtOXVGLzVuWHNjL1lEZXd0akxIdys0T1poUzBTSWtJb1RkSVREYkF4R3BmU2V6TjJRTU9laEppM20yZlpLR2pVODdwcS83VHBtNFVWcjdObDJ0VkIraVlzZExVM3UwODJiWjhmelBEdFd5L1M2Z1Qwa2tXcnFlZER6VTVBdW04MGo1VzdGOFNzdGRsZGJxc21VU1gwVHRjSmp3L1pwVjRONmJURzFsK1lMaXNPcm12UXlqRUMwZTZEMk15VlNiS3dGeFUvTXhXR3U3L1hWbzA1OGxjR3BNeGJCc29zM2VjdS9xbUZnbHR4bTZhWitYbUI5c2hxVkI3N0pCcHpjeUpFeDJ6M1BmYXhndTh3bHl1eUg5SCtvY1dsd1lLMDJFaCswcjlDaWU0bStUYTdGUHJuNEJ5TkJpUnhBV1BIU3BQRUFEbENDMzZFOWtndkVHc1NGd1FVTXBnaE5jdjhiQnhTQWtBdXJNSGVoLzN2d2FkdUE1&offer_ss=tc&pc=4&pos=10&sc=0&tc=16&tr=prezzo
2026-04-30,trovaprezzi.it,"BESTXH Tritarifiuti in Acciaio Inox, Tritarifiuti per Avanzi di Cucina da 1000 Ml, Protezione Acustica, Tritarifiuti per Rifiuti Alimentari da Cucina Sottolavello, 3/4 HP,Nero",196.99,https://www.trovaprezzi.it/goto-secondary/-109?impression=Vzl6eFN4eHZRNFR6eHNPUVlyQmdxWFlMM3hGRTNFS2ZYbnl0N09hRnQ0bnpvQ3ZvWmJDVHF3PT01&offer=NmZpSkdyQ2JkMWkvVUlGbmNBZ08xcU5CVit3UmhGVlNYK1Z3YXVTcE10Z0xLRk9qTWwzVTF5Z1NuQVB1ZHpNS2o3M0RCOUxzaFZiUEFvT1pRQm50Q0NKZjNnbnZvc0FCL0FNbEhNeWRGckJibXlwUmRRRGJGcStmVy80SUtXTWgrdFdGRnpiaUc2TmZ5R21ieFQvUDZqVjgzNDZHMkRPbHJJUWVHK0RlU1QzSmRPZ29hTGVnRHN5d1hZaE1UVm82bi9BcitNZ24xSEtNejNJVW5pQzNrdnZNN1RDZWJoa3J3aHM0eXNxbzNITjUvRTRDV1F3N1dtWk1zVDc0VzZyUzJxNjhVZHJ1ZkcybmI2c1BDVjRKcFkyWFUvWkZMcENCbGoyVkZEQUFLbGRoUVFCL3hRSDJncDFTU3FLVzkvelpHQjA2ang1SHg3L3NCVlMzeXBtSC9HSDUwKzBVQzVlYU9HRkkxUzdCT0p0UG5id3EvWTFCU3FPR0FPQmcxZFRjelZBZ2FoMkRUTmZjVHBpMUNNaXQyR2xZb2VtTjc4eExEWmV0eHlLUHliaEFXM2oyNVlvcEJndmo4M2s5c3lJSWpOL01HS2tPQ3FzMVpqL3c2bjZHMDVSd3k3QUJLaE9NNW5iUXN1TUV3bEtZQ1gvTlhGempabWpzeDJ4NWV6bUkvQTlGU1VDSE5lbz01&offer_ss=tc&pc=4&pos=11&sc=0&tc=16&tr=prezzo
2026-04-30,trovaprezzi.it,InSinkErator Standard 460,299.0,https://www.trovaprezzi.it/goto-secondary/-102?impression=Vzl6eFN4eHZRNFR6eHNPUVlyQmdxWFlMM3hGRTNFS2ZYbnl0N09hRnQ0bnpvQ3ZvWmJDVHF3PT01&offer=NmZpSkdyQ2JkMWlzQmg1Zzh5cjk1SEZidVJnNGZud2pmbDFZVjdpZXNVZTlLSFRmbTJpMlB6L0pDVXFTZitRelVQUFA0MlVsVlZoYVZHSitqRFJNMEE5S3NqM1BkYlZzYW9hNVh6M2xmQzYrSVdRQkx5OXhNTm9CNncwSnFPblEzZFB4OWFsTHNjd3dNZ1AvRnRVNlEyWGpFVFdFNVBaazZDM1d1VytjeExZem9FRWw4anJXOEVOVFM0L0pjMGF0R053WEE3SmFHRE4zZHhoSGs1Zk01NEkraDVWWHRNTVRMRkpCY0xYQ2RPU2Z0NEhxcVEyaC8zaUhMWno0dEtGdXJKaFloZEJMUnA1b09hNnR3VnZMd1RSeWJZdGpqcFYzNHRzMW5lbS8zdUJId0FKUW9GaXRSYnRUd3BjaklDNnI1&offer_ss=tc&pc=4&pos=12&sc=0&tc=16&tr=prezzo
2026-04-30,trovaprezzi.it,"Insinkerator Premium 550 EC - Tritatutto per rifiuti da cucina con motore a induzione da 0,5 CV e interruttore dell'aria",338.0,https://www.trovaprezzi.it/goto-secondary/-101?impression=Vzl6eFN4eHZRNFR6eHNPUVlyQmdxWFlMM3hGRTNFS2ZYbnl0N09hRnQ0bnpvQ3ZvWmJDVHF3PT01&offer=NmZpSkdyQ2JkMWhkb1Q4bTN2bUZQUXZDV2RhQ0ZmdlJWMURwOEJTK0Z4NXl5MU1MdUQrdzFwak9BVG1kUkw2aEVFa0pjN1VXUUpYYXlRTTdlTDJUWXBMdkV3QkNremFiOWowZmhVcHo4SmpiSTRpN3RZU3cwS1FmdnRHN3RKYXdYNC9zbEtzMGpwazJORWNxVUR2MS94NmJobFZXZU5KOXhHNnhMYUQwZzRDeTAzN0FuaytJWlhveGRkVnc0bWZOUDZHd1lEclVzdlhzQit3TVEvSUkzVkl4Uy8wK1FocWdEaHpEZjArZllRUWc1blBHOEtsYzBaVjVJTCsrNFQ2ajY4SUxaNGVXS1ZVb1dBM2JnSTZJTk95YWhrYTJiWXNkVXhOK0NLMlhpVlZmNXdsUldQTEZUK3hwcEdhZnA2ZEV6N0tYN0VRVjgvdzZ2SzUxVTJQdEhPQ2oxMk1pMWFRK0J2OGhMTENvY2xjZ3FKSTJOVjBwa0xjbGU0WnBzeFludnp5N1FvOUdNcllCeHQ4TnNvQ3QveVMrNW80VFFKTTR1MDhqV0JnclZocUtXVTQrWndSSlRONU5hdG9odldEMg2&offer_ss=tc&pc=4&pos=13&sc=0&tc=16&tr=prezzo
2026-04-30,trovaprezzi.it,"Artist CNTR333 smaltimento rifiuti, Nero",345.06,https://www.trovaprezzi.it/goto-secondary/-104?impression=Vzl6eFN4eHZRNFR6eHNPUVlyQmdxWFlMM3hGRTNFS2ZYbnl0N09hRnQ0bnpvQ3ZvWmJDVHF3PT01&offer=NmZpSkdyQ2JkMWlrMWhvVWE1QjNMNm9hOG5HbUVoaXhGOTFId290RUYxZUFWN2MvdW15Zm1qaTJiNm9OcjdoOFBHempPVDVmVjRSaDJHMGdyZ3RXRFNkTEpVNW1ob2Q4b2VIZ1o3M2M0Z1oxdjZ5bWVjbVJVU0xySkkzcmM2c1p4TUtBcStNSzVsRWpGQUhPdy9NYlpkSURIWUdmcFpnU0hTL0lZSnRUMkQrL0l4ci9mNkdzR1ZhdWNCR1RCakZwVDI1bDZpMWRzOUl6QnExdlE5aVNsb0UrN1RJN2kxd1R0bndLTHBRSlRGNWFDRmxxMGRzT1EvZmxpZE5QL0tTU0hKaTJSLyttNzFwaVRUOEdxbkpmL0dYaW8yNXEvMjBrNUhVRU91SDZKS2ZyRTRleG5zU3BMRkFFQlU5VmZMdkRIQ2Q1K00xRytYOU9DVlRpZzVkNEFRPT01&offer_ss=tc&pc=4&pos=14&sc=0&tc=16&tr=prezzo
2026-04-30,trovaprezzi.it,InSinkErator - Serbatoio dell'acqua calda di ricambio originale,504.02,https://www.trovaprezzi.it/goto-secondary/-116?impression=Vzl6eFN4eHZRNFR6eHNPUVlyQmdxWFlMM3hGRTNFS2ZYbnl0N09hRnQ0bnpvQ3ZvWmJDVHF3PT01&offer=NmZpSkdyQ2JkMWd3NTFMZmxOT1VyRGpqNWoxN0ZwT2NnNjludkFDa2dwQnFWamJBendYbU9GMUNrSEc5Rm1adk9FMVBVL092T1lQeFNYWHZmdVFkTTlyb2pyUWJRV3JvQW42V1U2NTVEMWIwQnQ4YnNtS1o3WitUOHptNENvOTBObEpMOGZMTEtIQWNrZHlwSGNlcE9hTGRMdEtmUHRMeGNXRzNPSklJeFNxaU5rV1VGcC9wSFV4SjNudEt0ajFoRzNSNXhMTGxaWkh3VnpsUTV6NjNhMFpyOGdUS1RvL01kSys4UTR1TTNWdmI2VkgzMmFKTncvY1JTRzI2cTY5VW0vRHdBdy9Kc3ErZzBkTzVmK3Qwc3dEZWxEQmZJeHJaSll4QUVZS1NwTHprRWhLRUJPWFN2QTJCNHY1UGZkZW1VS0RYVEVqWXZSdGVEczBTeW04bjh5eHRsdTlIU2Y2aGFGUGs3Q1RUeHZ5aW9rU1dEY1ZDK3c9PQ2&offer_ss=tc&pc=4&pos=15&sc=0&tc=16&tr=prezzo
2026-04-30,trovaprezzi.it,"InSinkErator Sistema di smaltimento dei rifiuti Alimentari, Acciaio Inossidabile, Rosso, 31,1 x 22 x 31,1 cm",615.13,https://www.trovaprezzi.it/goto-secondary/-105?impression=Vzl6eFN4eHZRNFR6eHNPUVlyQmdxWFlMM3hGRTNFS2ZYbnl0N09hRnQ0bnpvQ3ZvWmJDVHF3PT01&offer=NmZpSkdyQ2JkMWdFVWduaTZLOFdEdmZNTkh2SG1pNEJVaGpxMEl1WkhlanMwNm1EcXVRaXRlT21QcUFvblNmRGJMV3BvUzFJWjBJT3pqTE9QTDhqRFNoelBSY2dhMzFMZGdGeWVKbmVVVzF1VDZyWnBKOEJuZUNycHBKNjZqbWllTDIvSEVQdHlydGxqY3greTNOVnRnbXoyVGtXVW1DcHgxQ3ZURnp1dmsrY2U3MEtBZW5jbUJyakozQXNWcktEc0VXTzNsVXVCUmpSRkRCVmFMVjA1N0dXSmUxbzliN3NydjZPU3hvYnQ4RjlZLytBWUYxem00d2I1eGFiT1Y1L01FaUZrZjgxbG9RZGFXS0tEa0trclZZQWxMMFZMQmQ4UkZxVHRFNlkzR01vSEgxam9MRjArRE9NOFdOYlRueCtyUjhrSEVWcGpkTW43OUVzdVVTNktKVGdmZUw4ZEhESDNiUTBTUFpzMUN5UnRjMElXejlnV0xySHFFYjRRbGF4M1hNZk5FWjhoMCtTTEpqYWxSWE5DdEtJYkRZdUczeUN5LzFLYVFKRENVR1B2anNBTlMxY2hRPT01&offer_ss=tc&pc=4&pos=16&sc=0&tc=16&tr=prezzo
2026-04-30,trovaincasso.it,"Insinkerator 1974550 Dissipatore  EVOLUTION PLUS 550 EC Tecnologia a due fasi - Potenza 0,55 HP",264.74,https://www.trovaincasso.it/quickview/index/view/id/27239
2026-04-30,trovaincasso.it,"Insinkerator 1974700 Dissipatore  PREMIUM 700 EC. Tecnologia a due fasi Potenza 0,75 HP Con tappo salvaposate",435.54,https://www.trovaincasso.it/quickview/index/view/id/27240
2026-04-30,trovaincasso.it,"Insinkerator 1974750 Dissipatore ADVANCED EVOLUTION PLUS 750 EC. Tecnologia a tre fasi - Potenza 0,75 HP - Con tappo salvaposate",656.36,https://www.trovaincasso.it/quickview/index/view/id/27241
2026-04-30,trovaincasso.it,"Insinkerator 1974100 Dissipatore ADVANCED EVOLUTION PLUS 1000 EC - Tecnologia a 4 fasi - Potenza 1,00 HP  - Con tappo salvaposate",824.72,https://www.trovaincasso.it/quickview/index/view/id/27242
2026-04-30,trovaincasso.it,Insinkerator ART. 1975078 MODELLO LC-50 PROFESSIONAL Dissipatore ecologico professionale con tappo salvaposate,1150.46,https://www.trovaincasso.it/quickview/index/view/id/27243
2026-04-30,trovaincasso.it,Insinkerator ART. 1975075 Tappo salvaposate,34.16,https://www.trovaincasso.it/quickview/index/view/id/27244
2026-04-30,trovaincasso.it,Insinkerator ART. 1975511 Kit raccordo lavastoviglie,39.04,https://www.trovaincasso.it/quickview/index/view/id/27246
2026-04-30,trovaincasso.it,Insinkerator ART. 1975512 Kit collegamento troppopieno,61.0,https://www.trovaincasso.it/quickview/index/view/id/27247
2026-04-30,trovaincasso.it,Insinkerator 1508165 Blancocare Liquido concentrato per gli scarichi,67.1,https://www.trovaincasso.it/quickview/index/view/id/27248
2026-04-30,trovaincasso.it,Insinkerator ART. 1975491 Kit collarino lavelli in marmo fino a spessore 50 mm.,73.2,https://www.trovaincasso.it/quickview/index/view/id/27245
2026-04-30,pentoleprofessionali.it,Insinkerator EVOLUTION PLUS 1000 EC (ex modello EVOLUTION 200) - Dissipatore per rifiuti,700.0,https://www.pentoleprofessionali.it/it/insinkerator-insinkerator-dissipatore-per-rifiuti-mod-evolution-plus-1000-ec-ex-modello-evolution-200-1974100
2026-04-30,pentoleprofessionali.it,Insinkerator Dissipatore per rifiuti mod. EVOLUTION PLUS 750 EC - ex modello EVOLUTION 100,582.0,https://www.pentoleprofessionali.it/it/insinkerator-insinkerator-dissipatore-per-rifiuti-mod-evolution-plus-750-ec-ex-modello-evolution-100-1974750
2026-04-30,pentoleprofessionali.it,Insinkerator Dissipatore per rifiuti mod. PREMIUM 700 EC - ex modello ISE66,397.0,https://www.pentoleprofessionali.it/it/insinkerator-insinkerator-dissipatore-per-rifiuti-mod-premium-700-ec-ex-modello-ise66-1974700
2026-04-30,pentoleprofessionali.it,Insinkerator Dissipatore per rifiuti mod. PREMIUM 550 EC - ex modello ISE56,236.0,https://www.pentoleprofessionali.it/it/insinkerator-insinkerator-dissipatore-per-rifiuti-mod-premium-plus-550-ec-ex-modello-ise56-1974550
2026-04-30,pentoleprofessionali.it,Insinkerator Dissipatore per rifiuti mod. LC 50 PROFESSIONAL con Tappo Salvaposate 1975078,1090.0,https://www.pentoleprofessionali.it/it/insinkerator-insinkerator-dissipatore-per-rifiuti-mod-lc-50-professional-con-tappo-salvaposate-1975078-lc50professional
2026-04-30,pentoleprofessionali.it,Flangia per lavelli in marmo e pietra Insikerator,75.0,https://www.pentoleprofessionali.it/it/insinkerator-flangia-per-lavelli-in-marmo-e-pietra-insikerator-13367382
2026-04-30,pentoleprofessionali.it,Tappo salvaposate,35.0,https://www.pentoleprofessionali.it/it/insinkerator-tappo-salvaposate-13358360
2026-04-30,pentoleprofessionali.it,Insinkerator Dissipatore per rifiuti mod. Standard 460 SR (ex modello ISE46),235.0,https://www.pentoleprofessionali.it/it/insinkerator-dissipatore-per-rifiuti-mod-standard-460-sr-ex-modello-ise46-1976460
2026-04-30,amazon.it,"Insinkerator Premium 550 EC - Tritatutto per rifiuti da cucina con motore a induzione da 0,5 CV e interruttore dell'aria",360.0,https://www.amazon.it/s?k=insinkerator+tritarifiuti
2026-04-30,amazon.it,"Insinkerator Premium 700 EC - Tritatutto per rifiuti da cucina con motore a induzione da 0,75 CV e interruttore dell'aria",509.0,https://www.amazon.it/s?k=insinkerator+tritarifiuti
2026-04-30,amazon.it,Insinkerator Evolution Plus 1000 EC - Tritatutto da cucina con motore a induzione da 1 CV con interruttore dell'aria,889.0,https://www.amazon.it/s?k=insinkerator+tritarifiuti
2026-04-30,amazon.it,"Insinkerator Evolution Plus 750 EC - Tritatutto da cucina con motore a induzione da 0,75 CV con interruttore dell'aria",665.0,https://www.amazon.it/s?k=insinkerator+tritarifiuti
2026-04-30,amazon.it,InSinkErator Standard 460,299.0,https://www.amazon.it/s?k=insinkerator+tritarifiuti
2026-04-30,amazon.it,"InSinkErator Sistema di smaltimento dei rifiuti Alimentari, Acciaio Inossidabile, Rosso, 31,1 x 22 x 31,1 cm",615.13,https://www.amazon.it/s?k=insinkerator+tritarifiuti
2026-04-30,amazon.it,"InSinkErator Badger 500, Smaltimento rifiuti da cucina ad alimentazione continua da 1/2 HP, serie Badger BADGER 500",168.93,https://www.amazon.it/s?k=insinkerator+tritarifiuti
2026-04-30,amazon.it,"Smaltimento Rifiuti, Tritarifiuti Alimentare, Tritarifiuti per Lavello Cucina, Acciaio Inossidabile, 7.5 HP 2800 giri/min, Tritarifiuti Magnetico, Silenzioso con Interruttore, Tritarifiuti Alimentari.",178.85,https://www.amazon.it/s?k=insinkerator+tritarifiuti
2026-04-30,amazon.it,"Artist CNTR333 smaltimento rifiuti, Nero",345.06,https://www.amazon.it/s?k=insinkerator+tritarifiuti
2026-04-30,amazon.it,"VEVOR Tritarifiuti per Lavello da Cucina, 0,74 kW, Sistema di Smaltimento Rifiuti Alimentari in Acciaio Inox, Motore CC, Supporto EZ, 3960 giri/min, con Cavo di Alimentazione, Paraspruzzi per la Casa",112.03,https://www.amazon.it/s?k=insinkerator+tritarifiuti
2026-04-30,amazon.it,"InSinkErator in-Sink-ERATOR/MASTERPLUMBER MP 1/2HP Dissipatore Rifiuti, Acciaio Legato, 1",196.76,https://www.amazon.it/s?k=insinkerator+tritarifiuti
2026-04-30,amazon.it,"BLANCO FWD Lite | Tritatutto da cucina 0,5 CV | Smaltimento rifiuti per lavello in cucina | Tritatutto per lo smaltimento di residui di cibo e rifiuti alimentari | Capacità 900 ml",258.13,https://www.amazon.it/s?k=insinkerator+tritarifiuti
2026-04-30,amazon.it,Insinkerator 71498 - Pezzo di tritarifiuti,37.82,https://www.amazon.it/s?k=insinkerator+tritarifiuti
2026-04-30,amazon.it,"VEVOR Tritarifiuti per Lavello da Cucina, 0,74 kW, Sistema di Smaltimento Rifiuti Alimentari in Acciaio Inox, Motore CC, Supporto EZ, 3960 giri/min, con Cavo di Alimentazione, Paraspruzzi per la Casa",112.03,https://www.amazon.it/s?k=insinkerator+tritarifiuti
2026-04-30,amazon.it,"Funzionamento Silenzioso, Efficace Trattamento dei Rifiuti Alimentari, Installazione Rapida e Semplice, Alimentazione Continua da 630 W per con Materiale in Acciaio",270.45,https://www.amazon.it/s?k=insinkerator+tritarifiuti
2026-04-30,amazon.it,"VEVOR Tritarifiuti per Lavello da Cucina, 0,37 kW, Sistema di Smaltimento Rifiuti Alimentari in Acciaio Inox, Motore CC, Supporto EZ, 3820 giri/min, con Cavo di Alimentazione, Paraspruzzi per la Casa",76.9,https://www.amazon.it/s?k=insinkerator+tritarifiuti
2026-04-30,amazon.it,"Fdit 2 Pezzi Copertura Antispruzzo per Tritarifiuti, Compatibile con, Diametro 87 mm, Tappo Silicone per Lavello",16.43,https://www.amazon.it/s?k=insinkerator+tritarifiuti
2026-04-30,amazon.it,"INSINKERATOR LEDefense Flangia per lo smaltimento dei rifiuti, accessorio antimicrobico LED per smaltimento rifiuti INSINKERATOR, FLG-SS-LED",128.87,https://www.amazon.it/s?k=insinkerator+tritarifiuti
2026-04-30,amazon.it,"VEVOR Tritarifiuti per Lavello da Cucina, 0,37 kW, Sistema di Smaltimento Rifiuti Alimentari in Acciaio Inox, Motore CC, Supporto EZ, 3820 giri/min, con Cavo di Alimentazione, Paraspruzzi per la Casa",76.9,https://www.amazon.it/s?k=insinkerator+tritarifiuti
2026-04-30,amazon.it,"Tbest 2 Pezzi Copertura Antischizzi in Silicone per Tritarifiuti Compatibile con InSinkErator, 87mm Diametro Esterno",21.92,https://www.amazon.it/s?k=insinkerator+tritarifiuti
2026-04-30,amazon.it,"Smaltimento Rifiuti, Tritarifiuti Alimentare, Tritarifiuti per Lavello Cucina, Acciaio Inossidabile, 3/4 HP 3200 rpm, Tritarifiuti Magnetico, Silenzioso con Interruttore, Tritarifiuti Alimentari.",168.85,https://www.amazon.it/s?k=insinkerator+tritarifiuti
2026-04-30,amazon.it,"Tritarifiuti in Acciaio Inox, Tritarifiuti per Avanzi di Cucina da 1000 Ml, Protezione Acustica, Tritarifiuti per Rifiuti Alimentari da Cucina Sottolavello, 3/4 HP",196.99,https://www.amazon.it/s?k=insinkerator+tritarifiuti
2026-04-30,amazon.it,"2Pezzi Deflettore per Lavello con Piastra Antispruzzo per lo Smaltimento dei Rifiuti, Coperchio Antispruzzo per Dissipatore di Rifiuti in Silicone Adatto per InSink-Erator con Diametro Esterno di 87m",20.89,https://www.amazon.it/s?k=insinkerator+tritarifiuti
2026-04-30,amazon.it,"VEVOR Tritarifiuti per Lavello da Cucina, 0,559 kW, Sistema di Smaltimento Rifiuti Alimentari in Acciaio Inox, Montaggio 3 Bulloni, 3600 giri/min, con Cavo di Alimentazione, Paraspruzzi per la Casa",94.9,https://www.amazon.it/s?k=insinkerator+tritarifiuti
2026-04-30,amazon.it,"VEVOR Tritarifiuti per Lavello da Cucina, 0,37 kW, Sistema di Smaltimento Rifiuti Alimentari in Acciaio Inox, Montaggio 3 Bulloni, 3820 giri/min, con Cavo di Alimentazione, Paraspruzzi per la Casa",91.99,https://www.amazon.it/s?k=insinkerator+tritarifiuti
2026-04-30,amazon.it,"MINRS 560 W, trituratore per rifiuti da cucina, con interruttore d'aria, 3600 giri/min, 1,15 l, per lavello, tritatutto",92.0,https://www.amazon.it/s?k=insinkerator+tritarifiuti
2026-04-30,amazon.it,"Tritarifiuti, Raccoglitore di Cibo, Tritatutto, Tritatutto da Cucina, in Acciaio Inox, Materiale 370W (Nero)",275.44,https://www.amazon.it/s?k=insinkerator+tritarifiuti
2026-04-30,amazon.it,"Adattatore per Tubo di Scarico per Lavastoviglie Compatibile con Tritarifiuti Insinkerator, Include 1 Connettore di Ingresso 1 Fascetta Stringitubo e 3 Fascette a Molla",12.99,https://www.amazon.it/s?k=insinkerator+tritarifiuti
2026-04-30,amazon.it,"Smaltimento Rifiuti, Tritarifiuti Alimentare, Tritarifiuti per Lavello Cucina, Acciaio Inossidabile, 7.5 HP 2800 giri/min, Tritarifiuti Magnetico, Silenzioso con Interruttore, Tritarifiuti Alimentari.",178.85,https://www.amazon.it/s?k=insinkerator+tritarifiuti
2026-04-30,amazon.it,"VEVOR Tritarifiuti per Lavello da Cucina, 0,559 kW, Sistema di Smaltimento Rifiuti Alimentari in Acciaio Inox, Supporto EZ, 3930 giri/min, con Cavo di Alimentazione Motore CC, Paraspruzzi per la Casa",94.99,https://www.amazon.it/s?k=insinkerator+tritarifiuti
2026-04-30,amazon.it,"Tbest 2 Pezzi Copertura Antischizzi in Silicone per Tritarifiuti Compatibile con InSinkErator, 87mm Diametro Esterno",21.92,https://www.amazon.it/s?k=insinkerator+tritarifiuti
2026-04-30,amazon.it,"NutriChef Compostiera da Cucina, Compostiera Elettrica 3 Litri, Bidone Umido per Cucina, Pattumiera Umido con Asciugatura, Frantumazione e Raffreddamento, Bianca",199.99,https://www.amazon.it/s?k=insinkerator+tritarifiuti
2026-04-30,amazon.it,370W Elettrico Tritarifiuti da 1 Litro Smaltimento Rifiuti Domestici Tritarifiuti Alimentare,117.0,https://www.amazon.it/s?k=insinkerator+tritarifiuti
2026-04-30,amazon.it,"BOXOB 3pz FLG-Seal Guarnizione Lavello, Guarnizione Scarico Gomma Premium Senza Stucco per Lavello Cucina Anello Tenuta Ricambio per Insinkerator Sistemi Drenaggio Tritarifiuti(Nero)",11.99,https://www.amazon.it/s?k=insinkerator+tritarifiuti
2026-04-30,amazon.it,Dissipatore Tritarifiuti Alimentare 1L Home Kitchen Food Waste Processor Disposer Domestico Da Lavello 1000ML 370W 1/2HP 2600 RPM,90.0,https://www.amazon.it/s?k=insinkerator+tritarifiuti
2026-04-30,amazon.it,Tritarifiuti Raccoglitore di rifiuti per rifiuti Domestici da Cucina Sistema di macinazione dei rifiuti in Acciaio Inossidabile da 2800 Giri/min Adatto per macinare Vari rifiuti Domestici da Cucina (,350.89,https://www.amazon.it/s?k=insinkerator+tritarifiuti
2026-04-30,amazon.it,Sostituzione Garbage Disposal Guardia Splash GE per rifiuti King in-Sink-Erator,10.59,https://www.amazon.it/s?k=insinkerator+tritarifiuti
2026-04-30,amazon.it,"OUKANING Dissipatore di rifiuti Acciaio Inossidabile 1000Ml Avanzi di Cucina Trituratore di rifiuti Trituratore di rifiuti Protezione da sovraccarico, Protezione dal Rumore",117.0,https://www.amazon.it/s?k=insinkerator+tritarifiuti
2026-04-30,amazon.it,Waste King - Tritarifuti da lavello,194.57,https://www.amazon.it/s?k=insinkerator+tritarifiuti
2026-04-30,amazon.it,Hemobllo Gomma Per Tritarifiuti Alimentari Protezione Anti-spruzzi Di Ricambio Per Tritarifiuti Facile Da Installare E Manutenere,11.09,https://www.amazon.it/s?k=insinkerator+tritarifiuti
2026-04-30,amazon.it,INSINKERATORE CCA-00,161.27,https://www.amazon.it/s?k=insinkerator+tritarifiuti
2026-04-30,amazon.it,"InSinkErator Disposal Stopper, Accessory, Oil Rubbed Bronze",51.85,https://www.amazon.it/s?k=insinkerator+tritarifiuti
2026-04-30,amazon.it,"InSinkErator STC-MTBLK Air Switch, Accessory, Matte Black",52.38,https://www.amazon.it/s?k=insinkerator+tritarifiuti
2026-04-30,amazon.it,Coperchio Antispruzzo Per Dissipatore di Rifiuti in Silicone da 2 Pezzi Coperchio Per Distributore di Rifiuti Compatibile con InSinkErator 87 Mm di Diametro Esterno,22.29,https://www.amazon.it/s?k=insinkerator+tritarifiuti
2026-04-30,amazon.it,"Tappo Scarico Lavello Multifunzione - Filtro per Spazzatura & Setaccio, Compatibile con Tritarifiuti, Accessorio AntiBlocco per Scarichi Lavello, Dissipatore Rifiuti & Tappo Acqua Universale",16.99,https://www.amazon.it/s?k=insinkerator+tritarifiuti
2026-04-30,amazon.it,"Tritarifiuti con Raccoglitore di Cibo da 3/4 HP 2800 Giri/min Tritarifiuti da Cucina sottolavello con Spina e Interruttore Wireless - Acciaio Inossidabile, Alta velocità per Una macinazione efficient",127.04,https://www.amazon.it/s?k=insinkerator+tritarifiuti
2026-04-30,amazon.it,"Trituratore Di Rifiuti Alimentari, Trituratore Di Rifiuti Alimentari Del Lavello, Sistema Di Macinazione Di Rifiuti Alimentari In Cucina, Serve Per Trattare I Residui Alimentari Come Verdure Ecc",70.52,https://www.amazon.it/s?k=insinkerator+tritarifiuti
2026-04-30,amazon.it,"Tritarifiuti, Raccoglitore di Cibo, 560 W, tritarifiuti Domestici con Interruttore ad Aria, frantoio da Cucina da 1000 ml, macinacaffè in Acciaio Inossidabile",316.24,https://www.amazon.it/s?k=insinkerator+tritarifiuti
2026-04-30,amazon.it,"VEVOR Tritarifiuti per Lavello da Cucina, 0,559 kW, Sistema di Smaltimento Rifiuti Alimentari in Acciaio Inox, Supporto EZ, 3930 giri/min, con Cavo di Alimentazione Motore CC, Paraspruzzi per la Casa",94.99,https://www.amazon.it/s?k=insinkerator+tritarifiuti
2026-04-30,amazon.it,"Tritarifiuti Alimentari da 560 W, 3800 R/min, con 7 Livelli di Macinazione e Protezione da Sovratemperatura, Acciaio Inossidabile Serie Titanio, Tritarifiuti con capacità di 1200 Ml",338.81,https://www.amazon.it/s?k=insinkerator+tritarifiuti
2026-04-30,amazon.it,Tritarifiuti Splash Guard Smaltimento Rifiuti Protezioni antispruzzo e tappo Lavello Smaltimento Smaltimento Sostituzione Tappo di scarico Protezione antispruzzo Cucina Scarico rifiuti alimentari,15.8,https://www.amazon.it/s?k=insinkerator+tritarifiuti
2026-04-30,amazon.it,"NEWTRY Compattatore per rifiuti, Pressa manuale della spazzatura per bidoni da 120L e 240L, frantumatore di rifiuti strumento di riciclaggio con design salvaspazio per casa, cucina e esterni - Bianco",65.99,https://www.amazon.it/s?k=insinkerator+tritarifiuti
2026-04-30,amazon.it,"Deflettore Antispruzzo per Tritarifiuti da Cucina, Copertura e Accessorio per Lavello",8.99,https://www.amazon.it/s?k=insinkerator+tritarifiuti
2026-04-30,amazon.it,"VOUNOT® Compostiera da Giardino, 300L Composter da Esterno, Nero e Verde",52.99,https://www.amazon.it/s?k=insinkerator+tritarifiuti
2026-04-30,amazon.it,"NEWTRY Mini Compattatore di Rifiuti Pressa Manuale per Bidoni a ruote da 60L a 100L, Design Compatto Ideale per Armadi Domestici, Ristoranti e Cestini",54.99,https://www.amazon.it/s?k=insinkerator+tritarifiuti
2026-05-01,trovaincasso.it,"Insinkerator 1974550 Dissipatore  EVOLUTION PLUS 550 EC Tecnologia a due fasi - Potenza 0,55 HP",264.74,https://www.trovaincasso.it/quickview/index/view/id/27239
2026-05-01,trovaincasso.it,"Insinkerator 1974700 Dissipatore  PREMIUM 700 EC. Tecnologia a due fasi Potenza 0,75 HP Con tappo salvaposate",435.54,https://www.trovaincasso.it/quickview/index/view/id/27240
2026-05-01,trovaincasso.it,"Insinkerator 1974750 Dissipatore ADVANCED EVOLUTION PLUS 750 EC. Tecnologia a tre fasi - Potenza 0,75 HP - Con tappo salvaposate",656.36,https://www.trovaincasso.it/quickview/index/view/id/27241
2026-05-01,trovaincasso.it,"Insinkerator 1974100 Dissipatore ADVANCED EVOLUTION PLUS 1000 EC - Tecnologia a 4 fasi - Potenza 1,00 HP  - Con tappo salvaposate",824.72,https://www.trovaincasso.it/quickview/index/view/id/27242
2026-05-01,trovaincasso.it,Insinkerator ART. 1975078 MODELLO LC-50 PROFESSIONAL Dissipatore ecologico professionale con tappo salvaposate,1150.46,https://www.trovaincasso.it/quickview/index/view/id/27243
2026-05-01,trovaincasso.it,Insinkerator ART. 1975075 Tappo salvaposate,34.16,https://www.trovaincasso.it/quickview/index/view/id/27244
2026-05-01,trovaincasso.it,Insinkerator ART. 1975511 Kit raccordo lavastoviglie,39.04,https://www.trovaincasso.it/quickview/index/view/id/27246
2026-05-01,trovaincasso.it,Insinkerator ART. 1975512 Kit collegamento troppopieno,61.0,https://www.trovaincasso.it/quickview/index/view/id/27247
2026-05-01,trovaincasso.it,Insinkerator 1508165 Blancocare Liquido concentrato per gli scarichi,67.1,https://www.trovaincasso.it/quickview/index/view/id/27248
2026-05-01,trovaincasso.it,Insinkerator ART. 1975491 Kit collarino lavelli in marmo fino a spessore 50 mm.,73.2,https://www.trovaincasso.it/quickview/index/view/id/27245
2026-05-01,pentoleprofessionali.it,Insinkerator EVOLUTION PLUS 1000 EC (ex modello EVOLUTION 200) - Dissipatore per rifiuti,700.0,https://www.pentoleprofessionali.it/it/insinkerator-insinkerator-dissipatore-per-rifiuti-mod-evolution-plus-1000-ec-ex-modello-evolution-200-1974100
2026-05-01,pentoleprofessionali.it,Insinkerator Dissipatore per rifiuti mod. EVOLUTION PLUS 750 EC - ex modello EVOLUTION 100,582.0,https://www.pentoleprofessionali.it/it/insinkerator-insinkerator-dissipatore-per-rifiuti-mod-evolution-plus-750-ec-ex-modello-evolution-100-1974750
2026-05-01,pentoleprofessionali.it,Insinkerator Dissipatore per rifiuti mod. PREMIUM 700 EC - ex modello ISE66,397.0,https://www.pentoleprofessionali.it/it/insinkerator-insinkerator-dissipatore-per-rifiuti-mod-premium-700-ec-ex-modello-ise66-1974700
2026-05-01,pentoleprofessionali.it,Insinkerator Dissipatore per rifiuti mod. PREMIUM 550 EC - ex modello ISE56,236.0,https://www.pentoleprofessionali.it/it/insinkerator-insinkerator-dissipatore-per-rifiuti-mod-premium-plus-550-ec-ex-modello-ise56-1974550
2026-05-01,pentoleprofessionali.it,Insinkerator Dissipatore per rifiuti mod. LC 50 PROFESSIONAL con Tappo Salvaposate 1975078,1090.0,https://www.pentoleprofessionali.it/it/insinkerator-insinkerator-dissipatore-per-rifiuti-mod-lc-50-professional-con-tappo-salvaposate-1975078-lc50professional
2026-05-01,pentoleprofessionali.it,Flangia per lavelli in marmo e pietra Insikerator,75.0,https://www.pentoleprofessionali.it/it/insinkerator-flangia-per-lavelli-in-marmo-e-pietra-insikerator-13367382
2026-05-01,pentoleprofessionali.it,Tappo salvaposate,35.0,https://www.pentoleprofessionali.it/it/insinkerator-tappo-salvaposate-13358360
2026-05-01,pentoleprofessionali.it,Insinkerator Dissipatore per rifiuti mod. Standard 460 SR (ex modello ISE46),235.0,https://www.pentoleprofessionali.it/it/insinkerator-dissipatore-per-rifiuti-mod-standard-460-sr-ex-modello-ise46-1976460
2026-05-01,amazon.it,"Insinkerator Premium 550 EC - Tritatutto per rifiuti da cucina con motore a induzione da 0,5 CV e interruttore dell'aria",360.0,https://www.amazon.it/dp/B00CWY2KFA
2026-05-01,amazon.it,"DREAME SF25 Tritarifiuti Sistema a Tripla Lama Trion, Filtro Lavabile al Carbone, Capacità 2,5 Litri, Autopulente ad Alta Temperatura, Design Compatto, Silenzioso a 27 dB(A), Blocco di Sicurezza",399.0,https://www.amazon.it/dp/B0FY37X2JH
2026-05-01,amazon.it,"Insinkerator Premium 700 EC - Tritatutto per rifiuti da cucina con motore a induzione da 0,75 CV e interruttore dell'aria",509.0,https://www.amazon.it/dp/B00CWY2M3A
2026-05-01,amazon.it,"Insinkerator Evolution Plus 750 EC - Tritatutto da cucina con motore a induzione da 0,75 CV con interruttore dell'aria",665.0,https://www.amazon.it/dp/B00CWY2RDU
2026-05-01,amazon.it,Insinkerator Evolution Plus 1000 EC - Tritatutto da cucina con motore a induzione da 1 CV con interruttore dell'aria,889.0,https://www.amazon.it/dp/B00CWY2T2E
2026-05-01,amazon.it,InSinkErator Standard 460,299.0,https://www.amazon.it/dp/B00CWY2DJ8
2026-05-01,amazon.it,"InSinkErator Sistema di smaltimento dei rifiuti Alimentari, Acciaio Inossidabile, Rosso, 31,1 x 22 x 31,1 cm",615.13,https://www.amazon.it/dp/B0B3NB7M4P
2026-05-01,amazon.it,"InSinkErator Badger 500, Smaltimento rifiuti da cucina ad alimentazione continua da 1/2 HP, serie Badger BADGER 500",168.93,https://www.amazon.it/dp/B0FLZNGPRP
2026-05-01,amazon.it,"Artist CNTR333 smaltimento rifiuti, Nero",345.06,https://www.amazon.it/dp/B083JCQWMJ
2026-05-01,amazon.it,"Smaltimento Rifiuti, Tritarifiuti Alimentare, Tritarifiuti per Lavello Cucina, Acciaio Inossidabile, 7.5 HP 2800 giri/min, Tritarifiuti Magnetico, Silenzioso con Interruttore, Tritarifiuti Alimentari.",178.85,https://www.amazon.it/dp/B0DDTP4BVH
2026-05-01,amazon.it,"InSinkErator in-Sink-ERATOR/MASTERPLUMBER MP 1/2HP Dissipatore Rifiuti, Acciaio Legato, 1",196.76,https://www.amazon.it/dp/B0009SNSN4
2026-05-01,amazon.it,"VEVOR Tritarifiuti per Lavello da Cucina, 0,74 kW, Sistema di Smaltimento Rifiuti Alimentari in Acciaio Inox, Motore CC, Supporto EZ, 3960 giri/min, con Cavo di Alimentazione, Paraspruzzi per la Casa",112.03,https://www.amazon.it/dp/B0DPPCWRYZ
2026-05-01,amazon.it,"BLANCO FWD Lite | Tritatutto da cucina 0,5 CV | Smaltimento rifiuti per lavello in cucina | Tritatutto per lo smaltimento di residui di cibo e rifiuti alimentari | Capacità 900 ml",258.13,https://www.amazon.it/dp/B0BLW383VW
2026-05-01,amazon.it,"InSinkErator Black Evolution Series - Deflettore per lavello, antimicrobico, silenzioso, QCB",26.9,https://www.amazon.it/dp/B000GX34AE
2026-05-01,amazon.it,"VEVOR Tritarifiuti per Lavello da Cucina, 0,74 kW, Sistema di Smaltimento Rifiuti Alimentari in Acciaio Inox, Motore CC, Supporto EZ, 3960 giri/min, con Cavo di Alimentazione, Paraspruzzi per la Casa",112.03,https://www.amazon.it/dp/B0DPPCWRYZ
2026-05-01,amazon.it,"Funzionamento Silenzioso, Efficace Trattamento dei Rifiuti Alimentari, Installazione Rapida e Semplice, Alimentazione Continua da 630 W per con Materiale in Acciaio",270.45,https://www.amazon.it/dp/B0DHPRCH6T
2026-05-01,amazon.it,"VEVOR Tritarifiuti per Lavello da Cucina, 0,37 kW, Sistema di Smaltimento Rifiuti Alimentari in Acciaio Inox, Motore CC, Supporto EZ, 3820 giri/min, con Cavo di Alimentazione, Paraspruzzi per la Casa",76.9,https://www.amazon.it/dp/B0DPPKBZ9L
2026-05-01,amazon.it,Insinkerator 71498 - Pezzo di tritarifiuti,37.82,https://www.amazon.it/dp/B00AG2IWJI
2026-05-01,amazon.it,"Fdit 2 Pezzi Copertura Antispruzzo per Tritarifiuti, Compatibile con, Diametro 87 mm, Tappo Silicone per Lavello",16.43,https://www.amazon.it/dp/B08THCCMKK
2026-05-01,amazon.it,"INSINKERATOR LEDefense Flangia per lo smaltimento dei rifiuti, accessorio antimicrobico LED per smaltimento rifiuti INSINKERATOR, FLG-SS-LED",128.87,https://www.amazon.it/dp/B0G7QBHVPB
2026-05-01,amazon.it,"Tbest 2 Pezzi Copertura Antischizzi in Silicone per Tritarifiuti Compatibile con InSinkErator, 87mm Diametro Esterno",21.92,https://www.amazon.it/dp/B0C3NGZP72
2026-05-01,amazon.it,"VEVOR Tritarifiuti per Lavello da Cucina, 0,37 kW, Sistema di Smaltimento Rifiuti Alimentari in Acciaio Inox, Motore CC, Supporto EZ, 3820 giri/min, con Cavo di Alimentazione, Paraspruzzi per la Casa",76.9,https://www.amazon.it/dp/B0DPPKBZ9L
2026-05-01,amazon.it,"Smaltimento Rifiuti, Tritarifiuti Alimentare, Tritarifiuti per Lavello Cucina, Acciaio Inossidabile, 3/4 HP 3200 rpm, Tritarifiuti Magnetico, Silenzioso con Interruttore, Tritarifiuti Alimentari.",168.85,https://www.amazon.it/dp/B0DTJ3Z6GD
2026-05-01,amazon.it,"2Pezzi Deflettore per Lavello con Piastra Antispruzzo per lo Smaltimento dei Rifiuti, Coperchio Antispruzzo per Dissipatore di Rifiuti in Silicone Adatto per InSink-Erator con Diametro Esterno di 87m",20.89,https://www.amazon.it/dp/B08QMXSXPD
2026-05-01,amazon.it,"Tritarifiuti in Acciaio Inox, Tritarifiuti per Avanzi di Cucina da 1000 Ml, Protezione Acustica, Tritarifiuti per Rifiuti Alimentari da Cucina Sottolavello, 3/4 HP",196.99,https://www.amazon.it/dp/B0FNMLGWMV
2026-05-01,amazon.it,InSinkErator STP-DS - Tappo per lavello in acciaio INOX lucido,54.74,https://www.amazon.it/dp/B0015JEGR8
2026-05-01,amazon.it,"VEVOR Tritarifiuti per Lavello da Cucina, 0,559 kW, Sistema di Smaltimento Rifiuti Alimentari in Acciaio Inox, Montaggio 3 Bulloni, 3600 giri/min, con Cavo di Alimentazione, Paraspruzzi per la Casa",94.9,https://www.amazon.it/dp/B0DPPTXBJR
2026-05-01,amazon.it,"VEVOR Tritarifiuti per Lavello da Cucina, 0,37 kW, Sistema di Smaltimento Rifiuti Alimentari in Acciaio Inox, Montaggio 3 Bulloni, 3820 giri/min, con Cavo di Alimentazione, Paraspruzzi per la Casa",91.99,https://www.amazon.it/dp/B0DPP8VV8Y
2026-05-01,amazon.it,Dissipatore tritarifiuti Plados CIRCLE75 potenza 550w,239.0,https://www.amazon.it/dp/B07F891ZLQ
2026-05-01,amazon.it,"MINRS 560 W, trituratore per rifiuti da cucina, con interruttore d'aria, 3600 giri/min, 1,15 l, per lavello, tritatutto",92.0,https://www.amazon.it/dp/B0DNKBBRSC
2026-05-01,amazon.it,"VEVOR Tritarifiuti per Lavello da Cucina, 0,559 kW, Sistema di Smaltimento Rifiuti Alimentari in Acciaio Inox, Supporto EZ, 3930 giri/min, con Cavo di Alimentazione Motore CC, Paraspruzzi per la Casa",94.99,https://www.amazon.it/dp/B0DPPG5X9N
2026-05-01,amazon.it,"Smaltimento Rifiuti, Tritarifiuti Alimentare, Tritarifiuti per Lavello Cucina, Acciaio Inossidabile, 7.5 HP 2800 giri/min, Tritarifiuti Magnetico, Silenzioso con Interruttore, Tritarifiuti Alimentari.",178.85,https://www.amazon.it/dp/B0DDTP4BVH
2026-05-01,amazon.it,"Tbest 2 Pezzi Copertura Antischizzi in Silicone per Tritarifiuti Compatibile con InSinkErator, 87mm Diametro Esterno",21.92,https://www.amazon.it/dp/B0C3NGZP72
2026-05-01,amazon.it,"NutriChef Compostiera da Cucina, Compostiera Elettrica 3 Litri, Bidone Umido per Cucina, Pattumiera Umido con Asciugatura, Frantumazione e Raffreddamento, Bianca",199.99,https://www.amazon.it/dp/B0CRSL17Q4
2026-05-01,amazon.it,"Adattatore per Tubo di Scarico per Lavastoviglie Compatibile con Tritarifiuti Insinkerator, Include 1 Connettore di Ingresso 1 Fascetta Stringitubo e 3 Fascette a Molla",12.99,https://www.amazon.it/dp/B0CWTRCW8T
2026-05-01,amazon.it,"Tritarifiuti, Raccoglitore di Cibo, Tritatutto, Tritatutto da Cucina, in Acciaio Inox, Materiale 370W (Nero)",275.44,https://www.amazon.it/dp/B0FQC82YWB
2026-05-01,amazon.it,370W Elettrico Tritarifiuti da 1 Litro Smaltimento Rifiuti Domestici Tritarifiuti Alimentare,117.0,https://www.amazon.it/dp/B08BR8M15B
2026-05-01,amazon.it,"BOXOB 3pz FLG-Seal Guarnizione Lavello, Guarnizione Scarico Gomma Premium Senza Stucco per Lavello Cucina Anello Tenuta Ricambio per Insinkerator Sistemi Drenaggio Tritarifiuti(Nero)",11.99,https://www.amazon.it/dp/B0F4Q7Y48Y
2026-05-01,amazon.it,Dissipatore Tritarifiuti Alimentare 1L Home Kitchen Food Waste Processor Disposer Domestico Da Lavello 1000ML 370W 1/2HP 2600 RPM,90.0,https://www.amazon.it/dp/B09ZQJPMFB
2026-05-01,amazon.it,Tritarifiuti Raccoglitore di rifiuti per rifiuti Domestici da Cucina Sistema di macinazione dei rifiuti in Acciaio Inossidabile da 2800 Giri/min Adatto per macinare Vari rifiuti Domestici da Cucina (,350.89,https://www.amazon.it/dp/B0FQC3YFWH
2026-05-01,amazon.it,Sostituzione Garbage Disposal Guardia Splash GE per rifiuti King in-Sink-Erator,10.59,https://www.amazon.it/dp/B0711TB8WS
2026-05-01,amazon.it,"OUKANING Dissipatore di rifiuti Acciaio Inossidabile 1000Ml Avanzi di Cucina Trituratore di rifiuti Trituratore di rifiuti Protezione da sovraccarico, Protezione dal Rumore",117.0,https://www.amazon.it/dp/B08FTBJ19D
2026-05-01,amazon.it,Waste King - Tritarifuti da lavello,194.57,https://www.amazon.it/dp/B000LNIK6C
2026-05-01,amazon.it,Hemobllo Gomma Per Tritarifiuti Alimentari Protezione Anti-spruzzi Di Ricambio Per Tritarifiuti Facile Da Installare E Manutenere,11.09,https://www.amazon.it/dp/B0DFMRJPCH
2026-05-01,amazon.it,INSINKERATORE CCA-00,161.27,https://www.amazon.it/dp/B001F9T60U
2026-05-01,amazon.it,Coperchio Antispruzzo Per Dissipatore di Rifiuti in Silicone da 2 Pezzi Coperchio Per Distributore di Rifiuti Compatibile con InSinkErator 87 Mm di Diametro Esterno,22.29,https://www.amazon.it/dp/B0C4TCJVGX
2026-05-01,amazon.it,"InSinkErator Disposal Stopper, Accessory, Oil Rubbed Bronze",51.85,https://www.amazon.it/dp/B002I631IC
2026-05-01,amazon.it,"Tappo Scarico Lavello Multifunzione - Filtro per Spazzatura & Setaccio, Compatibile con Tritarifiuti, Accessorio AntiBlocco per Scarichi Lavello, Dissipatore Rifiuti & Tappo Acqua Universale",16.99,https://www.amazon.it/dp/B0FMY258DX
2026-05-01,amazon.it,"Trituratore Di Rifiuti Alimentari, Trituratore Di Rifiuti Alimentari Del Lavello, Sistema Di Macinazione Di Rifiuti Alimentari In Cucina, Serve Per Trattare I Residui Alimentari Come Verdure Ecc",70.52,https://www.amazon.it/dp/B0FDG9PL8C
2026-05-01,amazon.it,"Tritarifiuti con Raccoglitore di Cibo da 3/4 HP 2800 Giri/min Tritarifiuti da Cucina sottolavello con Spina e Interruttore Wireless - Acciaio Inossidabile, Alta velocità per Una macinazione efficient",127.04,https://www.amazon.it/dp/B0FQC3DKYB
2026-05-01,amazon.it,"VEVOR Tritarifiuti per Lavello da Cucina, 0,559 kW, Sistema di Smaltimento Rifiuti Alimentari in Acciaio Inox, Supporto EZ, 3930 giri/min, con Cavo di Alimentazione Motore CC, Paraspruzzi per la Casa",94.99,https://www.amazon.it/dp/B0DPPG5X9N
2026-05-01,amazon.it,"Tritarifiuti, Raccoglitore di Cibo, 560 W, tritarifiuti Domestici con Interruttore ad Aria, frantoio da Cucina da 1000 ml, macinacaffè in Acciaio Inossidabile",316.24,https://www.amazon.it/dp/B0FQC87PYB
2026-05-01,amazon.it,"Fdit 2 Pezzi Copertura Antispruzzo per Tritarifiuti, Compatibile con, Diametro 87 mm, Tappo Silicone per Lavello",16.43,https://www.amazon.it/dp/B08THCCMKK
2026-05-01,amazon.it,Tritarifiuti Splash Guard Smaltimento Rifiuti Protezioni antispruzzo e tappo Lavello Smaltimento Smaltimento Sostituzione Tappo di scarico Protezione antispruzzo Cucina Scarico rifiuti alimentari,15.8,https://www.amazon.it/dp/B083DMM3D3
2026-05-01,amazon.it,"NEWTRY Compattatore per rifiuti, Pressa manuale della spazzatura per bidoni da 120L e 240L, frantumatore di rifiuti strumento di riciclaggio con design salvaspazio per casa, cucina e esterni - Bianco",65.99,https://www.amazon.it/dp/B0DJ8M7YZG
2026-05-01,amazon.it,"Deflettore Antispruzzo per Tritarifiuti da Cucina, Copertura e Accessorio per Lavello",8.99,https://www.amazon.it/dp/B0GLNSL736
2026-05-01,trovaincasso.it,"Insinkerator 1974550 Dissipatore  EVOLUTION PLUS 550 EC Tecnologia a due fasi - Potenza 0,55 HP",264.74,https://www.trovaincasso.it/quickview/index/view/id/27239
2026-05-01,trovaincasso.it,"Insinkerator 1974700 Dissipatore  PREMIUM 700 EC. Tecnologia a due fasi Potenza 0,75 HP Con tappo salvaposate",435.54,https://www.trovaincasso.it/quickview/index/view/id/27240
2026-05-01,trovaincasso.it,"Insinkerator 1974750 Dissipatore ADVANCED EVOLUTION PLUS 750 EC. Tecnologia a tre fasi - Potenza 0,75 HP - Con tappo salvaposate",656.36,https://www.trovaincasso.it/quickview/index/view/id/27241
2026-05-01,trovaincasso.it,"Insinkerator 1974100 Dissipatore ADVANCED EVOLUTION PLUS 1000 EC - Tecnologia a 4 fasi - Potenza 1,00 HP  - Con tappo salvaposate",824.72,https://www.trovaincasso.it/quickview/index/view/id/27242
2026-05-01,trovaincasso.it,Insinkerator ART. 1975078 MODELLO LC-50 PROFESSIONAL Dissipatore ecologico professionale con tappo salvaposate,1150.46,https://www.trovaincasso.it/quickview/index/view/id/27243
2026-05-01,trovaincasso.it,Insinkerator ART. 1975075 Tappo salvaposate,34.16,https://www.trovaincasso.it/quickview/index/view/id/27244
2026-05-01,trovaincasso.it,Insinkerator ART. 1975511 Kit raccordo lavastoviglie,39.04,https://www.trovaincasso.it/quickview/index/view/id/27246
2026-05-01,trovaincasso.it,Insinkerator ART. 1975512 Kit collegamento troppopieno,61.0,https://www.trovaincasso.it/quickview/index/view/id/27247
2026-05-01,trovaincasso.it,Insinkerator 1508165 Blancocare Liquido concentrato per gli scarichi,67.1,https://www.trovaincasso.it/quickview/index/view/id/27248
2026-05-01,trovaincasso.it,Insinkerator ART. 1975491 Kit collarino lavelli in marmo fino a spessore 50 mm.,73.2,https://www.trovaincasso.it/quickview/index/view/id/27245
2026-05-01,pentoleprofessionali.it,Insinkerator EVOLUTION PLUS 1000 EC (ex modello EVOLUTION 200) - Dissipatore per rifiuti,700.0,https://www.pentoleprofessionali.it/it/insinkerator-insinkerator-dissipatore-per-rifiuti-mod-evolution-plus-1000-ec-ex-modello-evolution-200-1974100
2026-05-01,pentoleprofessionali.it,Insinkerator Dissipatore per rifiuti mod. EVOLUTION PLUS 750 EC - ex modello EVOLUTION 100,582.0,https://www.pentoleprofessionali.it/it/insinkerator-insinkerator-dissipatore-per-rifiuti-mod-evolution-plus-750-ec-ex-modello-evolution-100-1974750
2026-05-01,pentoleprofessionali.it,Insinkerator Dissipatore per rifiuti mod. PREMIUM 700 EC - ex modello ISE66,397.0,https://www.pentoleprofessionali.it/it/insinkerator-insinkerator-dissipatore-per-rifiuti-mod-premium-700-ec-ex-modello-ise66-1974700
2026-05-01,pentoleprofessionali.it,Insinkerator Dissipatore per rifiuti mod. PREMIUM 550 EC - ex modello ISE56,236.0,https://www.pentoleprofessionali.it/it/insinkerator-insinkerator-dissipatore-per-rifiuti-mod-premium-plus-550-ec-ex-modello-ise56-1974550
2026-05-01,pentoleprofessionali.it,Insinkerator Dissipatore per rifiuti mod. LC 50 PROFESSIONAL con Tappo Salvaposate 1975078,1090.0,https://www.pentoleprofessionali.it/it/insinkerator-insinkerator-dissipatore-per-rifiuti-mod-lc-50-professional-con-tappo-salvaposate-1975078-lc50professional
2026-05-01,pentoleprofessionali.it,Flangia per lavelli in marmo e pietra Insikerator,75.0,https://www.pentoleprofessionali.it/it/insinkerator-flangia-per-lavelli-in-marmo-e-pietra-insikerator-13367382
2026-05-01,pentoleprofessionali.it,Tappo salvaposate,35.0,https://www.pentoleprofessionali.it/it/insinkerator-tappo-salvaposate-13358360
2026-05-01,pentoleprofessionali.it,Insinkerator Dissipatore per rifiuti mod. Standard 460 SR (ex modello ISE46),235.0,https://www.pentoleprofessionali.it/it/insinkerator-dissipatore-per-rifiuti-mod-standard-460-sr-ex-modello-ise46-1976460
2026-05-01,bricobravo.com,Trade Shop - Decespugliatore A Batteria 48v Tagliabordi Elettrico Altezza Regolabile Per Giardini -,41.9,https://www.bricobravo.com/products/trade-shop-decespugliatore-a-batteria-21v-tagliabordi-elettrico-altezza-regolabile-per-giardini
2026-05-01,bricobravo.com,"Set salotto da esterno Arret, Salottino outdoor, Tavolo rettangolare allungabile con 8 sedie con braccioli, Made in Italy, Antracite",316.99,https://www.bricobravo.com/products/set-salotto-da-esterno-arret-salottino-outdoor-tavolo-rettangolare-allungabile-con-8-sedie-con-braccioli-made-in-italy-antracite
2026-05-01,bricobravo.com,Innoliving Ferro Da Stiro INN-681 con Generatore di Vapore Continuo,39.9,https://www.bricobravo.com/products/ferro-da-stiro-con-generatore-di-vapore-continuo-innoliving-inn-682
2026-05-01,bricobravo.com,Materasso Singolo 80x190 in Waterfoam  11 zone differenziate  Ortopedico,94.99,https://www.bricobravo.com/products/materasso-in-waterfoam-11-zone-differenziate-ortopedico-80x190-cod-etr6150
2026-05-01,bricobravo.com,Tritarifiuti Alimentari InSinkErator Advanced Evolution Plus 1000 EC,889.38,https://www.bricobravo.com/products/dissipatore-di-rifiuti-alimentari-insinkerator-advanced-evolution-plus-1000-ec
2026-05-01,bricobravo.com,Tritarifiuti Alimentari InSinkErator Power Premium 700 EC,483.12,https://www.bricobravo.com/products/dissipatore-di-rifiuti-alimentari-insinkerator-power-premium-700-ec
2026-05-01,bricobravo.com,Tritarifiuti Alimentari InSinkErator Power Premium 550 EC,315.98,https://www.bricobravo.com/products/dissipatore-di-rifiuti-alimentari-insinkerator-power-premium-550-ec
2026-05-01,bricobravo.com,"InSinkErator dissipatore Advanced Evolution Plus 1000 SR, 1 HP, SoundSeal, MultiFase 4 fasi, 980 ml, pulsante pneumatico",1168.49,https://www.bricobravo.com/products/insinkerator-dissipatore-advanced-evolution-plus-1000-sr-1-hp-soundseal-multifase-4-fasi-980-ml-pulsante-pneumatico
2026-05-01,pentoleprofessionali.it,Insinkerator EVOLUTION PLUS 1000 EC (ex modello EVOLUTION 200) - Dissipatore per rifiuti,700.0,https://www.pentoleprofessionali.it/it/insinkerator-insinkerator-dissipatore-per-rifiuti-mod-evolution-plus-1000-ec-ex-modello-evolution-200-1974100
2026-05-01,pentoleprofessionali.it,Insinkerator Dissipatore per rifiuti mod. EVOLUTION PLUS 750 EC - ex modello EVOLUTION 100,582.0,https://www.pentoleprofessionali.it/it/insinkerator-insinkerator-dissipatore-per-rifiuti-mod-evolution-plus-750-ec-ex-modello-evolution-100-1974750
2026-05-01,pentoleprofessionali.it,Insinkerator Dissipatore per rifiuti mod. PREMIUM 700 EC - ex modello ISE66,397.0,https://www.pentoleprofessionali.it/it/insinkerator-insinkerator-dissipatore-per-rifiuti-mod-premium-700-ec-ex-modello-ise66-1974700
2026-05-01,pentoleprofessionali.it,Insinkerator Dissipatore per rifiuti mod. PREMIUM 550 EC - ex modello ISE56,236.0,https://www.pentoleprofessionali.it/it/insinkerator-insinkerator-dissipatore-per-rifiuti-mod-premium-plus-550-ec-ex-modello-ise56-1974550
2026-05-01,pentoleprofessionali.it,Insinkerator Dissipatore per rifiuti mod. LC 50 PROFESSIONAL con Tappo Salvaposate 1975078,1090.0,https://www.pentoleprofessionali.it/it/insinkerator-insinkerator-dissipatore-per-rifiuti-mod-lc-50-professional-con-tappo-salvaposate-1975078-lc50professional
2026-05-01,pentoleprofessionali.it,Flangia per lavelli in marmo e pietra Insikerator,75.0,https://www.pentoleprofessionali.it/it/insinkerator-flangia-per-lavelli-in-marmo-e-pietra-insikerator-13367382
2026-05-01,pentoleprofessionali.it,Tappo salvaposate,35.0,https://www.pentoleprofessionali.it/it/insinkerator-tappo-salvaposate-13358360
2026-05-01,pentoleprofessionali.it,Insinkerator Dissipatore per rifiuti mod. Standard 460 SR (ex modello ISE46),235.0,https://www.pentoleprofessionali.it/it/insinkerator-dissipatore-per-rifiuti-mod-standard-460-sr-ex-modello-ise46-1976460
2026-05-01,bricobravo.com,Trade Shop - Decespugliatore A Batteria 48v Tagliabordi Elettrico Altezza Regolabile Per Giardini -,41.9,https://www.bricobravo.com/products/trade-shop-decespugliatore-a-batteria-21v-tagliabordi-elettrico-altezza-regolabile-per-giardini
2026-05-01,bricobravo.com,"Set salotto da esterno Arret, Salottino outdoor, Tavolo rettangolare allungabile con 8 sedie con braccioli, Made in Italy, Antracite",316.99,https://www.bricobravo.com/products/set-salotto-da-esterno-arret-salottino-outdoor-tavolo-rettangolare-allungabile-con-8-sedie-con-braccioli-made-in-italy-antracite
2026-05-01,bricobravo.com,Innoliving Ferro Da Stiro INN-681 con Generatore di Vapore Continuo,39.9,https://www.bricobravo.com/products/ferro-da-stiro-con-generatore-di-vapore-continuo-innoliving-inn-682
2026-05-01,bricobravo.com,Materasso Singolo 80x190 in Waterfoam  11 zone differenziate  Ortopedico,94.99,https://www.bricobravo.com/products/materasso-in-waterfoam-11-zone-differenziate-ortopedico-80x190-cod-etr6150
2026-05-01,bricobravo.com,Tritarifiuti Alimentari InSinkErator Advanced Evolution Plus 1000 EC,889.38,https://www.bricobravo.com/products/dissipatore-di-rifiuti-alimentari-insinkerator-advanced-evolution-plus-1000-ec
2026-05-01,bricobravo.com,Tritarifiuti Alimentari InSinkErator Power Premium 700 EC,483.12,https://www.bricobravo.com/products/dissipatore-di-rifiuti-alimentari-insinkerator-power-premium-700-ec
2026-05-01,bricobravo.com,Tritarifiuti Alimentari InSinkErator Power Premium 550 EC,315.98,https://www.bricobravo.com/products/dissipatore-di-rifiuti-alimentari-insinkerator-power-premium-550-ec
2026-05-01,bricobravo.com,"InSinkErator dissipatore Advanced Evolution Plus 1000 SR, 1 HP, SoundSeal, MultiFase 4 fasi, 980 ml, pulsante pneumatico",1168.49,https://www.bricobravo.com/products/insinkerator-dissipatore-advanced-evolution-plus-1000-sr-1-hp-soundseal-multifase-4-fasi-980-ml-pulsante-pneumatico
2026-05-01,amazon.it,"Artist CNTR333 smaltimento rifiuti, Nero",282.84,https://www.amazon.it/dp/B083JCQWMJ
2026-05-01,amazon.it,"InSinkErator Badger 500, Smaltimento rifiuti da cucina ad alimentazione continua da 1/2 HP, serie Badger BADGER 500",168.93,https://www.amazon.it/dp/B0FLZNGPRP
2026-05-01,amazon.it,"InSinkErator Sistema di smaltimento dei rifiuti Alimentari, Acciaio Inossidabile, Rosso, 31,1 x 22 x 31,1 cm",504.2,https://www.amazon.it/dp/B0B3NB7M4P
2026-05-01,amazon.it,"InSinkErator in-Sink-ERATOR/MASTERPLUMBER MP 1/2HP Dissipatore Rifiuti, Acciaio Legato, 1",196.76,https://www.amazon.it/dp/B0009SNSN4
2026-05-01,amazon.it,"Dissipatore di rifiuti alimentari con interruttore dell'aria, 560 W per lo smaltimento dei rifiuti sotto il lavandino, capacità 1200 ml, 3400 giri/min, protezione dal rumore e protezione da",127.81,https://www.amazon.it/dp/B0FRF2SH4J
2026-05-01,amazon.it,Waste King - Tritarifuti da lavello,203.3,https://www.amazon.it/dp/B000LNIK6C
2026-05-01,amazon.it,"InSinkErator pro750 Cord Pro Series 3/4 HP Food Waste Disposal with Evolution Series Technology, Power Cord included by Insinkerator",388.3,https://www.amazon.it/dp/B00DP0FQSI
2026-05-01,amazon.it,Insinkerator 71498 - Pezzo di tritarifiuti,37.82,https://www.amazon.it/dp/B00AG2IWJI
2026-05-01,amazon.it,"InSinkErator Black Evolution Series - Deflettore per lavello, antimicrobico, silenzioso, QCB",26.9,https://www.amazon.it/dp/B000GX34AE
2026-05-01,amazon.it,InSinkErator STP-DS - Tappo per lavello in acciaio INOX lucido,54.36,https://www.amazon.it/dp/B0015JEGR8
2026-05-01,amazon.it,"Tritarifiuti, Tritarifiuti Alimentari da 560 W, capacità 1200 ml con 7 Livelli di Macinazione e Protezione da Sovratemperatura, Detergente da 3800 Giri/Min, per sotto Il Lavello della Cucina",338.81,https://www.amazon.it/dp/B0DRCKG21N
2026-05-01,amazon.it,"Pulsante per lo smaltimento dei rifiuti, pulsante per lo smaltimento dei rifiuti con tubo dell'aria, interruttore superiore del lavandino per lo smaltimento dei rifiuti InSinkErator, argento",20.84,https://www.amazon.it/dp/B0CH3LLV9C
2026-05-01,amazon.it,"InSinkErator Badger 5 Smaltimento dei rifiuti con cavo di alimentazione, serie standard 1/2 HP Dissipatore di rifiuti alimentari a alimentazione continua, tasso 5 W/C, senza dimensioni, nero/grigio",172.3,https://www.amazon.it/dp/B00PM8STLM
2026-05-01,amazon.it,"Tritarifiuti Per Rifiuti Alimentari Domestici Smaltimento Rifiuti Lavello Per Cucina Smaltitore Di Rifiuti Alimentari Smerigliatrice Per Alimenti Alimentazione Continua 4000 RPM 0,7 CV",386.96,https://www.amazon.it/dp/B0BG453YZT
2026-05-01,amazon.it,Hemobllo Gomma Per Tritarifiuti Alimentari Protezione Anti-spruzzi Di Ricambio Per Tritarifiuti Facile Da Installare E Manutenere,11.09,https://www.amazon.it/dp/B0DFMRJPCH
2026-05-01,amazon.it,"Tritarifiuti Alimentari da 560 W, 3800 R/min, con 7 Livelli di Macinazione e Protezione da Sovratemperatura, Acciaio Inossidabile Serie Titanio, Tritarifiuti con capacità di 1200 Ml",338.81,https://www.amazon.it/dp/B0DRCM6GWY
2026-05-01,amazon.it,"Tritarifiuti Alimentari da 1,2 Litri con Interruttore dell'Aria, Tritarifiuti Alimentari da 560 W per Lavello, Tritarifiuti con Protezione da Sovraccarico, Pattumiera per Rifiuti Alimentari Adatt red",192.28,https://www.amazon.it/dp/B0G58VP545
2026-05-01,amazon.it,"Frigidaire Smaltimento dei rifiuti con filo da 1/3 HP per lavelli da cucina | FF03DISPC1, grigio",115.22,https://www.amazon.it/dp/B08SDQX77Q
2026-05-01,amazon.it,"Smaltimento rifiuti, Smaltimento rifiuti alimentari ad alimentazione continua, Tritarifiuti da cucina da 560 W, Processore for rifiuti da cucina con capacità 1200 ML con interruttore wireless Fornitur",367.22,https://www.amazon.it/dp/B0D1V1923R
2026-05-01,amazon.it,"Tritarifiuti 1/2 HP, Alimentazione Tritarifiuti Compatto, con Motore ad Alta Potenza da 375 W, 2800 Giri/min, Tritarifiuti per lavello da 1,4 L, con Cavo di prealimentazione, paraspruzzi, Tappo",168.95,https://www.amazon.it/dp/B0DRSKB6H1
2026-05-01,amazon.it,"Tritarifiuti con riduzione del rumore, Smaltitore di rifiuti alimentari ad alimentazione continua da 0,7 HP 4000 giri/min, Tritarifiuti da cucina con attacco for lavastoviglie, Tritarifiuti da cucina",315.63,https://www.amazon.it/dp/B0D1R86W5L
2026-05-01,amazon.it,"Tritarifiuti, Smaltimento Rifiuti Alimentari ad Alimentazione Continua, Tritarifiuti da Cucina da 560 W con Collegamento for Lavastoviglie, Processore for Rifiuti da Cucina con Capacità 1200 ML con In",307.0,https://www.amazon.it/dp/B0D1TYM7YD
2026-05-01,amazon.it,"Eco Logic el-10-ds-bk 10 designer Series Tritarifiuti alimentare con nero Sink flange, 1 – 1/4 HP",201.97,https://www.amazon.it/dp/B01N3UZB1K
2026-05-01,amazon.it,Insinkerator 14663 Trituratore stazionario,438.19,https://www.amazon.it/dp/B009Z295CI
2026-05-01,amazon.it,InSinkErator FH3020MBLK InSinkErator FH3020 Showroom Collection Distributore di acqua calda,544.04,https://www.amazon.it/dp/B097YZF3YY
2026-05-01,amazon.it,"Deflettore QCB-AM per lavello, ricambio per smaltimento rifiuti InSinkErator, paraspruzzi da 8,3 cm, tappi di scarico rimovibili silenziosi, nero",14.4,https://www.amazon.it/dp/B0CB8QND6Q
2026-05-01,amazon.it,InSinkErator 75257 Tappo magnetico,59.29,https://www.amazon.it/dp/B00FW77JUA
2026-05-01,amazon.it,"InSinkErator H250SN-SS HOT250 (Instant Hot Water Dispenser, Nichel Satinato",395.52,https://www.amazon.it/dp/B0C6WFW1RP
2026-05-01,amazon.it,INSINKERATOR FDT-00 - Tubo di scarico,47.08,https://www.amazon.it/dp/B00084U29C
2026-05-01,amazon.it,"75257 Tappo magnetico per lo smaltimento dei rifiuti compatibile con InSinkErator 75052, 74094, 74052, 74275 - Nero",30.81,https://www.amazon.it/dp/B0CS2FJX75
2026-05-01,amazon.it,"Tritarifiuti con riduzione del rumore, Tritarifiuti alimentari con alimentazione continua da 0,75 HP, Tritarifiuti da cucina con attacco for lavastoviglie, Tritarifiuti alimentari da cucina ( Color :",397.63,https://www.amazon.it/dp/B0D1R878LS
2026-05-01,amazon.it,"Tritarifiuti con riduzione del rumore, Tritarifiuti alimentari con alimentazione continua da 0,75 HP, Tritarifiuti da cucina con attacco for lavastoviglie, Tritarifiuti alimentari da cucina ( Color :",397.63,https://www.amazon.it/dp/B0D1R7Z87N
2026-05-01,amazon.it,InSinkErator 11599H,207.17,https://www.amazon.it/dp/B000LE6YXC
2026-05-01,amazon.it,"Insinkerator STC-SN Sink Top Button, Satin Nickel by InSinkErator",40.46,https://www.amazon.it/dp/B0012QMXVU
2026-05-01,amazon.it,"InSinkErator STS-00 - Doppia presa per lavello, cromato e bianco",83.9,https://www.amazon.it/dp/B000BQO9XM
2026-05-01,amazon.it,Insinkerator,1251.92,https://www.amazon.it/dp/B07NDKT977
2026-05-01,pentoleprofessionali.it,Insinkerator EVOLUTION PLUS 1000 EC (ex modello EVOLUTION 200) - Dissipatore per rifiuti,700.0,https://www.pentoleprofessionali.it/it/insinkerator-insinkerator-dissipatore-per-rifiuti-mod-evolution-plus-1000-ec-ex-modello-evolution-200-1974100
2026-05-01,pentoleprofessionali.it,Insinkerator Dissipatore per rifiuti mod. EVOLUTION PLUS 750 EC - ex modello EVOLUTION 100,582.0,https://www.pentoleprofessionali.it/it/insinkerator-insinkerator-dissipatore-per-rifiuti-mod-evolution-plus-750-ec-ex-modello-evolution-100-1974750
2026-05-01,pentoleprofessionali.it,Insinkerator Dissipatore per rifiuti mod. PREMIUM 700 EC - ex modello ISE66,397.0,https://www.pentoleprofessionali.it/it/insinkerator-insinkerator-dissipatore-per-rifiuti-mod-premium-700-ec-ex-modello-ise66-1974700
2026-05-01,pentoleprofessionali.it,Insinkerator Dissipatore per rifiuti mod. PREMIUM 550 EC - ex modello ISE56,236.0,https://www.pentoleprofessionali.it/it/insinkerator-insinkerator-dissipatore-per-rifiuti-mod-premium-plus-550-ec-ex-modello-ise56-1974550
2026-05-01,pentoleprofessionali.it,Insinkerator Dissipatore per rifiuti mod. LC 50 PROFESSIONAL con Tappo Salvaposate 1975078,1090.0,https://www.pentoleprofessionali.it/it/insinkerator-insinkerator-dissipatore-per-rifiuti-mod-lc-50-professional-con-tappo-salvaposate-1975078-lc50professional
2026-05-01,pentoleprofessionali.it,Flangia per lavelli in marmo e pietra Insikerator,75.0,https://www.pentoleprofessionali.it/it/insinkerator-flangia-per-lavelli-in-marmo-e-pietra-insikerator-13367382
2026-05-01,pentoleprofessionali.it,Tappo salvaposate,35.0,https://www.pentoleprofessionali.it/it/insinkerator-tappo-salvaposate-13358360
2026-05-01,pentoleprofessionali.it,Insinkerator Dissipatore per rifiuti mod. Standard 460 SR (ex modello ISE46),235.0,https://www.pentoleprofessionali.it/it/insinkerator-dissipatore-per-rifiuti-mod-standard-460-sr-ex-modello-ise46-1976460
2026-05-01,bricobravo.com,Trade Shop - Decespugliatore A Batteria 48v Tagliabordi Elettrico Altezza Regolabile Per Giardini -,41.9,https://www.bricobravo.com/products/trade-shop-decespugliatore-a-batteria-21v-tagliabordi-elettrico-altezza-regolabile-per-giardini
2026-05-01,bricobravo.com,"Set salotto da esterno Arret, Salottino outdoor, Tavolo rettangolare allungabile con 8 sedie con braccioli, Made in Italy, Antracite",299.99,https://www.bricobravo.com/products/set-salotto-da-esterno-arret-salottino-outdoor-tavolo-rettangolare-allungabile-con-8-sedie-con-braccioli-made-in-italy-antracite
2026-05-01,bricobravo.com,Innoliving Ferro Da Stiro INN-681 con Generatore di Vapore Continuo,39.9,https://www.bricobravo.com/products/ferro-da-stiro-con-generatore-di-vapore-continuo-innoliving-inn-682
2026-05-01,bricobravo.com,Materasso Singolo 80x190 in Waterfoam  11 zone differenziate  Ortopedico,94.99,https://www.bricobravo.com/products/materasso-in-waterfoam-11-zone-differenziate-ortopedico-80x190-cod-etr6150
2026-05-01,bricobravo.com,Tritarifiuti Alimentari InSinkErator Advanced Evolution Plus 1000 EC,889.38,https://www.bricobravo.com/products/dissipatore-di-rifiuti-alimentari-insinkerator-advanced-evolution-plus-1000-ec
2026-05-01,bricobravo.com,Tritarifiuti Alimentari InSinkErator Power Premium 700 EC,483.12,https://www.bricobravo.com/products/dissipatore-di-rifiuti-alimentari-insinkerator-power-premium-700-ec
2026-05-01,bricobravo.com,Tritarifiuti Alimentari InSinkErator Power Premium 550 EC,315.98,https://www.bricobravo.com/products/dissipatore-di-rifiuti-alimentari-insinkerator-power-premium-550-ec
2026-05-01,bricobravo.com,"InSinkErator dissipatore Advanced Evolution Plus 1000 SR, 1 HP, SoundSeal, MultiFase 4 fasi, 980 ml, pulsante pneumatico",1168.49,https://www.bricobravo.com/products/insinkerator-dissipatore-advanced-evolution-plus-1000-sr-1-hp-soundseal-multifase-4-fasi-980-ml-pulsante-pneumatico
2026-05-01,amazon.it,"InSinkErator 77969 modello 46 smaltimento dei rifiuti, colore: nero",174.4,https://www.amazon.it/dp/B016MYRXWU
2026-05-01,amazon.it,"InSinkErator Badger 500, Smaltimento rifiuti da cucina ad alimentazione continua da 1/2 HP, serie Badger BADGER 500",168.93,https://www.amazon.it/dp/B0FLZNGPRP
2026-05-01,amazon.it,"Artist CNTR333 smaltimento rifiuti, Nero",282.84,https://www.amazon.it/dp/B083JCQWMJ
2026-05-01,amazon.it,"InSinkErator Sistema di smaltimento dei rifiuti Alimentari, Acciaio Inossidabile, Rosso, 31,1 x 22 x 31,1 cm",504.2,https://www.amazon.it/dp/B0B3NB7M4P
2026-05-01,amazon.it,"InSinkErator in-Sink-ERATOR/MASTERPLUMBER MP 1/2HP Dissipatore Rifiuti, Acciaio Legato, 1",196.76,https://www.amazon.it/dp/B0009SNSN4
2026-05-01,amazon.it,"Dissipatore di rifiuti alimentari con interruttore dell'aria, 560 W per lo smaltimento dei rifiuti sotto il lavandino, capacità 1200 ml, 3400 giri/min, protezione dal rumore e protezione da",127.81,https://www.amazon.it/dp/B0FRF2SH4J
2026-05-01,amazon.it,Waste King - Tritarifuti da lavello,203.3,https://www.amazon.it/dp/B000LNIK6C
2026-05-01,amazon.it,"InSinkErator pro750 Cord Pro Series 3/4 HP Food Waste Disposal with Evolution Series Technology, Power Cord included by Insinkerator",388.3,https://www.amazon.it/dp/B00DP0FQSI
2026-05-01,amazon.it,"InSinkErator Black Evolution Series - Deflettore per lavello, antimicrobico, silenzioso, QCB",26.9,https://www.amazon.it/dp/B000GX34AE
2026-05-01,amazon.it,Insinkerator 71498 - Pezzo di tritarifiuti,37.82,https://www.amazon.it/dp/B00AG2IWJI
2026-05-01,amazon.it,InSinkErator STP-DS - Tappo per lavello in acciaio INOX lucido,54.36,https://www.amazon.it/dp/B0015JEGR8
2026-05-01,amazon.it,"Tritarifiuti, Tritarifiuti Alimentari da 560 W, capacità 1200 ml con 7 Livelli di Macinazione e Protezione da Sovratemperatura, Detergente da 3800 Giri/Min, per sotto Il Lavello della Cucina",338.81,https://www.amazon.it/dp/B0DRCKG21N
2026-05-01,amazon.it,"Pulsante per lo smaltimento dei rifiuti, pulsante per lo smaltimento dei rifiuti con tubo dell'aria, interruttore superiore del lavandino per lo smaltimento dei rifiuti InSinkErator, argento",20.84,https://www.amazon.it/dp/B0CH3LLV9C
2026-05-01,amazon.it,"InSinkErator Badger 5 Smaltimento dei rifiuti con cavo di alimentazione, serie standard 1/2 HP Dissipatore di rifiuti alimentari a alimentazione continua, tasso 5 W/C, senza dimensioni, nero/grigio",172.3,https://www.amazon.it/dp/B00PM8STLM
2026-05-01,amazon.it,InSinkErator HWT300 InSinkErator HWT300 Serbatoio dell'acqua calda istantanea digitale,637.36,https://www.amazon.it/dp/B08P5Q17XT
2026-05-01,amazon.it,"Tritarifiuti Alimentari da 1,2 Litri con Interruttore dell'Aria, Tritarifiuti Alimentari da 560 W per Lavello, Tritarifiuti con Protezione da Sovraccarico, Pattumiera per Rifiuti Alimentari Adatt red",192.28,https://www.amazon.it/dp/B0G58VP545
2026-05-01,amazon.it,"Tritarifiuti Per Rifiuti Alimentari Domestici Smaltimento Rifiuti Lavello Per Cucina Smaltitore Di Rifiuti Alimentari Smerigliatrice Per Alimenti Alimentazione Continua 4000 RPM 0,7 CV",386.96,https://www.amazon.it/dp/B0BG453YZT
2026-05-01,amazon.it,"Eco Logic el-10-ds-bk 10 designer Series Tritarifiuti alimentare con nero Sink flange, 1 – 1/4 HP",201.97,https://www.amazon.it/dp/B01N3UZB1K
2026-05-01,amazon.it,Hemobllo Gomma Per Tritarifiuti Alimentari Protezione Anti-spruzzi Di Ricambio Per Tritarifiuti Facile Da Installare E Manutenere,11.09,https://www.amazon.it/dp/B0DFMRJPCH
2026-05-01,amazon.it,"Tritarifiuti Alimentari da 560 W, 3800 R/min, con 7 Livelli di Macinazione e Protezione da Sovratemperatura, Acciaio Inossidabile Serie Titanio, Tritarifiuti con capacità di 1200 Ml",338.81,https://www.amazon.it/dp/B0DRCM6GWY
2026-05-01,amazon.it,"Frigidaire Smaltimento dei rifiuti con filo da 1/3 HP per lavelli da cucina | FF03DISPC1, grigio",115.22,https://www.amazon.it/dp/B08SDQX77Q
2026-05-01,amazon.it,"InSinkErator H250SN-SS HOT250 (Instant Hot Water Dispenser, Nichel Satinato",395.52,https://www.amazon.it/dp/B0C6WFW1RP
2026-05-01,amazon.it,InSinkErator FH3020MBLK InSinkErator FH3020 Showroom Collection Distributore di acqua calda,544.04,https://www.amazon.it/dp/B097YZF3YY
2026-05-01,amazon.it,Insinkerator 14663 Trituratore stazionario,438.19,https://www.amazon.it/dp/B009Z295CI
2026-05-01,amazon.it,"Tritarifiuti 1/2 HP, Alimentazione Tritarifiuti Compatto, con Motore ad Alta Potenza da 375 W, 2800 Giri/min, Tritarifiuti per lavello da 1,4 L, con Cavo di prealimentazione, paraspruzzi, Tappo",168.95,https://www.amazon.it/dp/B0DRSKB6H1
2026-05-01,amazon.it,"Smaltimento rifiuti, Smaltimento rifiuti alimentari ad alimentazione continua, Tritarifiuti da cucina da 560 W, Processore for rifiuti da cucina con capacità 1200 ML con interruttore wireless Fornitur",367.22,https://www.amazon.it/dp/B0D1V1923R
2026-05-01,amazon.it,"Tritarifiuti, Smaltimento Rifiuti Alimentari ad Alimentazione Continua, Tritarifiuti da Cucina da 560 W con Collegamento for Lavastoviglie, Processore for Rifiuti da Cucina con Capacità 1200 ML con In",307.0,https://www.amazon.it/dp/B0D1TYM7YD
2026-05-01,amazon.it,"Tritarifiuti con riduzione del rumore, Smaltitore di rifiuti alimentari ad alimentazione continua da 0,7 HP 4000 giri/min, Tritarifiuti da cucina con attacco for lavastoviglie, Tritarifiuti da cucina",315.63,https://www.amazon.it/dp/B0D1R86W5L
2026-05-01,amazon.it,InSinkErator 11599H,203.94,https://www.amazon.it/dp/B000LE6YXC
2026-05-01,amazon.it,"Deflettore QCB-AM per lavello, ricambio per smaltimento rifiuti InSinkErator, paraspruzzi da 8,3 cm, tappi di scarico rimovibili silenziosi, nero",14.4,https://www.amazon.it/dp/B0CB8QND6Q
2026-05-01,amazon.it,InSinkErator 75257 Tappo magnetico,59.29,https://www.amazon.it/dp/B00FW77JUA
2026-05-01,amazon.it,INSINKERATOR FDT-00 - Tubo di scarico,47.08,https://www.amazon.it/dp/B00084U29C
2026-05-01,amazon.it,InSinkErator 8301 - Kit connessione lavastoviglie,23.3,https://www.amazon.it/dp/B000CCINKK
2026-05-01,amazon.it,"75257 Tappo magnetico per lo smaltimento dei rifiuti compatibile con InSinkErator 75052, 74094, 74052, 74275 - Nero",30.81,https://www.amazon.it/dp/B0CS2FJX75
2026-05-01,amazon.it,"Tritarifiuti con riduzione del rumore, Tritarifiuti alimentari con alimentazione continua da 0,75 HP, Tritarifiuti da cucina con attacco for lavastoviglie, Tritarifiuti alimentari da cucina ( Color :",397.63,https://www.amazon.it/dp/B0D1R878LS
2026-05-01,amazon.it,"Tritarifiuti con riduzione del rumore, Tritarifiuti alimentari con alimentazione continua da 0,75 HP, Tritarifiuti da cucina con attacco for lavastoviglie, Tritarifiuti alimentari da cucina ( Color :",397.63,https://www.amazon.it/dp/B0D1R7Z87N
2026-05-01,amazon.it,Insinkerator,1268.28,https://www.amazon.it/dp/B07NDKT977
2026-05-01,trovaincasso.it,"Insinkerator 1974550 Dissipatore  EVOLUTION PLUS 550 EC Tecnologia a due fasi - Potenza 0,55 HP",264.74,https://www.trovaincasso.it/quickview/index/view/id/27239
2026-05-01,trovaincasso.it,"Insinkerator 1974700 Dissipatore  PREMIUM 700 EC. Tecnologia a due fasi Potenza 0,75 HP Con tappo salvaposate",435.54,https://www.trovaincasso.it/quickview/index/view/id/27240
2026-05-01,trovaincasso.it,"Insinkerator 1974750 Dissipatore ADVANCED EVOLUTION PLUS 750 EC. Tecnologia a tre fasi - Potenza 0,75 HP - Con tappo salvaposate",656.36,https://www.trovaincasso.it/quickview/index/view/id/27241
2026-05-01,trovaincasso.it,"Insinkerator 1974100 Dissipatore ADVANCED EVOLUTION PLUS 1000 EC - Tecnologia a 4 fasi - Potenza 1,00 HP  - Con tappo salvaposate",824.72,https://www.trovaincasso.it/quickview/index/view/id/27242
2026-05-01,trovaincasso.it,Insinkerator ART. 1975078 MODELLO LC-50 PROFESSIONAL Dissipatore ecologico professionale con tappo salvaposate,1150.46,https://www.trovaincasso.it/quickview/index/view/id/27243
2026-05-01,trovaincasso.it,Insinkerator ART. 1975075 Tappo salvaposate,34.16,https://www.trovaincasso.it/quickview/index/view/id/27244
2026-05-01,trovaincasso.it,Insinkerator ART. 1975511 Kit raccordo lavastoviglie,39.04,https://www.trovaincasso.it/quickview/index/view/id/27246
2026-05-01,trovaincasso.it,Insinkerator ART. 1975512 Kit collegamento troppopieno,61.0,https://www.trovaincasso.it/quickview/index/view/id/27247
2026-05-01,trovaincasso.it,Insinkerator 1508165 Blancocare Liquido concentrato per gli scarichi,67.1,https://www.trovaincasso.it/quickview/index/view/id/27248
2026-05-01,trovaincasso.it,Insinkerator ART. 1975491 Kit collarino lavelli in marmo fino a spessore 50 mm.,73.2,https://www.trovaincasso.it/quickview/index/view/id/27245
2026-05-01,pentoleprofessionali.it,Insinkerator EVOLUTION PLUS 1000 EC (ex modello EVOLUTION 200) - Dissipatore per rifiuti,700.0,https://www.pentoleprofessionali.it/it/insinkerator-insinkerator-dissipatore-per-rifiuti-mod-evolution-plus-1000-ec-ex-modello-evolution-200-1974100
2026-05-01,pentoleprofessionali.it,Insinkerator Dissipatore per rifiuti mod. EVOLUTION PLUS 750 EC - ex modello EVOLUTION 100,582.0,https://www.pentoleprofessionali.it/it/insinkerator-insinkerator-dissipatore-per-rifiuti-mod-evolution-plus-750-ec-ex-modello-evolution-100-1974750
2026-05-01,pentoleprofessionali.it,Insinkerator Dissipatore per rifiuti mod. PREMIUM 700 EC - ex modello ISE66,397.0,https://www.pentoleprofessionali.it/it/insinkerator-insinkerator-dissipatore-per-rifiuti-mod-premium-700-ec-ex-modello-ise66-1974700
2026-05-01,pentoleprofessionali.it,Insinkerator Dissipatore per rifiuti mod. PREMIUM 550 EC - ex modello ISE56,236.0,https://www.pentoleprofessionali.it/it/insinkerator-insinkerator-dissipatore-per-rifiuti-mod-premium-plus-550-ec-ex-modello-ise56-1974550
2026-05-01,pentoleprofessionali.it,Insinkerator Dissipatore per rifiuti mod. LC 50 PROFESSIONAL con Tappo Salvaposate 1975078,1090.0,https://www.pentoleprofessionali.it/it/insinkerator-insinkerator-dissipatore-per-rifiuti-mod-lc-50-professional-con-tappo-salvaposate-1975078-lc50professional
2026-05-01,pentoleprofessionali.it,Flangia per lavelli in marmo e pietra Insikerator,75.0,https://www.pentoleprofessionali.it/it/insinkerator-flangia-per-lavelli-in-marmo-e-pietra-insikerator-13367382
2026-05-01,pentoleprofessionali.it,Tappo salvaposate,35.0,https://www.pentoleprofessionali.it/it/insinkerator-tappo-salvaposate-13358360
2026-05-01,pentoleprofessionali.it,Insinkerator Dissipatore per rifiuti mod. Standard 460 SR (ex modello ISE46),235.0,https://www.pentoleprofessionali.it/it/insinkerator-dissipatore-per-rifiuti-mod-standard-460-sr-ex-modello-ise46-1976460
2026-05-01,bricobravo.com,Trade Shop - Decespugliatore A Batteria 48v Tagliabordi Elettrico Altezza Regolabile Per Giardini -,41.9,https://www.bricobravo.com/products/trade-shop-decespugliatore-a-batteria-21v-tagliabordi-elettrico-altezza-regolabile-per-giardini
2026-05-01,bricobravo.com,"Set salotto da esterno Arret, Salottino outdoor, Tavolo rettangolare allungabile con 8 sedie con braccioli, Made in Italy, Antracite",299.99,https://www.bricobravo.com/products/set-salotto-da-esterno-arret-salottino-outdoor-tavolo-rettangolare-allungabile-con-8-sedie-con-braccioli-made-in-italy-antracite
2026-05-01,bricobravo.com,Innoliving Ferro Da Stiro INN-681 con Generatore di Vapore Continuo,39.9,https://www.bricobravo.com/products/ferro-da-stiro-con-generatore-di-vapore-continuo-innoliving-inn-682
2026-05-01,bricobravo.com,Materasso Singolo 80x190 in Waterfoam  11 zone differenziate  Ortopedico,94.99,https://www.bricobravo.com/products/materasso-in-waterfoam-11-zone-differenziate-ortopedico-80x190-cod-etr6150
2026-05-01,bricobravo.com,Tritarifiuti Alimentari InSinkErator Advanced Evolution Plus 1000 EC,889.38,https://www.bricobravo.com/products/dissipatore-di-rifiuti-alimentari-insinkerator-advanced-evolution-plus-1000-ec
2026-05-01,bricobravo.com,Tritarifiuti Alimentari InSinkErator Power Premium 700 EC,483.12,https://www.bricobravo.com/products/dissipatore-di-rifiuti-alimentari-insinkerator-power-premium-700-ec
2026-05-01,bricobravo.com,Tritarifiuti Alimentari InSinkErator Power Premium 550 EC,315.98,https://www.bricobravo.com/products/dissipatore-di-rifiuti-alimentari-insinkerator-power-premium-550-ec
2026-05-01,bricobravo.com,"InSinkErator dissipatore Advanced Evolution Plus 1000 SR, 1 HP, SoundSeal, MultiFase 4 fasi, 980 ml, pulsante pneumatico",1168.49,https://www.bricobravo.com/products/insinkerator-dissipatore-advanced-evolution-plus-1000-sr-1-hp-soundseal-multifase-4-fasi-980-ml-pulsante-pneumatico
2026-05-01,lineadaincasso.it,Insinkerator 1975075,24.4,https://www.lineadaincasso.it/accessori/18199-insinkerator-1975075-1000019750759.html
2026-05-01,lineadaincasso.it,Insinkerator 1975491,55.51,https://www.lineadaincasso.it/accessori/18200-insinkerator-1975491-1000019754917.html
2026-05-01,lineadaincasso.it,Insinkerator 1508164,50.63,https://www.lineadaincasso.it/accessori/18201-insinkerator-1508164-1000015081642.html
2026-05-01,lineadaincasso.it,Insinkerator 1975512,28.67,https://www.lineadaincasso.it/accessori/18202-insinkerator-1975512-1000019755129.html
2026-05-01,lineadaincasso.it,Insinkerator 1975511,45.75,https://www.lineadaincasso.it/accessori/18203-insinkerator-1975511-1000019755112.html
2026-05-01,lineadaincasso.it,Insinkerator 1508165,48.8,https://www.lineadaincasso.it/accessori/18204-insinkerator-1508165-1000015081659.html
2026-05-01,lineadaincasso.it,Insinkerator 1975556...,775.92,https://www.lineadaincasso.it/accessori/18209-insinkerator-1975556-elemento-riscaldante-neotank-per-erogatori-1000019755563.html
2026-05-01,lineadaincasso.it,Insinkerator 1975527...,1032.73,https://www.lineadaincasso.it/accessori/18216-insinkerator-1975527-elemento-refrigeratore-neo-chiller-per-erogatori-1000019755273.html
2026-05-01,lineadaincasso.it,Insinkerator 1976100...,899.75,https://www.lineadaincasso.it/dissipatori/18296-insinkerator-1976100-advanced-evolution-plus-1000-sr-1000019761007.html
2026-05-01,lineadaincasso.it,Insinkerator 1974550...,225.7,https://www.lineadaincasso.it/dissipatori/17835-insinkerator-1974550-evolution-plus-550-ec-1000019745502.html
2026-05-01,lineadaincasso.it,Insinkerator 1974700...,368.44,https://www.lineadaincasso.it/dissipatori/17836-insinkerator-1974700-premium-700-ec-1000019747001.html
2026-05-01,lineadaincasso.it,Insinkerator 1974750...,558.76,https://www.lineadaincasso.it/dissipatori/17837-insinkerator-1974750-evolution-plus-750-ec-1000019747506.html
2026-05-01,lineadaincasso.it,Insinkerator 1974100...,695.4,https://www.lineadaincasso.it/dissipatori/17838-insinkerator-1974100-evolution-plus-1000-ec-1000019741009.html
2026-05-01,lineadaincasso.it,Insinkerator 1975078 LC 50...,999.79,https://www.lineadaincasso.it/dissipatori/17839-insinkerator-1975078-lc-50-professional-con-tappo-salvaposate-1000019750780.html
2026-05-01,lineadaincasso.it,Insinkerator 1975520  GN...,333.67,https://www.lineadaincasso.it/miscelatori/18205-insinkerator-1975520-gn-1100-hot-cromato-1000019755204.html
2026-05-01,lineadaincasso.it,Insinkerator 1975541 GN...,524.6,https://www.lineadaincasso.it/miscelatori/18206-insinkerator-1975541-gn-1100-hot-effetto-inox-1000019755419.html
2026-05-01,lineadaincasso.it,Insinkerator 1975518 HC...,446.52,https://www.lineadaincasso.it/miscelatori/18207-insinkerator-1975518-hc-1100-hotcold-cromato-1000019755181.html
2026-05-01,lineadaincasso.it,Insinkerator 1975542 HC...,762.5,https://www.lineadaincasso.it/miscelatori/18208-insinkerator-1975541-hc-1100-hotcold-effetto-inox-1000019755426.html
2026-05-01,lineadaincasso.it,Insinkerator 1975522 H 3300...,453.84,https://www.lineadaincasso.it/miscelatori/18210-insinkerator-1975522-h-3300-hot-cromato-1000019755228.html
2026-05-01,lineadaincasso.it,Insinkerator 1975543 H 3300...,539.85,https://www.lineadaincasso.it/miscelatori/18211-insinkerator-1975543-h-3300-hot-nero-1000019755433.html
2026-05-01,lineadaincasso.it,Insinkerator 1975532 H 3300...,667.95,https://www.lineadaincasso.it/miscelatori/18212-insinkerator-1975532-h-3300-hot-effetto-inox-1000019755327.html
2026-05-01,lineadaincasso.it,Insinkerator 1975521 HC...,664.9,https://www.lineadaincasso.it/miscelatori/18213-insinkerator-1975521-hc-3300-hotcold-cromato-1000019755211.html
2026-05-01,lineadaincasso.it,Insinkerator 1975544 HC...,742.98,https://www.lineadaincasso.it/miscelatori/18214-insinkerator-1975544-hc-3300-hotcold-nero-1000019755440.html
2026-05-01,lineadaincasso.it,Insinkerator 1975545 HC...,864.37,https://www.lineadaincasso.it/miscelatori/18215-insinkerator-1975545-hc-3300-hotcold-effetto-inox-1000019755457.html
2026-05-01,lineadaincasso.it,Insinkerator 1975557 - 4in1...,1399.95,https://www.lineadaincasso.it/miscelatori/18217-insinkerator-1975557-4in1-l-shape-velvet-black-1000019755570.html
2026-05-01,lineadaincasso.it,Insinkerator 1976550 POWER...,279.99,https://www.lineadaincasso.it/dissipatori/18293-insinkerator-1976550-power-premium-550-sr-1000019765500.html
2026-05-01,lineadaincasso.it,Insinkerator 1976700 POWER...,481.9,https://www.lineadaincasso.it/dissipatori/18294-insinkerator-1976700-power-premium-700-sr-1000019767009.html
2026-05-01,lineadaincasso.it,Insinkerator 1976750...,677.71,https://www.lineadaincasso.it/dissipatori/18295-insinkerator-1976750-advanced-evolution-plus-750-sr-1000019767504.html
2026-05-01,lineadaincasso.it,Insinkerator 1976460...,219.6,https://www.lineadaincasso.it/dissipatori/18297-insinkerator-1976460-standard-460sr-1000019764602.html
2026-05-01,opportunitycommerce.com,PRONTA CONSEGNA - Insinkerator Erogatore di acqua bollente e fredda 3N1 1975525 finitura cromato,366.01,https://www.opportunitycommerce.com/it/sistemi-per-il-trattamento-dell-acqua/9489-insinkerator-erogatore-di-acqua-bollente-e-fredda-3n1-1975525-finitura-cromato-1000019755259.html
2026-05-01,opportunitycommerce.com,Insinkerator Erogatore di acqua bollente e fredda HC3300 1975521 finitura cromato,706.01,https://www.opportunitycommerce.com/it/sistemi-per-il-trattamento-dell-acqua/9490-insinkerator-erogatore-di-acqua-bollente-e-fredda-hc3300-1975521-finitura-cromato-1000019755211.html
2026-05-01,opportunitycommerce.com,Insinkerator Erogatore di acqua bollente H3300 1975522 finitura cromato,501.63,https://www.opportunitycommerce.com/it/sistemi-per-il-trattamento-dell-acqua/9491-insinkerator-erogatore-di-acqua-bollente-h3300-1975522-finitura-cromato-50375017028.html
2026-05-01,opportunitycommerce.com,Insinkerator Erogatore di acqua bollente e fredda HC1100 1975518 finitura cromato,517.12,https://www.opportunitycommerce.com/it/sistemi-per-il-trattamento-dell-acqua/9492-insinkerator-erogatore-di-acqua-bollente-e-fredda-hc1100-1975518-finitura-cromato-1000019755181.html
2026-05-01,opportunitycommerce.com,Insinkerator Erogatore di acqua bollente GN1100 1975520 finitura cromato,383.97,https://www.opportunitycommerce.com/it/sistemi-per-il-trattamento-dell-acqua/9493-insinkerator-erogatore-di-acqua-bollente-gn1100-1975520-finitura-cromato-1000019755204.html
2026-05-01,opportunitycommerce.com,PRONTA CONSEGNA - Insinkerator Kit collarino 1975491,68.44,https://www.opportunitycommerce.com/it/accessori-tritarifiuti/9497-insinkerator-kit-collarino-1975491-1000019754917.html
2026-05-01,opportunitycommerce.com,PRONTA CONSEGNA - Insinkerator Interruttore magnetico 1975077,165.04,https://www.opportunitycommerce.com/it/accessori-tritarifiuti/9498-insinkerator-interruttore-magnetico-1975077-1000019750773.html
2026-05-01,opportunitycommerce.com,Insinkerator IN Dissipatore 1972046 - Modello 46,179.23,https://www.opportunitycommerce.com/it/tritarifiuti/9501-insinkerator-in-dissipatore-1972046-modello-46-50375019978.html
2026-05-01,opportunitycommerce.com,Insinkerator IN Dissipatore 1971100 - Evolution 100,541.69,https://www.opportunitycommerce.com/it/tritarifiuti/9504-insinkerator-in-dissipatore-1971100-evolution-100-1000019711002.html
2026-05-01,opportunitycommerce.com,PRONTA CONSEGNA - Insinkerator IN Dissipatore ecologico con tappo salvaposate 1974100 - Evolution Plus 1000 EC,742.99,https://www.opportunitycommerce.com/it/tritarifiuti/36003-insinkerator-in-dissipatore-ecologico-con-tappo-salvaposate-1974100-evolution-plus-1000-ec-1000019741009.html
2026-05-01,opportunitycommerce.com,PRONTA CONSEGNA - Insinkerator IN Dissipatore ecologico con tappo salvaposate 1974750 - Evolution Plus 750 EC,658.81,https://www.opportunitycommerce.com/it/tritarifiuti/36004-insinkerator-in-dissipatore-ecologico-con-tappo-salvaposate-1974750-evolution-plus-750-ec-1000019747506.html
2026-05-01,opportunitycommerce.com,Insinkerator IN Dissipatore ecologico con tappo salvaposate 1974700 - Premium 700 EC,475.81,https://www.opportunitycommerce.com/it/tritarifiuti/36005-insinkerator-in-dissipatore-ecologico-con-tappo-salvaposate-1974700-premium-700-ec-1000019747001.html
2026-05-01,opportunitycommerce.com,Insinkerator IN Dissipatore ecologico con tappo salvaposate 1974550 - Premium 550 EC,309.28,https://www.opportunitycommerce.com/it/tritarifiuti/36006-insinkerator-in-dissipatore-ecologico-con-tappo-salvaposate-1974550-premium-550-ec-1000019745502.html
2026-05-01,opportunitycommerce.com,PRONTA CONSEGNA - Insinkerator IN Dissipatore 1976550 - Premium 550 SR,778.37,https://www.opportunitycommerce.com/it/tritarifiuti/36378-insinkerator-dissipatore-1976550-premium-550-sr-1230000104449.html
2026-05-01,opportunitycommerce.com,PRONTA CONSEGNA - Insinkerator IN Dissipatore 1976750 - Evolution Plus 750 SR,849.14,https://www.opportunitycommerce.com/it/tritarifiuti/36379-insinkerator-dissipatore-1976750-evolution-plus-750-sr-1230000104562.html
2026-05-01,opportunitycommerce.com,PRONTA CONSEGNA - Insinkerator IN Dissipatore 1976100 - Evolution Plus 1000 SR,1103.88,https://www.opportunitycommerce.com/it/tritarifiuti/36380-insinkerator-dissipatore-1976100-evolution-plus-1000-sr-1230000104623.html
2026-05-01,opportunitycommerce.com,PRONTA CONSEGNA - Insinkerator IN Dissipatore 1976460 - Standard 460 SR,307.69,https://www.opportunitycommerce.com/it/tritarifiuti/36381-insinkerator-dissipatore-1976460-standard-460-sr-1000019764602.html
2026-05-01,opportunitycommerce.com,Insinkerator Elemento riscaldante 1975556,857.01,https://www.opportunitycommerce.com/it/accessori-per-sistemi-di-trattamento-dell-acqua/36597-insinkerator-elemento-riscaldante-1975556-50375020905.html
2026-05-01,climaconvenienza.it,Tritarifiuti Alimentari InSinkErator Power Premium 700 EC,387.0,https://www.climaconvenienza.it/products/insinkerator-dissipatore-di-rifiuti-alimentari-insinkerator-power-premium-700-ec
2026-05-01,climaconvenienza.it,Tritarifiuti Alimentari InSinkErator Power Premium 550 EC,250.0,https://www.climaconvenienza.it/products/insinkerator-dissipatore-di-rifiuti-alimentari-insinkerator-power-premium-550-ec
2026-05-01,climaconvenienza.it,Tritarifiuti Alimentari InSinkErator Advanced Evolution Plus 1000 EC,720.0,https://www.climaconvenienza.it/products/insinkerator-dissipatore-di-rifiuti-alimentari-insinkerator-advanced-evolution-plus-1000-ec
2026-05-01,climaconvenienza.it,Miscelatore doccia ad incasso Nobili ABC cromato,89.0,https://www.climaconvenienza.it/products/nobili-miscelatore-doccia-ad-incasso-nobili-abc-cromato
2026-05-01,climaconvenienza.it,Miscelatore doccia ad incasso con deviatore Nobili YOYO,115.0,https://www.climaconvenienza.it/products/nobili-miscelatore-doccia-ad-incasso-con-deviatore-nobili-yoyo
2026-05-01,climaconvenienza.it,Box da Incasso Fondital Entry Level per Caldaia Ischia IN KC,165.0,https://www.climaconvenienza.it/products/fondital-box-da-incasso-fondital-entry-level-per-caldaia-ischia-in-kc
2026-05-01,climaconvenienza.it,Tritarifiuti Alimentari InSinkErator serie M Modello 56,219.0,https://www.climaconvenienza.it/products/in-sink-erator-dissipatore-di-rifiuti-alimentari-tritarifiuti-insinkerator-serie-m-mod-56
2026-05-01,climaconvenienza.it,Dissipatore di rifiuti alimentari Tritarifiuti InSinkErator Serie M Mod. 46,155.0,https://www.climaconvenienza.it/products/in-sink-erator-dissipatore-di-rifiuti-alimentari-tritarifiuti-insinkerator-serie-m-mod-46
2026-05-01,amazon.it,"Insinkerator Premium 550 EC - Tritatutto per rifiuti da cucina con motore a induzione da 0,5 CV e interruttore dell'aria",360.0,https://www.amazon.it/dp/B00CWY2KFA
2026-05-01,amazon.it,"Insinkerator Premium 700 EC - Tritatutto per rifiuti da cucina con motore a induzione da 0,75 CV e interruttore dell'aria",509.0,https://www.amazon.it/dp/B00CWY2M3A
2026-05-01,amazon.it,"Insinkerator Evolution Plus 750 EC - Tritatutto da cucina con motore a induzione da 0,75 CV con interruttore dell'aria",665.0,https://www.amazon.it/dp/B00CWY2RDU
2026-05-01,amazon.it,Insinkerator Evolution Plus 1000 EC - Tritatutto da cucina con motore a induzione da 1 CV con interruttore dell'aria,889.0,https://www.amazon.it/dp/B00CWY2T2E
2026-05-01,amazon.it,InSinkErator Standard 460,299.0,https://www.amazon.it/dp/B00CWY2DJ8
2026-05-01,amazon.it,"InSinkErator 77969 modello 46 smaltimento dei rifiuti, colore: nero",174.4,https://www.amazon.it/dp/B016MYRXWU
2026-05-01,amazon.it,"InSinkErator Badger 500, Smaltimento rifiuti da cucina ad alimentazione continua da 1/2 HP, serie Badger BADGER 500",168.93,https://www.amazon.it/dp/B0FLZNGPRP
2026-05-01,amazon.it,"InSinkErator Sistema di smaltimento dei rifiuti Alimentari, Acciaio Inossidabile, Rosso, 31,1 x 22 x 31,1 cm",615.13,https://www.amazon.it/dp/B0B3NB7M4P
2026-05-01,amazon.it,"Artist CNTR333 smaltimento rifiuti, Nero",345.05,https://www.amazon.it/dp/B083JCQWMJ
2026-05-01,amazon.it,"Smaltimento Rifiuti, Tritarifiuti Alimentare, Tritarifiuti per Lavello Cucina, Acciaio Inossidabile, 7.5 HP 2800 giri/min, Tritarifiuti Magnetico, Silenzioso con Interruttore, Tritarifiuti Alimentari.",178.85,https://www.amazon.it/dp/B0DDTP4BVH
2026-05-01,amazon.it,"InSinkErator in-Sink-ERATOR/MASTERPLUMBER MP 1/2HP Dissipatore Rifiuti, Acciaio Legato, 1",196.76,https://www.amazon.it/dp/B0009SNSN4
2026-05-01,amazon.it,"VEVOR Tritarifiuti per Lavello da Cucina, 0,74 kW, Sistema di Smaltimento Rifiuti Alimentari in Acciaio Inox, Motore CC, Supporto EZ, 3960 giri/min, con Cavo di Alimentazione, Paraspruzzi per la Casa",112.03,https://www.amazon.it/dp/B0DPPCWRYZ
2026-05-01,amazon.it,"InSinkErator Black Evolution Series - Deflettore per lavello, antimicrobico, silenzioso, QCB",19.95,https://www.amazon.it/dp/B000GX34AE
2026-05-01,amazon.it,"BLANCO FWD Lite | Tritatutto da cucina 0,5 CV | Smaltimento rifiuti per lavello in cucina | Tritatutto per lo smaltimento di residui di cibo e rifiuti alimentari | Capacità 900 ml",238.1,https://www.amazon.it/dp/B0BLW383VW
2026-05-01,amazon.it,"VEVOR Tritarifiuti per Lavello da Cucina, 0,74 kW, Sistema di Smaltimento Rifiuti Alimentari in Acciaio Inox, Motore CC, Supporto EZ, 3960 giri/min, con Cavo di Alimentazione, Paraspruzzi per la Casa",112.03,https://www.amazon.it/dp/B0DPPCWRYZ
2026-05-01,amazon.it,"VEVOR Tritarifiuti per Lavello da Cucina, 0,37 kW, Sistema di Smaltimento Rifiuti Alimentari in Acciaio Inox, Motore CC, Supporto EZ, 3820 giri/min, con Cavo di Alimentazione, Paraspruzzi per la Casa",76.9,https://www.amazon.it/dp/B0DPPKBZ9L
2026-05-01,amazon.it,"VEVOR Tritarifiuti per Lavello da Cucina, 0,559 kW, Sistema di Smaltimento Rifiuti Alimentari in Acciaio Inox, Supporto EZ, 3930 giri/min, con Cavo di Alimentazione Motore CC, Paraspruzzi per la Casa",94.99,https://www.amazon.it/dp/B0DPPG5X9N
2026-05-01,amazon.it,Insinkerator 71498 - Pezzo di tritarifiuti,37.82,https://www.amazon.it/dp/B00AG2IWJI
2026-05-01,amazon.it,"INSINKERATOR LEDefense Flangia per lo smaltimento dei rifiuti, accessorio antimicrobico LED per smaltimento rifiuti INSINKERATOR, FLG-SS-LED",128.87,https://www.amazon.it/dp/B0G7QBHVPB
2026-05-01,amazon.it,"Tbest 2 Pezzi Copertura Antischizzi in Silicone per Tritarifiuti Compatibile con InSinkErator, 87mm Diametro Esterno",21.92,https://www.amazon.it/dp/B0C3NGZP72
2026-05-01,amazon.it,"VEVOR Tritarifiuti per Lavello da Cucina, 0,37 kW, Sistema di Smaltimento Rifiuti Alimentari in Acciaio Inox, Motore CC, Supporto EZ, 3820 giri/min, con Cavo di Alimentazione, Paraspruzzi per la Casa",76.9,https://www.amazon.it/dp/B0DPPKBZ9L
2026-05-01,amazon.it,"Smaltimento Rifiuti, Tritarifiuti Alimentare, Tritarifiuti per Lavello Cucina, Acciaio Inossidabile, 3/4 HP 3200 rpm, Tritarifiuti Magnetico, Silenzioso con Interruttore, Tritarifiuti Alimentari.",168.85,https://www.amazon.it/dp/B0DTJ3Z6GD
2026-05-01,amazon.it,"2Pezzi Deflettore per Lavello con Piastra Antispruzzo per lo Smaltimento dei Rifiuti, Coperchio Antispruzzo per Dissipatore di Rifiuti in Silicone Adatto per InSink-Erator con Diametro Esterno di 87m",20.89,https://www.amazon.it/dp/B08QMXSXPD
2026-05-01,amazon.it,"VEVOR Tritarifiuti per Lavello da Cucina, 0,37 kW, Sistema di Smaltimento Rifiuti Alimentari in Acciaio Inox, Montaggio 3 Bulloni, 3820 giri/min, con Cavo di Alimentazione, Paraspruzzi per la Casa",91.99,https://www.amazon.it/dp/B0DPP8VV8Y
2026-05-01,amazon.it,"Fdit 2 Pezzi Copertura Antispruzzo per Tritarifiuti, Compatibile con, Diametro 87 mm, Tappo Silicone per Lavello",16.43,https://www.amazon.it/dp/B08THCCMKK
2026-05-01,amazon.it,"Tritarifiuti in Acciaio Inox, Tritarifiuti per Avanzi di Cucina da 1000 Ml, Protezione Acustica, Tritarifiuti per Rifiuti Alimentari da Cucina Sottolavello, 3/4 HP",196.99,https://www.amazon.it/dp/B0FNMLGWMV
2026-05-01,amazon.it,InSinkErator STP-DS - Tappo per lavello in acciaio INOX lucido,54.74,https://www.amazon.it/dp/B0015JEGR8
2026-05-01,amazon.it,"VEVOR Tritarifiuti per Lavello da Cucina, 0,559 kW, Sistema di Smaltimento Rifiuti Alimentari in Acciaio Inox, Montaggio 3 Bulloni, 3600 giri/min, con Cavo di Alimentazione, Paraspruzzi per la Casa",94.9,https://www.amazon.it/dp/B0DPPTXBJR
2026-05-01,amazon.it,Dissipatore tritarifiuti Plados CIRCLE75 potenza 550w,239.0,https://www.amazon.it/dp/B07F891ZLQ
2026-05-01,amazon.it,"MINRS 560 W, trituratore per rifiuti da cucina, con interruttore d'aria, 3600 giri/min, 1,15 l, per lavello, tritatutto",92.0,https://www.amazon.it/dp/B0DNKBBRSC
2026-05-01,amazon.it,"Smaltimento Rifiuti, Tritarifiuti Alimentare, Tritarifiuti per Lavello Cucina, Acciaio Inossidabile, 7.5 HP 2800 giri/min, Tritarifiuti Magnetico, Silenzioso con Interruttore, Tritarifiuti Alimentari.",178.85,https://www.amazon.it/dp/B0DDTP4BVH
2026-05-01,amazon.it,"Tbest 2 Pezzi Copertura Antischizzi in Silicone per Tritarifiuti Compatibile con InSinkErator, 87mm Diametro Esterno",21.92,https://www.amazon.it/dp/B0C3NGZP72
2026-05-01,amazon.it,"Fdit 2 Pezzi Copertura Antispruzzo per Tritarifiuti, Compatibile con, Diametro 87 mm, Tappo Silicone per Lavello",16.43,https://www.amazon.it/dp/B08THCCMKK
2026-05-01,amazon.it,"Funzionamento Silenzioso, Efficace Trattamento dei Rifiuti Alimentari, Installazione Rapida e Semplice, Alimentazione Continua da 630 W per con Materiale in Acciaio",270.45,https://www.amazon.it/dp/B0DHPRCH6T
2026-05-01,amazon.it,"Adattatore per Tubo di Scarico per Lavastoviglie Compatibile con Tritarifiuti Insinkerator, Include 1 Connettore di Ingresso 1 Fascetta Stringitubo e 3 Fascette a Molla",12.99,https://www.amazon.it/dp/B0CWTRCW8T
2026-05-01,amazon.it,"Tritarifiuti, Raccoglitore di Cibo, Tritatutto, Tritatutto da Cucina, in Acciaio Inox, Materiale 370W (Nero)",275.44,https://www.amazon.it/dp/B0FQC82YWB
2026-05-01,amazon.it,370W Elettrico Tritarifiuti da 1 Litro Smaltimento Rifiuti Domestici Tritarifiuti Alimentare,117.0,https://www.amazon.it/dp/B08BR8M15B
2026-05-01,amazon.it,"BOXOB 3pz FLG-Seal Guarnizione Lavello, Guarnizione Scarico Gomma Premium Senza Stucco per Lavello Cucina Anello Tenuta Ricambio per Insinkerator Sistemi Drenaggio Tritarifiuti(Nero)",11.99,https://www.amazon.it/dp/B0F4Q7Y48Y
2026-05-01,amazon.it,Insinkerator 14663 Trituratore stazionario,438.19,https://www.amazon.it/dp/B009Z295CI
2026-05-01,amazon.it,Dissipatore Tritarifiuti Alimentare 1L Home Kitchen Food Waste Processor Disposer Domestico Da Lavello 1000ML 370W 1/2HP 2600 RPM,90.0,https://www.amazon.it/dp/B09ZQJPMFB
2026-05-01,amazon.it,Sostituzione Garbage Disposal Guardia Splash GE per rifiuti King in-Sink-Erator,10.59,https://www.amazon.it/dp/B0711TB8WS
2026-05-01,amazon.it,Tritarifiuti Raccoglitore di rifiuti per rifiuti Domestici da Cucina Sistema di macinazione dei rifiuti in Acciaio Inossidabile da 2800 Giri/min Adatto per macinare Vari rifiuti Domestici da Cucina (,350.89,https://www.amazon.it/dp/B0FQC3YFWH
2026-05-01,amazon.it,"OUKANING Dissipatore di rifiuti Acciaio Inossidabile 1000Ml Avanzi di Cucina Trituratore di rifiuti Trituratore di rifiuti Protezione da sovraccarico, Protezione dal Rumore",117.0,https://www.amazon.it/dp/B08FTBJ19D
2026-05-01,amazon.it,Waste King - Tritarifuti da lavello,194.57,https://www.amazon.it/dp/B000LNIK6C
2026-05-01,amazon.it,Hemobllo Gomma Per Tritarifiuti Alimentari Protezione Anti-spruzzi Di Ricambio Per Tritarifiuti Facile Da Installare E Manutenere,11.09,https://www.amazon.it/dp/B0DFMRJPCH
2026-05-01,amazon.it,"Pulsante per lo smaltimento dei rifiuti, pulsante per lo smaltimento dei rifiuti con tubo dell'aria, interruttore superiore del lavandino per lo smaltimento dei rifiuti InSinkErator, argento",20.84,https://www.amazon.it/dp/B0CH3LLV9C
2026-05-01,amazon.it,INSINKERATORE CCA-00,161.27,https://www.amazon.it/dp/B001F9T60U
2026-05-01,amazon.it,Coperchio Antispruzzo Per Dissipatore di Rifiuti in Silicone da 2 Pezzi Coperchio Per Distributore di Rifiuti Compatibile con InSinkErator 87 Mm di Diametro Esterno,22.29,https://www.amazon.it/dp/B0C4TCJVGX
2026-05-01,amazon.it,"InSinkErator Disposal Stopper, Accessory, Oil Rubbed Bronze",51.85,https://www.amazon.it/dp/B002I631IC
2026-05-01,amazon.it,"Trituratore Di Rifiuti Alimentari, Trituratore Di Rifiuti Alimentari Del Lavello, Sistema Di Macinazione Di Rifiuti Alimentari In Cucina, Serve Per Trattare I Residui Alimentari Come Verdure Ecc",70.52,https://www.amazon.it/dp/B0FDG9PL8C
2026-05-01,amazon.it,"Tritarifiuti con Raccoglitore di Cibo da 3/4 HP 2800 Giri/min Tritarifiuti da Cucina sottolavello con Spina e Interruttore Wireless - Acciaio Inossidabile, Alta velocità per Una macinazione efficient",127.04,https://www.amazon.it/dp/B0FQC3DKYB
2026-05-01,amazon.it,"VEVOR Pompa Trituratore 350 W Portata 6000 L/h Prevalenza 7 m Pompa Maceratore per Acque Luride con 3 Ingressi Acqua per Cantina, Macchina per lo Smaltimento delle Acque Reflue della Lavanderia",82.9,https://www.amazon.it/dp/B0D6G7B628
2026-05-01,amazon.it,Tritarifiuti Splash Guard Smaltimento Rifiuti Protezioni antispruzzo e tappo Lavello Smaltimento Smaltimento Sostituzione Tappo di scarico Protezione antispruzzo Cucina Scarico rifiuti alimentari,15.8,https://www.amazon.it/dp/B083DMM3D3
2026-05-01,amazon.it,"VEVOR Pompa Trituratore 700 W Portata max. 9600 L/h Prevalenza 10 m Pompa Maceratore per Acqua con 3 Ingressi Acqua per Cantina, Macchina per Smaltimento delle Acque Reflue della Vasca da Bagno",106.9,https://www.amazon.it/dp/B0BR5BLHHN
2026-05-01,amazon.it,"NEWTRY Compattatore per rifiuti, Pressa manuale della spazzatura per bidoni da 120L e 240L, frantumatore di rifiuti strumento di riciclaggio con design salvaspazio per casa, cucina e esterni - Bianco",65.99,https://www.amazon.it/dp/B0DJ8M7YZG
2026-05-01,amazon.it,"NEWTRY Mini Compattatore di Rifiuti Pressa Manuale per Bidoni a ruote da 60L a 100L, Design Compatto Ideale per Armadi Domestici, Ristoranti e Cestini",54.99,https://www.amazon.it/dp/B0DHZ72WSN
2026-05-01,trovaincasso.it,"Insinkerator 1974550 Dissipatore  EVOLUTION PLUS 550 EC Tecnologia a due fasi - Potenza 0,55 HP",264.74,https://www.trovaincasso.it/quickview/index/view/id/27239
2026-05-01,trovaincasso.it,Insinkerator 1508165 Blancocare Liquido concentrato per gli scarichi,67.1,https://www.trovaincasso.it/quickview/index/view/id/27248
2026-05-01,pentoleprofessionali.it,Insinkerator EVOLUTION PLUS 1000 EC (ex modello EVOLUTION 200) - Dissipatore per rifiuti,700.0,https://www.pentoleprofessionali.it/it/insinkerator-insinkerator-dissipatore-per-rifiuti-mod-evolution-plus-1000-ec-ex-modello-evolution-200-1974100
2026-05-01,pentoleprofessionali.it,Insinkerator Dissipatore per rifiuti mod. EVOLUTION PLUS 750 EC - ex modello EVOLUTION 100,582.0,https://www.pentoleprofessionali.it/it/insinkerator-insinkerator-dissipatore-per-rifiuti-mod-evolution-plus-750-ec-ex-modello-evolution-100-1974750
2026-05-01,pentoleprofessionali.it,Insinkerator Dissipatore per rifiuti mod. PREMIUM 700 EC - ex modello ISE66,397.0,https://www.pentoleprofessionali.it/it/insinkerator-insinkerator-dissipatore-per-rifiuti-mod-premium-700-ec-ex-modello-ise66-1974700
2026-05-01,pentoleprofessionali.it,Insinkerator Dissipatore per rifiuti mod. PREMIUM 550 EC - ex modello ISE56,236.0,https://www.pentoleprofessionali.it/it/insinkerator-insinkerator-dissipatore-per-rifiuti-mod-premium-plus-550-ec-ex-modello-ise56-1974550
2026-05-01,pentoleprofessionali.it,Insinkerator Dissipatore per rifiuti mod. Standard 460 SR (ex modello ISE46),235.0,https://www.pentoleprofessionali.it/it/insinkerator-dissipatore-per-rifiuti-mod-standard-460-sr-ex-modello-ise46-1976460
2026-05-01,bricobravo.com,Trade Shop - Decespugliatore A Batteria 48v Tagliabordi Elettrico Altezza Regolabile Per Giardini -,41.9,https://www.bricobravo.com/products/trade-shop-decespugliatore-a-batteria-21v-tagliabordi-elettrico-altezza-regolabile-per-giardini
2026-05-01,bricobravo.com,"Set salotto da esterno Arret, Salottino outdoor, Tavolo rettangolare allungabile con 8 sedie con braccioli, Made in Italy, Antracite",299.99,https://www.bricobravo.com/products/set-salotto-da-esterno-arret-salottino-outdoor-tavolo-rettangolare-allungabile-con-8-sedie-con-braccioli-made-in-italy-antracite
2026-05-01,bricobravo.com,Innoliving Ferro Da Stiro INN-681 con Generatore di Vapore Continuo,39.9,https://www.bricobravo.com/products/ferro-da-stiro-con-generatore-di-vapore-continuo-innoliving-inn-682
2026-05-01,bricobravo.com,Materasso Singolo 80x190 in Waterfoam  11 zone differenziate  Ortopedico,94.99,https://www.bricobravo.com/products/materasso-in-waterfoam-11-zone-differenziate-ortopedico-80x190-cod-etr6150
2026-05-01,bricobravo.com,Tritarifiuti Alimentari InSinkErator Advanced Evolution Plus 1000 EC,889.38,https://www.bricobravo.com/products/dissipatore-di-rifiuti-alimentari-insinkerator-advanced-evolution-plus-1000-ec
2026-05-01,bricobravo.com,Tritarifiuti Alimentari InSinkErator Power Premium 700 EC,483.12,https://www.bricobravo.com/products/dissipatore-di-rifiuti-alimentari-insinkerator-power-premium-700-ec
2026-05-01,bricobravo.com,Tritarifiuti Alimentari InSinkErator Power Premium 550 EC,315.98,https://www.bricobravo.com/products/dissipatore-di-rifiuti-alimentari-insinkerator-power-premium-550-ec
2026-05-01,bricobravo.com,"InSinkErator dissipatore Advanced Evolution Plus 1000 SR, 1 HP, SoundSeal, MultiFase 4 fasi, 980 ml, pulsante pneumatico",1168.49,https://www.bricobravo.com/products/insinkerator-dissipatore-advanced-evolution-plus-1000-sr-1-hp-soundseal-multifase-4-fasi-980-ml-pulsante-pneumatico
2026-05-01,lineadaincasso.it,Insinkerator 1975075,24.4,https://www.lineadaincasso.it/accessori/18199-insinkerator-1975075-1000019750759.html
2026-05-01,lineadaincasso.it,Insinkerator 1975491,55.51,https://www.lineadaincasso.it/accessori/18200-insinkerator-1975491-1000019754917.html
2026-05-01,lineadaincasso.it,Insinkerator 1508164,50.63,https://www.lineadaincasso.it/accessori/18201-insinkerator-1508164-1000015081642.html
2026-05-01,lineadaincasso.it,Insinkerator 1975512,28.67,https://www.lineadaincasso.it/accessori/18202-insinkerator-1975512-1000019755129.html
2026-05-01,lineadaincasso.it,Insinkerator 1975511,45.75,https://www.lineadaincasso.it/accessori/18203-insinkerator-1975511-1000019755112.html
2026-05-01,lineadaincasso.it,Insinkerator 1508165,48.8,https://www.lineadaincasso.it/accessori/18204-insinkerator-1508165-1000015081659.html
2026-05-01,lineadaincasso.it,Insinkerator 1975556...,775.92,https://www.lineadaincasso.it/accessori/18209-insinkerator-1975556-elemento-riscaldante-neotank-per-erogatori-1000019755563.html
2026-05-01,lineadaincasso.it,Insinkerator 1975527...,1032.73,https://www.lineadaincasso.it/accessori/18216-insinkerator-1975527-elemento-refrigeratore-neo-chiller-per-erogatori-1000019755273.html
2026-05-01,lineadaincasso.it,Insinkerator 1976100...,899.75,https://www.lineadaincasso.it/dissipatori/18296-insinkerator-1976100-advanced-evolution-plus-1000-sr-1000019761007.html
2026-05-01,lineadaincasso.it,Insinkerator 1974550...,225.7,https://www.lineadaincasso.it/dissipatori/17835-insinkerator-1974550-evolution-plus-550-ec-1000019745502.html
2026-05-01,lineadaincasso.it,Insinkerator 1974700...,368.44,https://www.lineadaincasso.it/dissipatori/17836-insinkerator-1974700-premium-700-ec-1000019747001.html
2026-05-01,lineadaincasso.it,Insinkerator 1974750...,558.76,https://www.lineadaincasso.it/dissipatori/17837-insinkerator-1974750-evolution-plus-750-ec-1000019747506.html
2026-05-01,lineadaincasso.it,Insinkerator 1974100...,695.4,https://www.lineadaincasso.it/dissipatori/17838-insinkerator-1974100-evolution-plus-1000-ec-1000019741009.html
2026-05-01,lineadaincasso.it,Insinkerator 1975078 LC 50...,999.79,https://www.lineadaincasso.it/dissipatori/17839-insinkerator-1975078-lc-50-professional-con-tappo-salvaposate-1000019750780.html
2026-05-01,lineadaincasso.it,Insinkerator 1975520  GN...,333.67,https://www.lineadaincasso.it/miscelatori/18205-insinkerator-1975520-gn-1100-hot-cromato-1000019755204.html
2026-05-01,lineadaincasso.it,Insinkerator 1975541 GN...,524.6,https://www.lineadaincasso.it/miscelatori/18206-insinkerator-1975541-gn-1100-hot-effetto-inox-1000019755419.html
2026-05-01,lineadaincasso.it,Insinkerator 1975518 HC...,446.52,https://www.lineadaincasso.it/miscelatori/18207-insinkerator-1975518-hc-1100-hotcold-cromato-1000019755181.html
2026-05-01,lineadaincasso.it,Insinkerator 1975542 HC...,762.5,https://www.lineadaincasso.it/miscelatori/18208-insinkerator-1975541-hc-1100-hotcold-effetto-inox-1000019755426.html
2026-05-01,lineadaincasso.it,Insinkerator 1975522 H 3300...,453.84,https://www.lineadaincasso.it/miscelatori/18210-insinkerator-1975522-h-3300-hot-cromato-1000019755228.html
2026-05-01,lineadaincasso.it,Insinkerator 1975543 H 3300...,539.85,https://www.lineadaincasso.it/miscelatori/18211-insinkerator-1975543-h-3300-hot-nero-1000019755433.html
2026-05-01,lineadaincasso.it,Insinkerator 1975532 H 3300...,667.95,https://www.lineadaincasso.it/miscelatori/18212-insinkerator-1975532-h-3300-hot-effetto-inox-1000019755327.html
2026-05-01,lineadaincasso.it,Insinkerator 1975521 HC...,664.9,https://www.lineadaincasso.it/miscelatori/18213-insinkerator-1975521-hc-3300-hotcold-cromato-1000019755211.html
2026-05-01,lineadaincasso.it,Insinkerator 1975544 HC...,742.98,https://www.lineadaincasso.it/miscelatori/18214-insinkerator-1975544-hc-3300-hotcold-nero-1000019755440.html
2026-05-01,lineadaincasso.it,Insinkerator 1975545 HC...,864.37,https://www.lineadaincasso.it/miscelatori/18215-insinkerator-1975545-hc-3300-hotcold-effetto-inox-1000019755457.html
2026-05-01,lineadaincasso.it,Insinkerator 1975557 - 4in1...,1399.95,https://www.lineadaincasso.it/miscelatori/18217-insinkerator-1975557-4in1-l-shape-velvet-black-1000019755570.html
2026-05-01,lineadaincasso.it,Insinkerator 1976550 POWER...,279.99,https://www.lineadaincasso.it/dissipatori/18293-insinkerator-1976550-power-premium-550-sr-1000019765500.html
2026-05-01,lineadaincasso.it,Insinkerator 1976700 POWER...,481.9,https://www.lineadaincasso.it/dissipatori/18294-insinkerator-1976700-power-premium-700-sr-1000019767009.html
2026-05-01,lineadaincasso.it,Insinkerator 1976750...,677.71,https://www.lineadaincasso.it/dissipatori/18295-insinkerator-1976750-advanced-evolution-plus-750-sr-1000019767504.html
2026-05-01,lineadaincasso.it,Insinkerator 1976460...,219.6,https://www.lineadaincasso.it/dissipatori/18297-insinkerator-1976460-standard-460sr-1000019764602.html
2026-05-01,opportunitycommerce.com,PRONTA CONSEGNA - Insinkerator Erogatore di acqua bollente e fredda 3N1 1975525 finitura cromato,366.01,https://www.opportunitycommerce.com/it/sistemi-per-il-trattamento-dell-acqua/9489-insinkerator-erogatore-di-acqua-bollente-e-fredda-3n1-1975525-finitura-cromato-1000019755259.html
2026-05-01,opportunitycommerce.com,Insinkerator Erogatore di acqua bollente e fredda HC3300 1975521 finitura cromato,706.01,https://www.opportunitycommerce.com/it/sistemi-per-il-trattamento-dell-acqua/9490-insinkerator-erogatore-di-acqua-bollente-e-fredda-hc3300-1975521-finitura-cromato-1000019755211.html
2026-05-01,opportunitycommerce.com,Insinkerator Erogatore di acqua bollente H3300 1975522 finitura cromato,501.63,https://www.opportunitycommerce.com/it/sistemi-per-il-trattamento-dell-acqua/9491-insinkerator-erogatore-di-acqua-bollente-h3300-1975522-finitura-cromato-50375017028.html
2026-05-01,opportunitycommerce.com,Insinkerator Erogatore di acqua bollente e fredda HC1100 1975518 finitura cromato,517.12,https://www.opportunitycommerce.com/it/sistemi-per-il-trattamento-dell-acqua/9492-insinkerator-erogatore-di-acqua-bollente-e-fredda-hc1100-1975518-finitura-cromato-1000019755181.html
2026-05-01,opportunitycommerce.com,Insinkerator Erogatore di acqua bollente GN1100 1975520 finitura cromato,383.97,https://www.opportunitycommerce.com/it/sistemi-per-il-trattamento-dell-acqua/9493-insinkerator-erogatore-di-acqua-bollente-gn1100-1975520-finitura-cromato-1000019755204.html
2026-05-01,opportunitycommerce.com,PRONTA CONSEGNA - Insinkerator Interruttore magnetico 1975077,165.04,https://www.opportunitycommerce.com/it/accessori-tritarifiuti/9498-insinkerator-interruttore-magnetico-1975077-1000019750773.html
2026-05-01,opportunitycommerce.com,Insinkerator IN Dissipatore 1972046 - Modello 46,179.23,https://www.opportunitycommerce.com/it/tritarifiuti/9501-insinkerator-in-dissipatore-1972046-modello-46-50375019978.html
2026-05-01,opportunitycommerce.com,Insinkerator IN Dissipatore 1971100 - Evolution 100,541.69,https://www.opportunitycommerce.com/it/tritarifiuti/9504-insinkerator-in-dissipatore-1971100-evolution-100-1000019711002.html
2026-05-01,opportunitycommerce.com,PRONTA CONSEGNA - Insinkerator IN Dissipatore 1976550 - Premium 550 SR,778.37,https://www.opportunitycommerce.com/it/tritarifiuti/36378-insinkerator-dissipatore-1976550-premium-550-sr-1230000104449.html
2026-05-01,opportunitycommerce.com,PRONTA CONSEGNA - Insinkerator IN Dissipatore 1976750 - Evolution Plus 750 SR,849.14,https://www.opportunitycommerce.com/it/tritarifiuti/36379-insinkerator-dissipatore-1976750-evolution-plus-750-sr-1230000104562.html
2026-05-01,opportunitycommerce.com,PRONTA CONSEGNA - Insinkerator IN Dissipatore 1976100 - Evolution Plus 1000 SR,1103.88,https://www.opportunitycommerce.com/it/tritarifiuti/36380-insinkerator-dissipatore-1976100-evolution-plus-1000-sr-1230000104623.html
2026-05-01,opportunitycommerce.com,PRONTA CONSEGNA - Insinkerator IN Dissipatore 1976460 - Standard 460 SR,307.69,https://www.opportunitycommerce.com/it/tritarifiuti/36381-insinkerator-dissipatore-1976460-standard-460-sr-1000019764602.html
2026-05-01,opportunitycommerce.com,Insinkerator Elemento riscaldante 1975556,857.01,https://www.opportunitycommerce.com/it/accessori-per-sistemi-di-trattamento-dell-acqua/36597-insinkerator-elemento-riscaldante-1975556-50375020905.html
2026-05-01,climaconvenienza.it,Tritarifiuti Alimentari InSinkErator Power Premium 700 EC,387.0,https://www.climaconvenienza.it/products/insinkerator-dissipatore-di-rifiuti-alimentari-insinkerator-power-premium-700-ec
2026-05-01,climaconvenienza.it,Tritarifiuti Alimentari InSinkErator Power Premium 550 EC,250.0,https://www.climaconvenienza.it/products/insinkerator-dissipatore-di-rifiuti-alimentari-insinkerator-power-premium-550-ec
2026-05-01,climaconvenienza.it,Tritarifiuti Alimentari InSinkErator Advanced Evolution Plus 1000 EC,720.0,https://www.climaconvenienza.it/products/insinkerator-dissipatore-di-rifiuti-alimentari-insinkerator-advanced-evolution-plus-1000-ec
2026-05-01,climaconvenienza.it,Miscelatore doccia ad incasso Nobili ABC cromato,89.0,https://www.climaconvenienza.it/products/nobili-miscelatore-doccia-ad-incasso-nobili-abc-cromato
2026-05-01,climaconvenienza.it,Miscelatore doccia ad incasso con deviatore Nobili YOYO,115.0,https://www.climaconvenienza.it/products/nobili-miscelatore-doccia-ad-incasso-con-deviatore-nobili-yoyo
2026-05-01,climaconvenienza.it,Box da Incasso Fondital Entry Level per Caldaia Ischia IN KC,165.0,https://www.climaconvenienza.it/products/fondital-box-da-incasso-fondital-entry-level-per-caldaia-ischia-in-kc
2026-05-01,climaconvenienza.it,Tritarifiuti Alimentari InSinkErator serie M Modello 56,219.0,https://www.climaconvenienza.it/products/in-sink-erator-dissipatore-di-rifiuti-alimentari-tritarifiuti-insinkerator-serie-m-mod-56
2026-05-01,climaconvenienza.it,Dissipatore di rifiuti alimentari Tritarifiuti InSinkErator Serie M Mod. 46,155.0,https://www.climaconvenienza.it/products/in-sink-erator-dissipatore-di-rifiuti-alimentari-tritarifiuti-insinkerator-serie-m-mod-46
2026-05-01,amazon.it,"Insinkerator Premium 550 EC - Tritatutto per rifiuti da cucina con motore a induzione da 0,5 CV e interruttore dell'aria",360.0,https://www.amazon.it/dp/B00CWY2KFA
2026-05-01,amazon.it,"Insinkerator Premium 700 EC - Tritatutto per rifiuti da cucina con motore a induzione da 0,75 CV e interruttore dell'aria",509.0,https://www.amazon.it/dp/B00CWY2M3A
2026-05-01,amazon.it,"Insinkerator Evolution Plus 750 EC - Tritatutto da cucina con motore a induzione da 0,75 CV con interruttore dell'aria",665.0,https://www.amazon.it/dp/B00CWY2RDU
2026-05-01,amazon.it,Insinkerator Evolution Plus 1000 EC - Tritatutto da cucina con motore a induzione da 1 CV con interruttore dell'aria,889.0,https://www.amazon.it/dp/B00CWY2T2E
2026-05-01,amazon.it,InSinkErator Standard 460,299.0,https://www.amazon.it/dp/B00CWY2DJ8
2026-05-01,amazon.it,"InSinkErator 77969 modello 46 smaltimento dei rifiuti, colore: nero",174.4,https://www.amazon.it/dp/B016MYRXWU
2026-05-01,amazon.it,"InSinkErator Badger 500, Smaltimento rifiuti da cucina ad alimentazione continua da 1/2 HP, serie Badger BADGER 500",168.93,https://www.amazon.it/dp/B0FLZNGPRP
2026-05-01,amazon.it,"InSinkErator Sistema di smaltimento dei rifiuti Alimentari, Acciaio Inossidabile, Rosso, 31,1 x 22 x 31,1 cm",615.13,https://www.amazon.it/dp/B0B3NB7M4P
2026-05-01,amazon.it,"Artist CNTR333 smaltimento rifiuti, Nero",345.05,https://www.amazon.it/dp/B083JCQWMJ
2026-05-01,amazon.it,"Smaltimento Rifiuti, Tritarifiuti Alimentare, Tritarifiuti per Lavello Cucina, Acciaio Inossidabile, 7.5 HP 2800 giri/min, Tritarifiuti Magnetico, Silenzioso con Interruttore, Tritarifiuti Alimentari.",178.85,https://www.amazon.it/dp/B0DDTP4BVH
2026-05-01,amazon.it,"InSinkErator in-Sink-ERATOR/MASTERPLUMBER MP 1/2HP Dissipatore Rifiuti, Acciaio Legato, 1",196.76,https://www.amazon.it/dp/B0009SNSN4
2026-05-01,amazon.it,"VEVOR Tritarifiuti per Lavello da Cucina, 0,74 kW, Sistema di Smaltimento Rifiuti Alimentari in Acciaio Inox, Motore CC, Supporto EZ, 3960 giri/min, con Cavo di Alimentazione, Paraspruzzi per la Casa",112.03,https://www.amazon.it/dp/B0DPPCWRYZ
2026-05-01,amazon.it,"InSinkErator Black Evolution Series - Deflettore per lavello, antimicrobico, silenzioso, QCB",19.95,https://www.amazon.it/dp/B000GX34AE
2026-05-01,amazon.it,"BLANCO FWD Lite | Tritatutto da cucina 0,5 CV | Smaltimento rifiuti per lavello in cucina | Tritatutto per lo smaltimento di residui di cibo e rifiuti alimentari | Capacità 900 ml",238.1,https://www.amazon.it/dp/B0BLW383VW
2026-05-01,amazon.it,"VEVOR Tritarifiuti per Lavello da Cucina, 0,74 kW, Sistema di Smaltimento Rifiuti Alimentari in Acciaio Inox, Motore CC, Supporto EZ, 3960 giri/min, con Cavo di Alimentazione, Paraspruzzi per la Casa",112.03,https://www.amazon.it/dp/B0DPPCWRYZ
2026-05-01,amazon.it,"VEVOR Tritarifiuti per Lavello da Cucina, 0,37 kW, Sistema di Smaltimento Rifiuti Alimentari in Acciaio Inox, Motore CC, Supporto EZ, 3820 giri/min, con Cavo di Alimentazione, Paraspruzzi per la Casa",76.9,https://www.amazon.it/dp/B0DPPKBZ9L
2026-05-01,amazon.it,"Funzionamento Silenzioso, Efficace Trattamento dei Rifiuti Alimentari, Installazione Rapida e Semplice, Alimentazione Continua da 630 W per con Materiale in Acciaio",270.45,https://www.amazon.it/dp/B0DHPRCH6T
2026-05-01,amazon.it,Insinkerator 71498 - Pezzo di tritarifiuti,37.82,https://www.amazon.it/dp/B00AG2IWJI
2026-05-01,amazon.it,"Tbest 2 Pezzi Copertura Antischizzi in Silicone per Tritarifiuti Compatibile con InSinkErator, 87mm Diametro Esterno",21.92,https://www.amazon.it/dp/B0C3NGZP72
2026-05-01,amazon.it,"VEVOR Tritarifiuti per Lavello da Cucina, 0,37 kW, Sistema di Smaltimento Rifiuti Alimentari in Acciaio Inox, Motore CC, Supporto EZ, 3820 giri/min, con Cavo di Alimentazione, Paraspruzzi per la Casa",76.9,https://www.amazon.it/dp/B0DPPKBZ9L
2026-05-01,amazon.it,"Smaltimento Rifiuti, Tritarifiuti Alimentare, Tritarifiuti per Lavello Cucina, Acciaio Inossidabile, 3/4 HP 3200 rpm, Tritarifiuti Magnetico, Silenzioso con Interruttore, Tritarifiuti Alimentari.",168.85,https://www.amazon.it/dp/B0DTJ3Z6GD
2026-05-01,amazon.it,"VEVOR Tritarifiuti per Lavello da Cucina, 0,37 kW, Sistema di Smaltimento Rifiuti Alimentari in Acciaio Inox, Montaggio 3 Bulloni, 3820 giri/min, con Cavo di Alimentazione, Paraspruzzi per la Casa",91.99,https://www.amazon.it/dp/B0DPP8VV8Y
2026-05-01,amazon.it,"Tritarifiuti in Acciaio Inox, Tritarifiuti per Avanzi di Cucina da 1000 Ml, Protezione Acustica, Tritarifiuti per Rifiuti Alimentari da Cucina Sottolavello, 3/4 HP",196.99,https://www.amazon.it/dp/B0FNMLGWMV
2026-05-01,amazon.it,"VEVOR Tritarifiuti per Lavello da Cucina, 0,559 kW, Sistema di Smaltimento Rifiuti Alimentari in Acciaio Inox, Montaggio 3 Bulloni, 3600 giri/min, con Cavo di Alimentazione, Paraspruzzi per la Casa",94.9,https://www.amazon.it/dp/B0DPPTXBJR
2026-05-01,amazon.it,Dissipatore tritarifiuti Plados CIRCLE75 potenza 550w,239.0,https://www.amazon.it/dp/B07F891ZLQ
2026-05-01,amazon.it,"MINRS 560 W, trituratore per rifiuti da cucina, con interruttore d'aria, 3600 giri/min, 1,15 l, per lavello, tritatutto",92.0,https://www.amazon.it/dp/B0DNKBBRSC
2026-05-01,amazon.it,"VEVOR Tritarifiuti per Lavello da Cucina, 0,559 kW, Sistema di Smaltimento Rifiuti Alimentari in Acciaio Inox, Supporto EZ, 3930 giri/min, con Cavo di Alimentazione Motore CC, Paraspruzzi per la Casa",94.99,https://www.amazon.it/dp/B0DPPG5X9N
2026-05-01,amazon.it,"Smaltimento Rifiuti, Tritarifiuti Alimentare, Tritarifiuti per Lavello Cucina, Acciaio Inossidabile, 7.5 HP 2800 giri/min, Tritarifiuti Magnetico, Silenzioso con Interruttore, Tritarifiuti Alimentari.",178.85,https://www.amazon.it/dp/B0DDTP4BVH
2026-05-01,amazon.it,"Tbest 2 Pezzi Copertura Antischizzi in Silicone per Tritarifiuti Compatibile con InSinkErator, 87mm Diametro Esterno",21.92,https://www.amazon.it/dp/B0C3NGZP72
2026-05-01,amazon.it,"NutriChef Compostiera da Cucina, Compostiera Elettrica 3 Litri, Bidone Umido per Cucina, Pattumiera Umido con Asciugatura, Frantumazione e Raffreddamento, Bianca",199.99,https://www.amazon.it/dp/B0CRSL17Q4
2026-05-01,amazon.it,"Adattatore per Tubo di Scarico per Lavastoviglie Compatibile con Tritarifiuti Insinkerator, Include 1 Connettore di Ingresso 1 Fascetta Stringitubo e 3 Fascette a Molla",12.99,https://www.amazon.it/dp/B0CWTRCW8T
2026-05-01,amazon.it,"Tritarifiuti, Raccoglitore di Cibo, Tritatutto, Tritatutto da Cucina, in Acciaio Inox, Materiale 370W (Nero)",275.44,https://www.amazon.it/dp/B0FQC82YWB
2026-05-01,amazon.it,370W Elettrico Tritarifiuti da 1 Litro Smaltimento Rifiuti Domestici Tritarifiuti Alimentare,117.0,https://www.amazon.it/dp/B08BR8M15B
2026-05-01,amazon.it,Insinkerator 14663 Trituratore stazionario,438.19,https://www.amazon.it/dp/B009Z295CI
2026-05-01,amazon.it,Dissipatore Tritarifiuti Alimentare 1L Home Kitchen Food Waste Processor Disposer Domestico Da Lavello 1000ML 370W 1/2HP 2600 RPM,90.0,https://www.amazon.it/dp/B09ZQJPMFB
2026-05-01,amazon.it,Tritarifiuti Raccoglitore di rifiuti per rifiuti Domestici da Cucina Sistema di macinazione dei rifiuti in Acciaio Inossidabile da 2800 Giri/min Adatto per macinare Vari rifiuti Domestici da Cucina (,350.89,https://www.amazon.it/dp/B0FQC3YFWH
2026-05-01,amazon.it,Waste King - Tritarifuti da lavello,194.57,https://www.amazon.it/dp/B000LNIK6C
2026-05-01,amazon.it,"OUKANING Dissipatore di rifiuti Acciaio Inossidabile 1000Ml Avanzi di Cucina Trituratore di rifiuti Trituratore di rifiuti Protezione da sovraccarico, Protezione dal Rumore",117.0,https://www.amazon.it/dp/B08FTBJ19D
2026-05-01,amazon.it,"Pulsante per lo smaltimento dei rifiuti, pulsante per lo smaltimento dei rifiuti con tubo dell'aria, interruttore superiore del lavandino per lo smaltimento dei rifiuti InSinkErator, argento",20.84,https://www.amazon.it/dp/B0CH3LLV9C
2026-05-01,amazon.it,"Trituratore Di Rifiuti Alimentari, Trituratore Di Rifiuti Alimentari Del Lavello, Sistema Di Macinazione Di Rifiuti Alimentari In Cucina, Serve Per Trattare I Residui Alimentari Come Verdure Ecc",70.52,https://www.amazon.it/dp/B0FDG9PL8C
2026-05-01,amazon.it,INSINKERATORE CCA-00,161.27,https://www.amazon.it/dp/B001F9T60U
2026-05-01,amazon.it,"Tritarifiuti con Raccoglitore di Cibo da 3/4 HP 2800 Giri/min Tritarifiuti da Cucina sottolavello con Spina e Interruttore Wireless - Acciaio Inossidabile, Alta velocità per Una macinazione efficient",127.04,https://www.amazon.it/dp/B0FQC3DKYB
2026-05-01,amazon.it,"VEVOR Pompa Trituratore 350 W Portata 6000 L/h Prevalenza 7 m Pompa Maceratore per Acque Luride con 3 Ingressi Acqua per Cantina, Macchina per lo Smaltimento delle Acque Reflue della Lavanderia",82.9,https://www.amazon.it/dp/B0D6G7B628
2026-05-01,amazon.it,"VEVOR Pompa Trituratore 700 W Portata max. 9600 L/h Prevalenza 10 m Pompa Maceratore per Acqua con 3 Ingressi Acqua per Cantina, Macchina per Smaltimento delle Acque Reflue della Vasca da Bagno",106.9,https://www.amazon.it/dp/B0BR5BLHHN
2026-05-02,pentoleprofessionali.it,Insinkerator EVOLUTION PLUS 1000 EC (ex modello EVOLUTION 200) - Dissipatore per rifiuti,700.0,https://www.pentoleprofessionali.it/it/insinkerator-insinkerator-dissipatore-per-rifiuti-mod-evolution-plus-1000-ec-ex-modello-evolution-200-1974100
2026-05-02,pentoleprofessionali.it,Insinkerator Dissipatore per rifiuti mod. EVOLUTION PLUS 750 EC - ex modello EVOLUTION 100,582.0,https://www.pentoleprofessionali.it/it/insinkerator-insinkerator-dissipatore-per-rifiuti-mod-evolution-plus-750-ec-ex-modello-evolution-100-1974750
2026-05-02,pentoleprofessionali.it,Insinkerator Dissipatore per rifiuti mod. PREMIUM 700 EC - ex modello ISE66,397.0,https://www.pentoleprofessionali.it/it/insinkerator-insinkerator-dissipatore-per-rifiuti-mod-premium-700-ec-ex-modello-ise66-1974700
2026-05-02,pentoleprofessionali.it,Insinkerator Dissipatore per rifiuti mod. PREMIUM 550 EC - ex modello ISE56,236.0,https://www.pentoleprofessionali.it/it/insinkerator-insinkerator-dissipatore-per-rifiuti-mod-premium-plus-550-ec-ex-modello-ise56-1974550
2026-05-02,pentoleprofessionali.it,Insinkerator Dissipatore per rifiuti mod. Standard 460 SR (ex modello ISE46),235.0,https://www.pentoleprofessionali.it/it/insinkerator-dissipatore-per-rifiuti-mod-standard-460-sr-ex-modello-ise46-1976460
2026-05-02,bricobravo.com,Trade Shop - Decespugliatore A Batteria 48v Tagliabordi Elettrico Altezza Regolabile Per Giardini -,41.9,https://www.bricobravo.com/products/trade-shop-decespugliatore-a-batteria-21v-tagliabordi-elettrico-altezza-regolabile-per-giardini
2026-05-02,bricobravo.com,"Set salotto da esterno Arret, Salottino outdoor, Tavolo rettangolare allungabile con 8 sedie con braccioli, Made in Italy, Antracite",299.99,https://www.bricobravo.com/products/set-salotto-da-esterno-arret-salottino-outdoor-tavolo-rettangolare-allungabile-con-8-sedie-con-braccioli-made-in-italy-antracite
2026-05-02,bricobravo.com,Innoliving Ferro Da Stiro INN-681 con Generatore di Vapore Continuo,39.9,https://www.bricobravo.com/products/ferro-da-stiro-con-generatore-di-vapore-continuo-innoliving-inn-682
2026-05-02,bricobravo.com,Materasso Singolo 80x190 in Waterfoam  11 zone differenziate  Ortopedico,94.99,https://www.bricobravo.com/products/materasso-in-waterfoam-11-zone-differenziate-ortopedico-80x190-cod-etr6150
2026-05-02,bricobravo.com,Tritarifiuti Alimentari InSinkErator Advanced Evolution Plus 1000 EC,889.38,https://www.bricobravo.com/products/dissipatore-di-rifiuti-alimentari-insinkerator-advanced-evolution-plus-1000-ec
2026-05-02,bricobravo.com,Tritarifiuti Alimentari InSinkErator Power Premium 700 EC,483.12,https://www.bricobravo.com/products/dissipatore-di-rifiuti-alimentari-insinkerator-power-premium-700-ec
2026-05-02,bricobravo.com,Tritarifiuti Alimentari InSinkErator Power Premium 550 EC,315.98,https://www.bricobravo.com/products/dissipatore-di-rifiuti-alimentari-insinkerator-power-premium-550-ec
2026-05-02,bricobravo.com,"InSinkErator dissipatore Advanced Evolution Plus 1000 SR, 1 HP, SoundSeal, MultiFase 4 fasi, 980 ml, pulsante pneumatico",1168.49,https://www.bricobravo.com/products/insinkerator-dissipatore-advanced-evolution-plus-1000-sr-1-hp-soundseal-multifase-4-fasi-980-ml-pulsante-pneumatico
2026-05-02,opportunitycommerce.com,PRONTA CONSEGNA - Insinkerator Erogatore di acqua bollente e fredda 3N1 1975525 finitura cromato,366.01,https://www.opportunitycommerce.com/it/sistemi-per-il-trattamento-dell-acqua/9489-insinkerator-erogatore-di-acqua-bollente-e-fredda-3n1-1975525-finitura-cromato-1000019755259.html
2026-05-02,opportunitycommerce.com,Insinkerator Erogatore di acqua bollente e fredda HC3300 1975521 finitura cromato,706.01,https://www.opportunitycommerce.com/it/sistemi-per-il-trattamento-dell-acqua/9490-insinkerator-erogatore-di-acqua-bollente-e-fredda-hc3300-1975521-finitura-cromato-1000019755211.html
2026-05-02,opportunitycommerce.com,Insinkerator Erogatore di acqua bollente H3300 1975522 finitura cromato,501.63,https://www.opportunitycommerce.com/it/sistemi-per-il-trattamento-dell-acqua/9491-insinkerator-erogatore-di-acqua-bollente-h3300-1975522-finitura-cromato-50375017028.html
2026-05-02,opportunitycommerce.com,Insinkerator Erogatore di acqua bollente e fredda HC1100 1975518 finitura cromato,517.12,https://www.opportunitycommerce.com/it/sistemi-per-il-trattamento-dell-acqua/9492-insinkerator-erogatore-di-acqua-bollente-e-fredda-hc1100-1975518-finitura-cromato-1000019755181.html
2026-05-02,opportunitycommerce.com,Insinkerator Erogatore di acqua bollente GN1100 1975520 finitura cromato,383.97,https://www.opportunitycommerce.com/it/sistemi-per-il-trattamento-dell-acqua/9493-insinkerator-erogatore-di-acqua-bollente-gn1100-1975520-finitura-cromato-1000019755204.html
2026-05-02,opportunitycommerce.com,PRONTA CONSEGNA - Insinkerator Interruttore magnetico 1975077,165.04,https://www.opportunitycommerce.com/it/accessori-tritarifiuti/9498-insinkerator-interruttore-magnetico-1975077-1000019750773.html
2026-05-02,opportunitycommerce.com,Insinkerator IN Dissipatore 1972046 - Modello 46,179.23,https://www.opportunitycommerce.com/it/tritarifiuti/9501-insinkerator-in-dissipatore-1972046-modello-46-50375019978.html
2026-05-02,opportunitycommerce.com,Insinkerator IN Dissipatore 1971100 - Evolution 100,541.69,https://www.opportunitycommerce.com/it/tritarifiuti/9504-insinkerator-in-dissipatore-1971100-evolution-100-1000019711002.html
2026-05-02,opportunitycommerce.com,PRONTA CONSEGNA - Insinkerator IN Dissipatore 1976550 - Premium 550 SR,778.37,https://www.opportunitycommerce.com/it/tritarifiuti/36378-insinkerator-dissipatore-1976550-premium-550-sr-1230000104449.html
2026-05-02,opportunitycommerce.com,PRONTA CONSEGNA - Insinkerator IN Dissipatore 1976750 - Evolution Plus 750 SR,849.14,https://www.opportunitycommerce.com/it/tritarifiuti/36379-insinkerator-dissipatore-1976750-evolution-plus-750-sr-1230000104562.html
2026-05-02,opportunitycommerce.com,PRONTA CONSEGNA - Insinkerator IN Dissipatore 1976100 - Evolution Plus 1000 SR,1103.88,https://www.opportunitycommerce.com/it/tritarifiuti/36380-insinkerator-dissipatore-1976100-evolution-plus-1000-sr-1230000104623.html
2026-05-02,opportunitycommerce.com,PRONTA CONSEGNA - Insinkerator IN Dissipatore 1976460 - Standard 460 SR,307.69,https://www.opportunitycommerce.com/it/tritarifiuti/36381-insinkerator-dissipatore-1976460-standard-460-sr-1000019764602.html
2026-05-02,opportunitycommerce.com,Insinkerator Elemento riscaldante 1975556,857.01,https://www.opportunitycommerce.com/it/accessori-per-sistemi-di-trattamento-dell-acqua/36597-insinkerator-elemento-riscaldante-1975556-50375020905.html
2026-05-02,climaconvenienza.it,Tritarifiuti Alimentari InSinkErator Power Premium 700 EC,387.0,https://www.climaconvenienza.it/products/insinkerator-dissipatore-di-rifiuti-alimentari-insinkerator-power-premium-700-ec
2026-05-02,climaconvenienza.it,Tritarifiuti Alimentari InSinkErator Power Premium 550 EC,250.0,https://www.climaconvenienza.it/products/insinkerator-dissipatore-di-rifiuti-alimentari-insinkerator-power-premium-550-ec
2026-05-02,climaconvenienza.it,Tritarifiuti Alimentari InSinkErator Advanced Evolution Plus 1000 EC,720.0,https://www.climaconvenienza.it/products/insinkerator-dissipatore-di-rifiuti-alimentari-insinkerator-advanced-evolution-plus-1000-ec
2026-05-02,climaconvenienza.it,Miscelatore doccia ad incasso Nobili ABC cromato,89.0,https://www.climaconvenienza.it/products/nobili-miscelatore-doccia-ad-incasso-nobili-abc-cromato
2026-05-02,climaconvenienza.it,Miscelatore doccia ad incasso con deviatore Nobili YOYO,115.0,https://www.climaconvenienza.it/products/nobili-miscelatore-doccia-ad-incasso-con-deviatore-nobili-yoyo
2026-05-02,climaconvenienza.it,Box da Incasso Fondital Entry Level per Caldaia Ischia IN KC,165.0,https://www.climaconvenienza.it/products/fondital-box-da-incasso-fondital-entry-level-per-caldaia-ischia-in-kc
2026-05-02,climaconvenienza.it,Tritarifiuti Alimentari InSinkErator serie M Modello 56,219.0,https://www.climaconvenienza.it/products/in-sink-erator-dissipatore-di-rifiuti-alimentari-tritarifiuti-insinkerator-serie-m-mod-56
2026-05-02,climaconvenienza.it,Dissipatore di rifiuti alimentari Tritarifiuti InSinkErator Serie M Mod. 46,155.0,https://www.climaconvenienza.it/products/in-sink-erator-dissipatore-di-rifiuti-alimentari-tritarifiuti-insinkerator-serie-m-mod-46
2026-05-02,amazon.it,"InSinkErator Sistema di smaltimento dei rifiuti Alimentari, Acciaio Inossidabile, Rosso, 31,1 x 22 x 31,1 cm",504.2,https://www.amazon.it/dp/B0B3NB7M4P
2026-05-02,amazon.it,"InSinkErator 77969 modello 46 smaltimento dei rifiuti, colore: nero",174.4,https://www.amazon.it/dp/B016MYRXWU
2026-05-02,amazon.it,"InSinkErator Badger 500, Smaltimento rifiuti da cucina ad alimentazione continua da 1/2 HP, serie Badger BADGER 500",168.93,https://www.amazon.it/dp/B0FLZNGPRP
2026-05-02,amazon.it,"Artist CNTR333 smaltimento rifiuti, Nero",282.83,https://www.amazon.it/dp/B083JCQWMJ
2026-05-02,amazon.it,"InSinkErator in-Sink-ERATOR/MASTERPLUMBER MP 1/2HP Dissipatore Rifiuti, Acciaio Legato, 1",196.76,https://www.amazon.it/dp/B0009SNSN4
2026-05-02,amazon.it,"Dissipatore di rifiuti alimentari con interruttore dell'aria, 560 W per lo smaltimento dei rifiuti sotto il lavandino, capacità 1200 ml, 3400 giri/min, protezione dal rumore e protezione da",129.54,https://www.amazon.it/dp/B0FRF2SH4J
2026-05-02,amazon.it,Waste King - Tritarifuti da lavello,208.11,https://www.amazon.it/dp/B000LNIK6C
2026-05-02,amazon.it,Insinkerator 71498 - Pezzo di tritarifiuti,38.33,https://www.amazon.it/dp/B00AG2IWJI
2026-05-02,amazon.it,"Tritarifiuti, Tritarifiuti Alimentari da 560 W, capacità 1200 ml con 7 Livelli di Macinazione e Protezione da Sovratemperatura, Detergente da 3800 Giri/Min, per sotto Il Lavello della Cucina",338.81,https://www.amazon.it/dp/B0DRCKG21N
2026-05-02,amazon.it,"InSinkErator Badger 5 Smaltimento dei rifiuti con cavo di alimentazione, serie standard 1/2 HP Dissipatore di rifiuti alimentari a alimentazione continua, tasso 5 W/C, senza dimensioni, nero/grigio",172.3,https://www.amazon.it/dp/B00PM8STLM
2026-05-02,amazon.it,"Pulsante per lo smaltimento dei rifiuti, pulsante per lo smaltimento dei rifiuti con tubo dell'aria, interruttore superiore del lavandino per lo smaltimento dei rifiuti InSinkErator, argento",20.84,https://www.amazon.it/dp/B0CH3LLV9C
2026-05-02,amazon.it,InSinkErator HWT300 InSinkErator HWT300 Serbatoio dell'acqua calda istantanea digitale,637.36,https://www.amazon.it/dp/B08P5Q17XT
2026-05-02,amazon.it,"Tritarifiuti Alimentari da 1,2 Litri con Interruttore dell'Aria, Tritarifiuti Alimentari da 560 W per Lavello, Tritarifiuti con Protezione da Sovraccarico, Pattumiera per Rifiuti Alimentari Adatt red",192.28,https://www.amazon.it/dp/B0G58VP545
2026-05-02,amazon.it,"Eco Logic el-10-ds-bk 10 designer Series Tritarifiuti alimentare con nero Sink flange, 1 – 1/4 HP",178.83,https://www.amazon.it/dp/B01N8Y6S0D
2026-05-02,amazon.it,"Tritarifiuti Per Rifiuti Alimentari Domestici Smaltimento Rifiuti Lavello Per Cucina Smaltitore Di Rifiuti Alimentari Smerigliatrice Per Alimenti Alimentazione Continua 4000 RPM 0,7 CV",386.96,https://www.amazon.it/dp/B0BG453YZT
2026-05-02,amazon.it,"Frigidaire Smaltimento dei rifiuti con filo da 1/3 HP per lavelli da cucina | FF03DISPC1, grigio",115.22,https://www.amazon.it/dp/B08SDQX77Q
2026-05-02,amazon.it,"Tritarifiuti Alimentari da 560 W, 3800 R/min, con 7 Livelli di Macinazione e Protezione da Sovratemperatura, Acciaio Inossidabile Serie Titanio, Tritarifiuti con capacità di 1200 Ml",338.81,https://www.amazon.it/dp/B0DRCM6GWY
2026-05-02,amazon.it,"Smaltimento rifiuti, Smaltimento rifiuti alimentari ad alimentazione continua, Tritarifiuti da cucina da 560 W, Processore for rifiuti da cucina con capacità 1200 ML con interruttore wireless Fornitur",367.22,https://www.amazon.it/dp/B0D1V1923R
2026-05-02,amazon.it,Insinkerator 14663 Trituratore stazionario,438.19,https://www.amazon.it/dp/B009Z295CI
2026-05-02,amazon.it,InSinkErator FH3020MBLK InSinkErator FH3020 Showroom Collection Distributore di acqua calda,544.04,https://www.amazon.it/dp/B097YZF3YY
2026-05-02,amazon.it,"Tritarifiuti, Smaltimento Rifiuti Alimentari ad Alimentazione Continua, Tritarifiuti da Cucina da 560 W con Collegamento for Lavastoviglie, Processore for Rifiuti da Cucina con Capacità 1200 ML con In",307.0,https://www.amazon.it/dp/B0D1TYM7YD
2026-05-02,amazon.it,"Tritarifiuti con riduzione del rumore, Smaltitore di rifiuti alimentari ad alimentazione continua da 0,7 HP 4000 giri/min, Tritarifiuti da cucina con attacco for lavastoviglie, Tritarifiuti da cucina",315.63,https://www.amazon.it/dp/B0D1R86W5L
2026-05-02,amazon.it,"InSinkErator H250SN-SS HOT250 (Instant Hot Water Dispenser, Nichel Satinato",395.52,https://www.amazon.it/dp/B0C6WFW1RP
2026-05-02,amazon.it,InSinkErator 11599H,203.94,https://www.amazon.it/dp/B000LE6YXC
2026-05-02,amazon.it,"Tritarifiuti con riduzione del rumore, Tritarifiuti alimentari con alimentazione continua da 0,75 HP, Tritarifiuti da cucina con attacco for lavastoviglie, Tritarifiuti alimentari da cucina ( Color :",397.63,https://www.amazon.it/dp/B0D1R878LS
2026-05-02,amazon.it,"Tritarifiuti con riduzione del rumore, Tritarifiuti alimentari con alimentazione continua da 0,75 HP, Tritarifiuti da cucina con attacco for lavastoviglie, Tritarifiuti alimentari da cucina ( Color :",397.63,https://www.amazon.it/dp/B0D1R7Z87N
2026-05-02,amazon.it,"InSinkErator STC-MTBLK Air Switch, Accessory, Matte Black",32.53,https://www.amazon.it/dp/B002YR47DI
2026-05-02,amazon.it,INSINKERATOR FDT-00 - Tubo di scarico,47.08,https://www.amazon.it/dp/B00084U29C
2026-05-02,amazon.it,Insinkerator,1268.28,https://www.amazon.it/dp/B07NDKT977
2026-05-02,amazon.it,"Insinkerator F-H3300Sn Indulge - Distributore di acqua calda istantanea, in nichel satinato",526.81,https://www.amazon.it/dp/B00716AEDY
2026-05-03,pentoleprofessionali.it,Insinkerator EVOLUTION PLUS 1000 EC (ex modello EVOLUTION 200) - Dissipatore per rifiuti,700.0,https://www.pentoleprofessionali.it/it/insinkerator-insinkerator-dissipatore-per-rifiuti-mod-evolution-plus-1000-ec-ex-modello-evolution-200-1974100
2026-05-03,pentoleprofessionali.it,Insinkerator Dissipatore per rifiuti mod. EVOLUTION PLUS 750 EC - ex modello EVOLUTION 100,582.0,https://www.pentoleprofessionali.it/it/insinkerator-insinkerator-dissipatore-per-rifiuti-mod-evolution-plus-750-ec-ex-modello-evolution-100-1974750
2026-05-03,pentoleprofessionali.it,Insinkerator Dissipatore per rifiuti mod. PREMIUM 700 EC - ex modello ISE66,397.0,https://www.pentoleprofessionali.it/it/insinkerator-insinkerator-dissipatore-per-rifiuti-mod-premium-700-ec-ex-modello-ise66-1974700
2026-05-03,pentoleprofessionali.it,Insinkerator Dissipatore per rifiuti mod. PREMIUM 550 EC - ex modello ISE56,236.0,https://www.pentoleprofessionali.it/it/insinkerator-insinkerator-dissipatore-per-rifiuti-mod-premium-plus-550-ec-ex-modello-ise56-1974550
2026-05-03,pentoleprofessionali.it,Insinkerator Dissipatore per rifiuti mod. Standard 460 SR (ex modello ISE46),235.0,https://www.pentoleprofessionali.it/it/insinkerator-dissipatore-per-rifiuti-mod-standard-460-sr-ex-modello-ise46-1976460
2026-05-03,bricobravo.com,Trade Shop - Decespugliatore A Batteria 48v Tagliabordi Elettrico Altezza Regolabile Per Giardini -,41.9,https://www.bricobravo.com/products/trade-shop-decespugliatore-a-batteria-21v-tagliabordi-elettrico-altezza-regolabile-per-giardini
2026-05-03,bricobravo.com,"Set salotto da esterno Arret, Salottino outdoor, Tavolo rettangolare allungabile con 8 sedie con braccioli, Made in Italy, Antracite",299.99,https://www.bricobravo.com/products/set-salotto-da-esterno-arret-salottino-outdoor-tavolo-rettangolare-allungabile-con-8-sedie-con-braccioli-made-in-italy-antracite
2026-05-03,bricobravo.com,Innoliving Ferro Da Stiro INN-681 con Generatore di Vapore Continuo,39.9,https://www.bricobravo.com/products/ferro-da-stiro-con-generatore-di-vapore-continuo-innoliving-inn-682
2026-05-03,bricobravo.com,Materasso Singolo 80x190 in Waterfoam  11 zone differenziate  Ortopedico,94.99,https://www.bricobravo.com/products/materasso-in-waterfoam-11-zone-differenziate-ortopedico-80x190-cod-etr6150
2026-05-03,bricobravo.com,Tritarifiuti Alimentari InSinkErator Advanced Evolution Plus 1000 EC,889.38,https://www.bricobravo.com/products/dissipatore-di-rifiuti-alimentari-insinkerator-advanced-evolution-plus-1000-ec
2026-05-03,bricobravo.com,Tritarifiuti Alimentari InSinkErator Power Premium 700 EC,483.12,https://www.bricobravo.com/products/dissipatore-di-rifiuti-alimentari-insinkerator-power-premium-700-ec
2026-05-03,bricobravo.com,Tritarifiuti Alimentari InSinkErator Power Premium 550 EC,315.98,https://www.bricobravo.com/products/dissipatore-di-rifiuti-alimentari-insinkerator-power-premium-550-ec
2026-05-03,bricobravo.com,"InSinkErator dissipatore Advanced Evolution Plus 1000 SR, 1 HP, SoundSeal, MultiFase 4 fasi, 980 ml, pulsante pneumatico",1168.49,https://www.bricobravo.com/products/insinkerator-dissipatore-advanced-evolution-plus-1000-sr-1-hp-soundseal-multifase-4-fasi-980-ml-pulsante-pneumatico
2026-05-03,opportunitycommerce.com,PRONTA CONSEGNA - Insinkerator Erogatore di acqua bollente e fredda 3N1 1975525 finitura cromato,366.01,https://www.opportunitycommerce.com/it/sistemi-per-il-trattamento-dell-acqua/9489-insinkerator-erogatore-di-acqua-bollente-e-fredda-3n1-1975525-finitura-cromato-1000019755259.html
2026-05-03,opportunitycommerce.com,Insinkerator Erogatore di acqua bollente e fredda HC3300 1975521 finitura cromato,706.01,https://www.opportunitycommerce.com/it/sistemi-per-il-trattamento-dell-acqua/9490-insinkerator-erogatore-di-acqua-bollente-e-fredda-hc3300-1975521-finitura-cromato-1000019755211.html
2026-05-03,opportunitycommerce.com,Insinkerator Erogatore di acqua bollente H3300 1975522 finitura cromato,501.63,https://www.opportunitycommerce.com/it/sistemi-per-il-trattamento-dell-acqua/9491-insinkerator-erogatore-di-acqua-bollente-h3300-1975522-finitura-cromato-50375017028.html
2026-05-03,opportunitycommerce.com,Insinkerator Erogatore di acqua bollente e fredda HC1100 1975518 finitura cromato,517.12,https://www.opportunitycommerce.com/it/sistemi-per-il-trattamento-dell-acqua/9492-insinkerator-erogatore-di-acqua-bollente-e-fredda-hc1100-1975518-finitura-cromato-1000019755181.html
2026-05-03,opportunitycommerce.com,Insinkerator Erogatore di acqua bollente GN1100 1975520 finitura cromato,383.97,https://www.opportunitycommerce.com/it/sistemi-per-il-trattamento-dell-acqua/9493-insinkerator-erogatore-di-acqua-bollente-gn1100-1975520-finitura-cromato-1000019755204.html
2026-05-03,opportunitycommerce.com,PRONTA CONSEGNA - Insinkerator Interruttore magnetico 1975077,165.04,https://www.opportunitycommerce.com/it/accessori-tritarifiuti/9498-insinkerator-interruttore-magnetico-1975077-1000019750773.html
2026-05-03,opportunitycommerce.com,Insinkerator IN Dissipatore 1972046 - Modello 46,179.23,https://www.opportunitycommerce.com/it/tritarifiuti/9501-insinkerator-in-dissipatore-1972046-modello-46-50375019978.html
2026-05-03,opportunitycommerce.com,Insinkerator IN Dissipatore 1971100 - Evolution 100,541.69,https://www.opportunitycommerce.com/it/tritarifiuti/9504-insinkerator-in-dissipatore-1971100-evolution-100-1000019711002.html
2026-05-03,opportunitycommerce.com,PRONTA CONSEGNA - Insinkerator IN Dissipatore 1976550 - Premium 550 SR,778.37,https://www.opportunitycommerce.com/it/tritarifiuti/36378-insinkerator-dissipatore-1976550-premium-550-sr-1230000104449.html
2026-05-03,opportunitycommerce.com,PRONTA CONSEGNA - Insinkerator IN Dissipatore 1976750 - Evolution Plus 750 SR,849.14,https://www.opportunitycommerce.com/it/tritarifiuti/36379-insinkerator-dissipatore-1976750-evolution-plus-750-sr-1230000104562.html
2026-05-03,opportunitycommerce.com,PRONTA CONSEGNA - Insinkerator IN Dissipatore 1976100 - Evolution Plus 1000 SR,1103.88,https://www.opportunitycommerce.com/it/tritarifiuti/36380-insinkerator-dissipatore-1976100-evolution-plus-1000-sr-1230000104623.html
2026-05-03,opportunitycommerce.com,PRONTA CONSEGNA - Insinkerator IN Dissipatore 1976460 - Standard 460 SR,307.69,https://www.opportunitycommerce.com/it/tritarifiuti/36381-insinkerator-dissipatore-1976460-standard-460-sr-1000019764602.html
2026-05-03,opportunitycommerce.com,Insinkerator Elemento riscaldante 1975556,857.01,https://www.opportunitycommerce.com/it/accessori-per-sistemi-di-trattamento-dell-acqua/36597-insinkerator-elemento-riscaldante-1975556-50375020905.html
2026-05-03,climaconvenienza.it,Tritarifiuti Alimentari InSinkErator Power Premium 700 EC,387.0,https://www.climaconvenienza.it/products/insinkerator-dissipatore-di-rifiuti-alimentari-insinkerator-power-premium-700-ec
2026-05-03,climaconvenienza.it,Tritarifiuti Alimentari InSinkErator Power Premium 550 EC,250.0,https://www.climaconvenienza.it/products/insinkerator-dissipatore-di-rifiuti-alimentari-insinkerator-power-premium-550-ec
2026-05-03,climaconvenienza.it,Tritarifiuti Alimentari InSinkErator Advanced Evolution Plus 1000 EC,720.0,https://www.climaconvenienza.it/products/insinkerator-dissipatore-di-rifiuti-alimentari-insinkerator-advanced-evolution-plus-1000-ec
2026-05-03,climaconvenienza.it,Miscelatore doccia ad incasso Nobili ABC cromato,89.0,https://www.climaconvenienza.it/products/nobili-miscelatore-doccia-ad-incasso-nobili-abc-cromato
2026-05-03,climaconvenienza.it,Miscelatore doccia ad incasso con deviatore Nobili YOYO,115.0,https://www.climaconvenienza.it/products/nobili-miscelatore-doccia-ad-incasso-con-deviatore-nobili-yoyo
2026-05-03,climaconvenienza.it,Box da Incasso Fondital Entry Level per Caldaia Ischia IN KC,165.0,https://www.climaconvenienza.it/products/fondital-box-da-incasso-fondital-entry-level-per-caldaia-ischia-in-kc
2026-05-03,climaconvenienza.it,Tritarifiuti Alimentari InSinkErator serie M Modello 56,219.0,https://www.climaconvenienza.it/products/in-sink-erator-dissipatore-di-rifiuti-alimentari-tritarifiuti-insinkerator-serie-m-mod-56
2026-05-03,climaconvenienza.it,Dissipatore di rifiuti alimentari Tritarifiuti InSinkErator Serie M Mod. 46,155.0,https://www.climaconvenienza.it/products/in-sink-erator-dissipatore-di-rifiuti-alimentari-tritarifiuti-insinkerator-serie-m-mod-46
2026-05-03,amazon.it,"InSinkErator Sistema di smaltimento dei rifiuti Alimentari, Acciaio Inossidabile, Rosso, 31,1 x 22 x 31,1 cm",504.2,https://www.amazon.it/dp/B0B3NB7M4P
2026-05-03,amazon.it,"Artist CNTR333 smaltimento rifiuti, Nero",282.83,https://www.amazon.it/dp/B083JCQWMJ
2026-05-03,amazon.it,"InSinkErator Badger 500, Smaltimento rifiuti da cucina ad alimentazione continua da 1/2 HP, serie Badger BADGER 500",168.93,https://www.amazon.it/dp/B0FLZNGPRP
2026-05-03,amazon.it,"InSinkErator in-Sink-ERATOR/MASTERPLUMBER MP 1/2HP Dissipatore Rifiuti, Acciaio Legato, 1",196.74,https://www.amazon.it/dp/B0009SNSN4
2026-05-03,amazon.it,Waste King - Tritarifuti da lavello,208.11,https://www.amazon.it/dp/B000LNIK6C
2026-05-03,amazon.it,"Dissipatore di rifiuti alimentari con interruttore dell'aria, 560 W per lo smaltimento dei rifiuti sotto il lavandino, capacità 1200 ml, 3400 giri/min, protezione dal rumore e protezione da",129.54,https://www.amazon.it/dp/B0FRF2SH4J
2026-05-03,amazon.it,Insinkerator 71498 - Pezzo di tritarifiuti,38.33,https://www.amazon.it/dp/B00AG2IWJI
2026-05-03,amazon.it,"InSinkErator Badger 5 Smaltimento dei rifiuti con cavo di alimentazione, serie standard 1/2 HP Dissipatore di rifiuti alimentari a alimentazione continua, tasso 5 W/C, senza dimensioni, nero/grigio",172.3,https://www.amazon.it/dp/B00PM8STLM
2026-05-03,amazon.it,"Tritarifiuti, Tritarifiuti Alimentari da 560 W, capacità 1200 ml con 7 Livelli di Macinazione e Protezione da Sovratemperatura, Detergente da 3800 Giri/Min, per sotto Il Lavello della Cucina",338.81,https://www.amazon.it/dp/B0DRCKG21N
2026-05-03,amazon.it,"InSinkErator pro750 Cord Pro Series 3/4 HP Food Waste Disposal with Evolution Series Technology, Power Cord included by Insinkerator",388.3,https://www.amazon.it/dp/B00DP0FQSI
2026-05-03,amazon.it,"Pulsante per lo smaltimento dei rifiuti, pulsante per lo smaltimento dei rifiuti con tubo dell'aria, interruttore superiore del lavandino per lo smaltimento dei rifiuti InSinkErator, argento",21.13,https://www.amazon.it/dp/B0CH3LLV9C
2026-05-03,amazon.it,"Tritarifiuti Per Rifiuti Alimentari Domestici Smaltimento Rifiuti Lavello Per Cucina Smaltitore Di Rifiuti Alimentari Smerigliatrice Per Alimenti Alimentazione Continua 4000 RPM 0,7 CV",386.96,https://www.amazon.it/dp/B0BG453YZT
2026-05-03,amazon.it,InSinkErator HWT300 InSinkErator HWT300 Serbatoio dell'acqua calda istantanea digitale,637.36,https://www.amazon.it/dp/B08P5Q17XT
2026-05-03,amazon.it,"Tritarifiuti Alimentari da 1,2 Litri con Interruttore dell'Aria, Tritarifiuti Alimentari da 560 W per Lavello, Tritarifiuti con Protezione da Sovraccarico, Pattumiera per Rifiuti Alimentari Adatt red",192.28,https://www.amazon.it/dp/B0G58VP545
2026-05-03,amazon.it,"Tritarifiuti Alimentari da 560 W, 3800 R/min, con 7 Livelli di Macinazione e Protezione da Sovratemperatura, Acciaio Inossidabile Serie Titanio, Tritarifiuti con capacità di 1200 Ml",338.81,https://www.amazon.it/dp/B0DRCM6GWY
2026-05-03,amazon.it,"Smaltimento rifiuti, Smaltimento rifiuti alimentari ad alimentazione continua, Tritarifiuti da cucina da 560 W, Processore for rifiuti da cucina con capacità 1200 ML con interruttore wireless Fornitur",367.22,https://www.amazon.it/dp/B0D1V1923R
2026-05-03,amazon.it,"Eco Logic el-10-ds-bk 10 designer Series Tritarifiuti alimentare con nero Sink flange, 1 – 1/4 HP",178.83,https://www.amazon.it/dp/B01N8Y6S0D
2026-05-03,amazon.it,"Frigidaire Smaltimento dei rifiuti con filo da 1/3 HP per lavelli da cucina | FF03DISPC1, grigio",115.22,https://www.amazon.it/dp/B08SDQX77Q
2026-05-03,amazon.it,"Tritarifiuti, Smaltimento Rifiuti Alimentari ad Alimentazione Continua, Tritarifiuti da Cucina da 560 W con Collegamento for Lavastoviglie, Processore for Rifiuti da Cucina con Capacità 1200 ML con In",307.0,https://www.amazon.it/dp/B0D1TYM7YD
2026-05-03,amazon.it,"Tritarifiuti con riduzione del rumore, Smaltitore di rifiuti alimentari ad alimentazione continua da 0,7 HP 4000 giri/min, Tritarifiuti da cucina con attacco for lavastoviglie, Tritarifiuti da cucina",315.63,https://www.amazon.it/dp/B0D1R86W5L
2026-05-03,amazon.it,Insinkerator 14663 Trituratore stazionario,438.19,https://www.amazon.it/dp/B009Z295CI
2026-05-03,amazon.it,InSinkErator FH3020MBLK InSinkErator FH3020 Showroom Collection Distributore di acqua calda,544.04,https://www.amazon.it/dp/B097YZF3YY
2026-05-03,amazon.it,"InSinkErator H250SN-SS HOT250 (Instant Hot Water Dispenser, Nichel Satinato",395.52,https://www.amazon.it/dp/B0C6WFW1RP
2026-05-03,amazon.it,"Tritarifiuti con riduzione del rumore, Tritarifiuti alimentari con alimentazione continua da 0,75 HP, Tritarifiuti da cucina con attacco for lavastoviglie, Tritarifiuti alimentari da cucina ( Color :",397.63,https://www.amazon.it/dp/B0D1R878LS
2026-05-03,amazon.it,"Tritarifiuti con riduzione del rumore, Tritarifiuti alimentari con alimentazione continua da 0,75 HP, Tritarifiuti da cucina con attacco for lavastoviglie, Tritarifiuti alimentari da cucina ( Color :",397.63,https://www.amazon.it/dp/B0D1R7Z87N
2026-05-03,amazon.it,InSinkErator 11599H,139.14,https://www.amazon.it/dp/B000LE6YXC
2026-05-03,amazon.it,"InSinkErator STC-MTBLK Air Switch, Accessory, Matte Black",32.53,https://www.amazon.it/dp/B002YR47DI
2026-05-03,amazon.it,"Insinkerator STC-SN Sink Top Button, Satin Nickel by InSinkErator",40.42,https://www.amazon.it/dp/B0012QMXVU
2026-05-03,amazon.it,INSINKERATOR FDT-00 - Tubo di scarico,47.08,https://www.amazon.it/dp/B00084U29C
2026-05-03,amazon.it,Insinkerator,1268.28,https://www.amazon.it/dp/B07NDKT977
2026-05-03,amazon.it,"Insinkerator F-H3300Sn Indulge - Distributore di acqua calda istantanea, in nichel satinato",526.81,https://www.amazon.it/dp/B00716AEDY
